valor,hora,distancia_ultima_transacao,tentativas_senha,dispositivo_novo,pais_diferente,valor_medio_cliente,num_transacoes_24h,fraude
1258.7591992648902,6,13.018394331309711,1,0,0,173.57966234420837,3,0
31.910462256070815,15,4.226719791141897,1,0,0,85.57515068208687,5,0
63.47735346120362,18,0.7598933588621963,1,1,0,29.751715045766062,6,0
90.1629899017226,13,2.065613622467487,1,0,0,303.504361333225,4,0
263.57369459723594,7,6.746833044875661,2,0,0,83.84207261897384,7,0
35.66287016330878,6,1.0906821729692366,1,0,0,45.6791791414519,5,0
113.93345593651068,15,1.1400513852845304,1,0,0,66.32528582982492,1,0
104.528116189722,16,5.2958321927858965,1,1,0,230.31232034797833,1,0
178.25451775121314,7,12.058433445719029,1,1,0,42.539563362792855,2,0
85.1532267347839,22,6.894004674194408,2,0,0,84.86389431503457,1,0
520.857086673429,15,1.9111361128488655,1,1,0,76.48902332396622,4,0
142.7475995019688,14,8.392025285555402,2,0,0,18.992141044109353,2,0
27.12008873238064,16,2.70402028449449,1,0,0,149.07828572652707,2,0
278.17204335624746,15,1.1172369654799368,1,0,0,27.021142881477054,1,0
129.10782286859626,8,1.6129996888087161,1,0,0,76.9826585412108,4,0
36.93838064783027,16,0.34661236553821745,1,0,0,108.1900130902546,1,0
169.4879556368853,21,2.9176722529167733,1,0,0,65.33838904467575,3,0
861.5775650047557,2,438.0367316764876,3,1,1,74.8837313046019,14,1
134.1545049171615,8,14.377236971039483,1,0,0,121.75083787786306,2,0
139.2049948382807,22,22.4856050703617,1,0,0,30.123131211089266,1,0
1929.6801297095253,1,496.5181315826184,2,1,0,224.12216430622559,25,1
226.25215602444868,6,15.976610978274053,2,0,0,55.475698608566255,3,0
203.15736183514517,20,6.129103182042583,1,1,0,82.92690907409686,5,0
328.72024591371263,22,0.17135208389061105,1,0,0,170.37853687299182,3,0
23.69797006222221,19,11.481332456295895,1,0,0,33.88197243613748,1,0
563.1314285267401,0,701.0828888892497,5,1,1,45.450593793761435,25,1
171.60847705996403,18,0.3464887594966765,1,0,0,410.9107534467757,3,0
343.2956874347995,8,0.8805890360676866,1,0,0,115.27408252603126,3,0
72.54542182893765,12,4.330201635507851,2,1,0,25.407328708814752,5,0
101.64242980922741,9,10.497725060774917,1,0,0,473.53968857446534,4,0
163.22947379155858,13,2.2704824306153064,1,1,0,118.37877175874749,3,0
99.02221307301566,16,10.19921772608885,2,0,0,174.6253234018439,0,0
317.8308275970658,16,20.823501541022466,1,0,0,361.91607431155495,2,0
139.00399115882408,6,10.633381317134475,1,1,0,419.7987343309972,1,0
95.25053668370751,15,2.223914624802185,1,0,0,89.6292381819926,1,0
77.55836038793687,8,0.22368835813906945,1,0,0,257.3636977551109,1,0
420.0290937954692,13,2.1166989587432763,1,0,0,54.65579778576741,4,0
225.39669688843006,20,4.430241925740276,1,0,0,141.8777858544818,2,0
98.16970840706048,8,2.4145194092328834,1,0,0,32.56451577753949,2,0
18.762415374193022,17,10.949364258901648,1,0,0,33.23280997340804,3,0
143.8797783272827,15,0.8065021170570488,2,0,0,72.77111243624523,5,0
26.55336150493705,6,20.15777414965485,1,0,0,76.13680541015732,6,0
23.95915317058261,15,4.643517115489079,1,0,0,51.12801507371967,1,0
13.921903384167683,6,5.059757509490841,1,0,0,161.62917855192376,3,0
33.206148084014345,12,2.9852824509595677,1,0,0,15.597078954560791,2,0
109.60261523573224,20,10.235931759083359,2,0,0,43.7293164057039,1,0
68.0670015310552,15,4.416305153738414,1,0,0,12.59295174870889,5,0
23.6479057950282,10,1.777925529333206,2,0,0,40.74213460966451,6,0
464.03711087933516,19,9.648786320768554,1,0,0,308.5315900900129,4,0
662.2661336871706,12,0.3560101916966817,1,0,0,147.80509832616565,4,0
15.083848485739933,11,16.704032373553627,1,0,0,30.742357593565135,3,0
32.98062827213212,8,2.6334723908599016,1,0,0,96.84191921977764,2,0
158.66129757602178,14,7.689679904016464,1,0,0,137.0599439028012,0,0
34.93569912646551,11,5.364586579746392,1,0,0,114.20280255309379,3,0
141.67117631401518,11,2.4117052641947074,1,0,0,37.61020096210599,2,0
401.6006734297243,22,3.337919791712878,1,0,0,87.47564361011355,6,0
73.21415087907924,14,4.108351927946948,2,0,0,62.59696501614991,5,0
331.9428079248154,15,14.943532184643667,1,1,0,317.9716020534357,6,0
138.78969826988924,14,7.5187859686715885,1,0,0,83.50349211697215,1,0
86.24366627208101,10,6.348030218042524,1,0,0,29.887231155842343,2,0
156.03059331635316,15,4.314841422473234,1,0,0,163.1584158730596,3,0
252.20687769843062,8,9.775501165930923,1,0,0,71.75491806075405,3,0
36.76594610160847,19,0.6180684735247569,1,0,0,60.95301257159665,2,0
107.18730443353843,18,2.344128669372016,1,0,0,85.34853343322628,2,0
24.24386916908109,17,1.0303359877045066,1,0,0,131.3750256211653,1,0
169.3921284721632,7,5.007537225076621,1,0,0,79.6474799748428,6,0
77.41358549877792,7,2.0299151186086406,1,0,0,75.6773115603326,2,0
126.03794916564293,9,5.3865118800072445,1,0,0,193.91913178607751,7,0
62.5788089164473,17,9.809591437999982,1,0,0,131.14466777856768,3,0
35.286259017993515,9,2.14028216979141,1,1,0,89.99398008997126,2,0
111.08581827655256,6,0.7489427163970258,1,0,0,54.321363723856926,2,0
92.73594369048868,11,0.3125572662761976,1,0,0,63.260396483283316,4,0
66.85444537719982,15,1.2090305823109035,1,0,0,13.49617668227517,4,0
149.64542158453855,16,3.19896143265081,1,0,0,75.63451926862939,0,0
111.57680447859471,10,9.812045826834154,1,0,0,64.27255003540358,4,0
191.91106566456926,15,1.3446436631814132,1,0,0,43.38625130542514,6,0
45.55627352419362,16,1.3107177706552369,1,1,0,79.91928366766095,5,0
35.68062207356479,9,0.1643058437095997,2,0,0,90.71366663225508,4,0
135.0741769829255,18,12.04030146838172,2,0,0,41.364401313269006,4,0
95.57704061339327,9,1.9717408064147304,1,0,0,136.09867515643222,3,0
15.728386095512034,15,3.3346889251141194,1,0,0,168.2900037204354,0,0
25.750668187689396,13,0.6321684220806001,1,0,0,127.13957872424851,2,0
68.38508185666787,22,4.039816010849578,1,0,0,61.78815117117597,7,0
162.60911311459483,8,7.408496074024679,1,0,0,116.37209894951073,4,0
307.3632305512708,12,9.087475009338993,1,1,0,223.7829318953536,6,0
144.0332516806329,11,13.559391525975366,1,1,0,43.959190693263466,2,0
260.1792885907259,14,8.79666941510626,2,0,0,64.1187518937838,0,0
146.35516277460144,16,7.3137440616444795,2,0,0,147.46952762884916,8,0
263.3312386876027,22,2.08996925180866,1,0,0,38.2698171774316,5,0
219.49817137287656,7,0.1605613996127657,1,0,0,41.03161377059435,3,0
19.809656062650966,11,10.099581573699579,1,0,0,261.8688761113122,0,0
21.243998945577246,17,3.482234047735627,1,0,0,178.1277572316953,3,0
38.925054583753415,22,0.6345092346414315,1,0,0,30.20143151814577,5,0
87.74596944221055,20,20.671456151135196,1,1,0,269.8849124114012,3,0
31.86334148233301,19,3.136377721505463,1,1,0,208.3127705962772,5,0
37.14210805013196,14,15.921588684396449,1,0,0,120.93021984843966,1,0
450.4706749517229,14,2.2991720420779305,1,0,0,119.80069285314705,5,0
288.7597117810398,19,10.569257458230862,1,0,0,109.41802461860175,0,0
65.9609225202084,22,15.238389103902424,1,0,0,125.72534977302969,3,0
486.6513997846953,17,7.878630602815695,1,0,0,46.9591884563636,3,0
284.08495373104216,10,7.174716489340445,1,0,0,132.03155351206826,3,0
134.04120666748076,8,10.24833203704905,2,0,0,111.61194557906694,4,0
61.97504190363151,17,3.7133565016561936,2,0,0,162.1620804969212,4,0
55.170553119813555,17,6.497041392755023,1,0,0,85.09910317551434,3,0
38.44066605023059,9,0.3842299177803871,1,0,0,141.60313099371223,4,0
32.61935448853062,19,17.988038890635874,1,0,0,46.6805247088002,3,0
199.03659863478146,13,3.052468806485255,1,1,0,169.6023207009974,2,0
666.7582041309713,9,0.2727456673305202,1,0,0,40.477593776142065,6,0
91.29612610013405,12,12.080396759831412,2,0,0,330.57151982020474,2,0
181.05999133722804,13,1.8365632324063461,1,0,0,67.5967398434946,3,0
91.1989491355104,16,1.6050183232892754,1,0,0,39.71725694541857,1,0
20.237508317416967,8,21.63335249239021,2,0,0,136.27156999133766,1,0
144.40622657338986,8,2.594505787256338,1,0,0,48.67169653866116,2,0
28.70281171898519,14,0.026583095693264672,1,0,0,76.98693839640481,2,0
37.554782363692574,16,23.965380726199584,1,0,0,128.66595955943856,2,0
133.393985999842,7,0.14295165790404668,1,0,0,58.29545891849135,6,0
11.377347129072167,10,3.6451447614766974,1,0,0,155.49004027824776,3,0
44.559419799383875,8,1.31407131001871,1,0,0,73.54298337047747,1,0
10.45057582881686,17,4.064773078858589,1,0,0,62.08416025476279,5,0
44.49031675084874,20,7.101537987386561,1,0,0,222.8721887549569,1,0
49.82940492714752,22,11.531027562408976,1,1,0,186.23855284813192,1,0
576.3109948250525,22,12.496824385486317,1,0,0,106.82798577814333,3,0
68.69171539195183,19,6.55080417409436,1,0,1,120.66052248838342,4,0
238.8207755844967,20,4.173728648372029,1,0,0,18.74719217104134,2,0
53.54934836901495,16,2.7206024072643933,1,0,0,145.62681599066096,5,0
73.8328920182885,16,1.948082717383912,1,0,0,38.8361610145054,1,0
60.07552837357346,18,1.0089823478927473,2,0,0,71.83786767571759,5,0
44.7817336562557,13,5.704542298193713,2,0,0,91.9538543097906,4,0
136.57488368025003,11,22.637044022622796,2,0,0,22.72308873541409,5,0
74.79210573601398,11,8.977309251339843,2,0,0,16.049422742228387,4,0
149.24031412994302,16,3.5375215485013722,1,0,0,180.79799561613643,1,0
147.11398072539546,11,7.890231752149644,1,0,0,96.11703824417538,1,0
117.97312281648227,10,2.9293019004531513,1,0,0,696.3799543743219,4,0
67.70520513447772,20,1.2803701832891567,1,0,0,36.929635735820455,7,0
121.1658203813729,8,6.5520435120557305,2,1,0,115.50909141546416,1,0
132.18589425004993,17,0.17476757051910152,1,0,0,50.970441186529015,6,0
121.0399040860629,17,0.8660811643875461,1,0,0,70.61095253896413,0,0
117.68957380999618,11,0.5397039677619407,1,0,0,105.34023195609264,7,0
43.95549652261849,6,3.0563309410603785,1,0,0,159.1324053070001,4,0
58.91518855788297,18,18.190798136252457,1,0,0,82.57737261082806,2,0
190.93499555050175,14,11.813814593253671,1,0,0,52.40333844736942,4,0
40.71270761450029,16,2.4212006103485937,1,0,0,46.588375349293734,3,0
103.99329976464676,7,2.759328384770276,1,0,0,233.9261531936464,4,0
31.25842910101931,17,30.751187598115465,1,0,0,22.811748375903015,3,0
17.19769370328399,14,0.036201015618149375,1,0,0,201.35136303126134,2,0
140.09445422626143,20,7.518691061073781,1,0,0,48.934591806165784,1,0
27.373961855354953,21,2.0804439569184585,1,0,0,62.97058533931696,4,0
56.390392524770064,11,2.53112146179782,1,0,0,85.36912332964212,2,0
229.13696180104927,16,5.079198186410999,2,0,0,27.067258199337342,4,0
30.382710127791125,20,2.6495068219663045,2,0,0,63.81515468117178,3,0
207.92022788006005,7,0.02496413517110896,2,0,0,152.8159186023431,4,0
203.8340543500206,13,19.347722972019348,1,0,0,87.4223631349176,4,0
79.54087605405896,7,2.387358379658531,1,0,0,41.05518092926499,0,0
175.09602443764106,22,4.015047165856675,1,0,0,167.3692982276506,1,0
185.70075969205294,12,2.9161999927916673,1,0,0,59.04495543419624,3,0
29.205149083352605,15,1.3617913908998978,2,0,0,63.30839727994412,2,0
33.82699538320204,9,5.486287136733049,1,0,0,129.32291593883414,1,0
573.7984398179294,20,7.5482235735937095,1,1,0,80.28383077899366,1,0
24.07157061639411,21,3.020878403265246,1,0,0,23.963367124109535,3,0
45.3187504580434,9,0.25034322646290624,1,0,0,133.06146562659998,2,0
67.24255124604153,7,2.847582184864383,1,0,0,68.7478641412866,5,0
33.59779363805716,6,0.008376032294092303,1,0,0,67.27097182154876,3,0
41.44608373270533,10,4.278633947003075,1,0,0,98.66908646432908,3,0
144.4014809673978,21,3.0075162634755905,1,0,0,198.98028682312753,2,0
78.70611384158549,10,3.217201788149355,2,0,0,96.18011706191827,2,0
593.5882523907754,9,4.379302489982703,2,0,0,37.13515000309437,3,0
72.47001932461121,22,1.2323671415426025,1,0,0,58.62387942654286,2,0
29.277079759357434,14,3.034743150314716,1,0,0,346.81898389550605,2,0
8.28864330463114,15,1.639786849720212,1,0,0,160.50349074323512,5,0
12.552202928034848,10,0.5461252708104418,1,0,0,60.671767434144,4,0
45.51380797980541,22,5.0385613184409115,2,0,0,56.20809609758389,3,0
157.38503935916114,14,5.2900267881483165,1,0,0,141.20926052801934,3,0
634.6712817188351,9,2.1676238661767457,1,0,0,92.62852052643228,2,0
179.00733007222863,14,3.9494718074270505,1,1,0,72.94599092966142,4,0
151.31239098587352,20,0.9864120016466636,1,0,0,173.0167031171137,3,0
88.15515667829649,8,0.5886115589381722,1,0,0,78.49788896226804,3,0
180.8925615698588,17,16.052376216634315,1,0,0,45.2961331106172,3,0
19.200639631002844,20,0.3192117226957001,1,1,0,40.47467781411302,5,0
35.31838681356513,13,0.7498271587277706,1,0,0,121.01410455832008,4,0
149.26681846739933,7,9.1731070809478,2,0,0,175.0795666900176,3,0
38.43716843001101,21,0.6779337925656426,1,0,0,122.83128203004375,3,0
44.394137925321694,9,10.704506649957331,2,0,0,117.47247306036697,1,0
49.21217581338887,13,6.4873106124783035,1,0,0,113.39471491668127,2,0
138.28832577807202,21,1.4786277946554984,1,0,0,18.659612410894997,1,0
49.30648224302126,20,6.774426225889658,2,1,0,50.65759696001002,3,0
165.38352429364826,16,8.690639131110494,2,0,0,44.73195478833209,3,0
144.23852562100774,6,12.201990649745182,1,0,0,32.62009486470831,3,0
325.8320736002785,11,15.599640991887583,1,0,0,217.13762259215858,5,0
198.417202263984,9,0.44051103065297054,1,0,0,76.91531682316737,2,0
134.1738187673002,14,3.8207512836534536,1,0,0,103.34158626371288,5,0
75.99940882725859,22,5.427446560464594,1,0,0,58.08293931859577,2,0
53.882386071758404,21,0.7447678307858212,1,1,0,248.63419652709467,2,0
228.0146736028544,6,21.828965281678443,1,0,0,52.475399898007794,2,0
57.396719033928456,19,4.006008933854635,2,0,0,88.81527411008503,6,0
44.81916204016258,16,11.973098595184574,1,1,0,70.66495672857891,2,0
59.29764654871063,22,7.458872411510606,1,0,0,77.58292949542069,5,0
97.12563934923108,13,3.9156245382439825,1,0,0,80.56777955769323,4,0
49.08220825416771,19,9.10170259006575,1,0,0,64.81394940780848,5,0
102.31992404177362,12,7.076210499891957,1,0,0,138.90504365422026,1,0
247.0206134962003,9,6.242705136356596,1,0,0,51.24072609116256,3,0
38.61209998801371,16,5.013847607974662,1,1,0,259.7933557548847,2,0
63.83128818039387,6,14.630391618394516,1,0,0,98.55782745392551,3,0
195.31898711917773,17,8.805666499723701,1,0,0,38.05467666790696,5,0
161.76841903779484,14,14.250724599978424,1,0,0,247.7180146097741,3,0
55.113118106097176,9,0.46856425798583784,1,0,0,26.970409785241507,7,0
30.522130064192226,13,4.068644744351676,1,1,0,320.96472944142295,3,0
68.14426707125463,12,1.6612370761702888,1,0,0,24.16024927775005,1,0
99.41791267541954,17,12.65121370727317,1,0,0,12.505526364510322,4,0
1192.221509128146,20,17.297561998792208,1,0,0,78.85813528986287,1,0
270.09583811211127,10,1.6298552768048773,2,0,0,60.46897810812111,2,0
11.872112077712874,17,8.929061347313912,1,0,0,107.3350785145613,3,0
75.59212070827802,8,1.5347097421745182,1,1,0,60.076326187152375,4,0
192.38528182532346,14,17.8243044479466,2,0,0,132.9355622880914,4,0
124.36828294320527,15,2.700472512193135,1,0,0,22.283455980775937,4,0
129.99687484861684,22,12.761640220150557,2,0,0,464.0078012065146,2,0
82.87241487698303,7,4.9272803653726625,2,0,0,214.23533328990123,4,0
26.838555642000085,11,1.5467955341636883,2,0,0,314.9669217216901,5,0
82.3893174090506,7,8.01801460802058,1,0,0,90.6825173251276,2,0
67.32680967260046,10,2.122115092097933,2,0,0,59.22724641484158,1,0
126.7653620191814,12,2.9942308335777943,1,0,0,82.43343319662634,4,0
57.519404191095795,6,6.7871142711404,1,0,0,81.14543412691523,1,0
195.04688911639715,12,7.594058013828664,1,0,0,37.47344362666812,1,0
57.59046139374001,21,8.830234753445417,2,0,0,121.41223606037224,3,0
41.68022388456486,13,1.3801566303743886,1,0,0,183.13923332590397,1,0
74.63948749662003,10,1.3639117565344065,1,0,0,445.6191432233629,5,0
8.273603368551482,13,8.475331814861839,2,0,0,295.21929868928953,0,0
87.09284523983182,19,11.261529603689649,1,0,0,75.37758603608847,3,0
165.527197895699,14,3.797764850074442,2,0,0,65.85828811384702,3,0
873.4358794809091,15,4.143752599538,1,0,0,40.31214275945501,7,0
48.435250839110175,9,3.6354373644639586,1,0,0,121.60544274745018,3,0
159.13728864078502,8,1.4663755286773035,1,0,0,40.136935312896576,4,0
424.60187939133914,22,2.740307007380623,1,0,0,99.70346632255264,2,0
33.36214897965522,11,7.417617847058118,2,0,0,106.67853516215894,5,0
71.99001974555301,16,2.567862704495191,1,0,1,194.85550758539696,0,0
107.36023074687586,6,1.9649054864797164,2,1,0,38.16434382438204,3,0
252.0028900573077,12,2.920856115049112,1,0,0,399.64114049456555,5,0
214.87742100719984,11,1.10974897512029,1,0,0,26.429506579250525,5,0
191.86436306058408,6,6.617513516376539,2,0,0,11.33158957116206,4,0
102.44929637775351,14,2.8079837980765228,2,0,0,20.01776575489413,0,0
117.62191720589357,15,11.179496646787808,1,0,0,63.99514506554823,3,0
504.25128120604256,21,5.585807955161247,2,0,0,86.55938724361648,2,0
45.83582456970321,10,2.646253594431406,1,0,0,164.9154191187141,2,0
72.26414686335647,16,5.608163370055306,1,0,0,394.0865462934193,2,0
53.92670227993589,21,10.553829430854972,1,0,0,245.08822389094027,5,0
17.929342241161656,19,4.541342823478263,1,0,0,86.14671620250347,3,0
394.46486769795297,16,8.021677013010576,2,0,0,39.049002800227115,2,0
22.57084937471202,21,1.2724714265202826,1,1,0,325.2398488352149,3,0
25.29658745547974,9,9.716149525900361,1,0,0,116.63254757620031,1,0
254.26546296124084,21,7.870107812746287,1,0,0,62.8640747885818,6,0
38.64150259049785,13,0.5822793116095537,2,1,0,81.47670278976881,5,0
211.31480265781929,11,3.7656370996833517,1,0,0,30.965617469282137,3,0
44.609502912757705,19,1.0412335589863115,1,0,0,55.581217933481604,3,0
120.56015525733534,7,0.362087010217435,1,0,0,80.48906528356427,4,0
513.3415877265096,7,18.76218549338367,1,0,0,202.52243085372777,3,0
156.3169961099093,20,4.717120965667043,1,0,0,91.53276544042737,6,0
54.1038958182923,18,2.2222705908685687,1,0,0,113.54435636800731,5,0
34.11972762102069,10,0.2287912225759087,1,0,0,136.47070260275262,1,0
140.7103624706904,10,8.275724217257403,2,0,0,32.669985076654996,5,0
80.86129134260575,6,30.613665234849798,1,0,0,298.93523476108464,2,0
83.45723923149096,11,9.861515675115518,1,0,0,163.78725884528444,2,0
69.66647246774095,9,1.8427422685067418,1,0,0,223.70404565258139,6,0
105.70476162555973,10,4.7805173816016895,2,0,0,79.31539086294462,5,0
35.17849057948289,20,12.543963262495145,1,0,0,170.04039872481485,6,0
32.15694647280265,19,0.4468997601206124,2,0,0,54.084690722858916,3,0
21.326471988197,13,4.083800747916157,2,0,0,27.508104908481616,2,0
21.40760290938959,16,2.6591921748083758,2,0,0,72.86382286967424,4,0
11.332161327304863,9,10.27477728965614,1,0,0,183.10740759789965,3,0
97.79100217601832,15,1.3062798253978527,1,0,0,204.1941340342095,1,0
130.75803571912445,21,1.1197480508750401,1,0,0,41.95720792136149,1,0
7.970599740555763,17,3.168711356993408,1,1,0,170.1002852894261,3,0
427.8570671275724,6,1.86709167506215,1,0,0,22.919426048200325,2,0
220.6984592480373,6,9.986679251630001,1,0,0,98.88968278970776,8,0
13.91962080055884,12,1.272672389904847,2,0,0,24.831090038821415,2,0
491.5795508571083,17,18.830886687473473,1,0,0,24.148994295826967,4,0
30.537134254793365,8,5.200131827311335,1,1,0,145.86538778995074,2,0
33.83215257729011,16,10.047929770534456,1,0,0,39.37894726609087,1,0
24.21643342991825,14,4.119476715124485,1,0,0,153.4377056618865,3,0
222.27933153268734,7,1.1490701493137903,1,0,1,39.85849396946258,2,0
36.175521840024146,19,4.093781656005514,1,0,0,36.12000894681667,3,0
268.30027542373375,7,3.115320893682039,1,0,0,107.86756988945645,4,0
162.33128744995955,20,5.795671711621412,2,0,0,53.25085319304085,4,0
52.99723785406293,21,5.108737148871876,1,0,0,67.93179634715365,2,0
86.95891451494329,21,3.2938871837411945,1,0,0,37.37262295013697,1,0
286.16874422269393,18,5.668469200021463,2,0,0,290.9515735091327,2,0
15.80892660931724,21,12.138041439693794,1,0,0,261.6580960038942,2,0
129.7695241788942,7,5.554012411251705,1,0,0,27.24985575465941,7,0
48.07135906111742,22,0.8191794279555298,1,0,0,111.14504088110198,2,0
219.77347093439738,10,4.0291882068642355,2,0,0,107.70981992801845,1,0
127.7148474603837,14,2.373776263501364,1,0,0,365.9598621487182,0,0
231.79877442529502,15,12.843254170147452,1,1,0,120.88877149155977,0,0
90.6823446328258,16,0.859191868572804,1,0,0,73.81678198658366,0,0
93.55553047127593,17,1.0136959270844812,1,0,0,77.1953107481605,4,0
34.11471015419981,7,5.7603073627660875,1,0,0,77.69537380409346,2,0
39.31094485810223,18,9.070370817011488,1,0,0,61.5793108136883,5,0
60.05162569883093,11,1.5459359326292006,2,0,0,98.34562586805293,2,0
88.56855477812915,16,0.11095955702073157,1,0,0,182.55973934050994,1,0
57.82439278912796,19,5.639639228004239,2,0,0,133.67846260151651,3,0
19.4428953008283,10,36.09615833095791,1,0,0,461.60921574842723,1,0
420.7799245924442,21,0.02305458425063177,2,0,0,518.3385031487028,4,0
385.90857120961255,12,1.5926107755339807,1,1,0,129.7365291653633,2,0
296.26688352639775,21,8.750654210171923,2,0,0,25.027296573283255,3,0
65.19091776571435,20,11.558071418392302,2,0,0,158.54944233734886,2,0
144.48063045417513,13,4.575275481294255,1,0,0,33.29717627845795,4,0
147.14661235768693,7,12.10918046055962,2,0,0,65.61199650330742,3,0
116.4602939819551,13,10.775758272719658,1,0,0,130.62115983965236,2,0
182.55150631920796,21,5.006139228116351,1,0,0,135.9423823049237,2,0
87.14025649423213,14,0.3596107638618886,1,0,0,114.88085373026757,4,0
137.23803954236584,21,15.32881424497786,1,0,0,344.99302407243584,4,0
83.7971284828032,20,28.1320685547411,1,1,0,55.89021460735177,4,0
195.412971469502,10,1.3186302795694191,2,0,0,169.38516356738407,9,0
36.331075180266254,9,4.3520236588088865,1,1,0,84.30805929634622,3,0
21.18941567641187,21,1.5411788336666,1,0,0,159.23981505387601,1,0
475.31905810029707,19,4.967872821703353,1,0,0,170.20625957294848,6,0
339.7350516434948,8,3.3689782959555457,1,0,0,303.1246608290088,2,0
345.64769927958116,16,3.682690532581305,1,0,0,70.29694736087588,1,0
135.51264247068744,9,2.71905955116829,2,0,0,14.765201588552756,6,0
40.28791649960407,7,0.535094273092549,1,1,0,22.200238278030163,3,0
133.94068108359525,18,4.2729879885317725,1,0,0,46.773568797857855,3,0
11.594438161919074,17,4.665430290476832,1,0,0,36.96873235851639,1,0
80.94791393215228,15,2.2789032864838084,1,0,0,238.64182056386505,2,0
41.57328976767706,10,1.3392243036205556,1,0,0,56.42682564797863,0,0
55.602826089160466,12,0.05025064621611553,1,0,0,163.99566914122477,2,0
24.0256412301931,21,1.7456826935034206,2,0,0,264.6301305266992,5,0
1102.6249181609292,6,8.772332787539375,1,0,0,515.6293574535223,3,0
348.20818542951946,6,11.132327278263833,1,0,0,143.69356881269624,4,0
20.175287482599398,16,2.9052362603261606,1,0,0,192.34469416692735,3,0
70.59355145188815,14,1.768619067008455,2,0,0,139.4427067180628,0,0
45.60929166122915,21,8.35539889109241,1,0,0,112.77791170424763,3,0
43.60356513659145,16,9.73558222362666,1,0,0,355.6346255969827,4,0
151.10799447621827,8,16.180447422034252,1,0,0,96.53178520886799,2,0
160.7150905140385,13,3.77595450267779,1,1,0,119.19946090626001,2,0
167.14911162636102,11,24.722738963490038,1,0,0,130.1084584451513,4,0
42.44499277224889,6,13.209376272064597,1,0,0,84.50140576855952,0,0
55.05671382289053,11,1.4606860468709564,1,0,0,41.535805692643514,2,0
326.50119949362715,10,1.1866012946259668,2,0,0,52.332762717315646,4,0
72.12952076270813,12,1.6184655073154524,1,0,0,48.39626061801328,5,0
12.484804050101024,19,4.4150858630947,1,1,0,21.58672285750288,4,0
143.2012864567914,8,1.0835449764714626,2,0,0,205.48676089500873,1,0
116.4661714941124,19,1.7530403241760097,2,1,0,234.5113010313444,3,0
117.66523933172527,14,0.17619105291046794,2,1,0,90.6347518069802,6,0
32.07361457118126,18,11.38521932343547,1,0,0,72.3709380473689,4,0
53.58997422368057,9,10.56610832900991,1,0,0,139.92210207381612,2,0
85.63720665291704,21,3.33552653863505,1,0,0,12.196068839235402,5,0
188.65954686895873,16,10.467471150881327,1,0,0,136.83353818319657,2,0
19.48647946023534,17,5.182492660533429,1,1,0,72.95305081825829,4,0
101.76541544526162,6,7.8661302762479846,2,0,0,36.90367734122257,2,0
91.77879114892322,8,6.936461888059941,1,0,0,117.4655957094741,4,0
136.28993098818853,12,11.758611614010494,2,0,0,116.07251640976934,5,0
290.37338598860777,19,7.753947678194494,1,0,0,108.25122555540626,3,0
72.66426254196607,15,4.738569231974582,1,0,0,63.475980892257816,4,0
130.6664883535281,15,3.7888149017569592,2,0,0,64.28093361583035,3,0
384.13783678108064,8,1.0308617398864615,2,1,0,61.655740615752386,4,0
232.85683861564237,22,12.665259412464675,1,0,0,15.279464430172704,1,0
111.40772037044856,16,2.898156867606372,1,0,0,89.94616176020298,2,0
78.98037518863161,19,3.061384712447972,1,0,0,38.78956246233843,4,0
327.91200321809896,11,0.7325847334699708,1,0,0,98.87366924170709,3,0
63.200628165629254,20,7.602694066321593,1,0,0,187.54365165986624,0,0
30.043059853982037,6,10.068190479419567,1,0,0,70.40137802740523,1,0
94.118268369062,6,2.421564665785615,2,0,0,68.66802308276608,0,0
25.728685984268896,14,10.82529118058001,2,0,0,21.024432958239448,2,0
659.5470438440368,18,7.920119168706456,1,1,0,30.05070592866947,2,0
73.44514925040346,20,7.069598644647186,1,0,0,138.74995282867584,4,0
22.43677311621453,20,0.8553114052093291,1,0,0,110.70199807660892,4,0
360.92295702107714,9,1.0251854577184276,1,0,0,40.96197665786905,3,0
44.281582366593206,15,0.8273022445565891,2,0,0,72.56890078888037,4,0
352.6677736101192,22,3.958447130194081,2,0,0,27.437613884047796,3,0
887.8392136428562,16,0.4359391672304128,1,0,0,114.95742453604285,1,0
64.00153502632642,21,0.26408390349869226,2,0,0,9.28718737705667,3,0
1151.7176419250825,15,4.165333138503006,1,0,0,80.2357215261611,5,0
108.18573783658182,17,1.6738459265734509,1,0,0,40.592595436009304,1,0
175.6231469254324,15,1.3641411359328175,1,0,0,203.64610928240657,1,0
139.65151399704106,19,3.5311215887772547,1,1,0,42.044118222652976,1,0
80.13966755352682,22,2.3795185343453835,1,0,0,136.77173640788087,1,0
295.01621046543755,19,12.309764654868587,1,0,1,170.21113344613582,7,0
52.70260647135562,13,4.423078308856909,1,0,0,85.26309428552804,3,0
168.62552330262474,17,5.469463974751636,1,0,0,103.36018357720745,3,0
40.609867948395035,10,6.497098218844341,1,0,0,19.515299738561712,3,0
62.72056837062305,10,7.608468214849079,1,0,0,49.08554639029273,3,0
258.0498680689179,8,1.6656453636828625,1,0,0,183.10078263402602,1,0
86.86528911818185,11,1.4393044711108187,2,0,0,154.84429497640198,4,0
76.93609725832974,19,2.6156709932632927,1,1,0,231.13977473526,5,0
96.8667908798478,9,10.252720330958647,1,0,0,103.72013752156283,2,0
148.36643268508604,7,11.869222766830545,2,0,0,25.924322205395974,4,0
724.9096667728853,22,2.4731200717350452,1,0,0,148.24744692667284,1,0
130.85064651462213,9,0.48137309403102435,1,0,0,294.56742588389505,5,0
132.41886159971088,15,14.337773478866616,1,0,0,85.82392430093958,2,0
28.25856892395342,15,3.820505808941357,1,0,0,31.887419181018167,3,0
131.6000812169228,11,0.8781978642528934,2,0,0,66.82823733082645,2,0
265.08646588882124,18,6.217915345379225,1,0,0,36.09210972272202,2,0
283.2814341361309,8,5.271280089144014,1,0,0,77.81838697509919,6,0
109.14219055891111,18,11.282769525045687,2,0,0,30.45843097953161,2,0
98.75357325120679,20,0.9325741907980635,1,0,0,325.13360052311924,4,0
92.06233415776732,14,1.5638110360729556,1,0,0,73.60500540904447,2,0
108.2789182919911,19,0.20351199526836952,1,0,0,137.40849136267892,1,0
98.60220320684091,17,1.974210095369363,2,0,0,188.21765892075788,5,0
143.73199535545112,16,3.320049274783457,1,0,0,272.2510151182421,1,0
312.48771623480667,13,1.7131034829227465,1,0,0,182.59617189146292,4,0
276.1738799928227,9,0.79894997531191,1,0,0,16.62088575450234,0,0
43.18133851936388,21,3.3189418356427467,2,0,0,136.39369326770526,0,0
16.03994490347415,13,1.7855977632595754,2,0,0,94.47355729181027,6,0
52.518114270306796,19,4.394724634296095,1,0,0,243.8128993983758,2,0
86.91264495194267,11,10.634238180201322,1,0,0,41.48284873736065,3,0
66.05515759040571,16,5.426114434742775,1,0,0,562.7271911382684,2,0
175.7539859808138,16,5.569186852937506,1,0,0,41.6835817877459,4,0
174.0689075312295,10,14.882457937409345,1,0,0,158.17637065591754,4,0
131.8856754497335,6,0.9754249648914335,1,0,0,86.78144682903144,6,0
77.69529649056767,10,2.0361310121129614,1,1,0,151.01457318218434,1,0
11.343249629111238,9,5.846270847130284,1,0,0,560.1333767669491,1,0
5.7689792431754165,17,0.3927000072334646,1,0,0,35.2337067547148,5,0
45.73383008528783,10,6.74295148764306,1,0,0,17.77317545099072,4,0
15.741922831066564,12,6.9554595213113055,1,0,0,69.61011034189578,5,0
92.98210110002358,14,9.07707542106527,1,0,0,99.78450788045208,2,0
70.20864010840572,21,4.149464962133209,1,0,0,30.40007237640076,5,0
38.71186424050909,17,4.341349999149094,2,1,0,124.98029239982644,2,0
127.77907508648038,0,944.2011221562402,4,1,1,62.11997376143961,16,1
144.2274060712331,10,2.8712497490724633,2,0,0,47.8118820636596,5,0
32.31761244860546,7,2.156933447380212,1,0,0,40.083517803391786,5,0
148.8965939603224,17,0.4301297298717185,1,0,0,63.49245221723438,3,0
696.2122339426206,8,12.73598942937583,1,0,0,20.505253744192338,3,0
820.24705055131,6,1.9790999827098696,1,1,0,62.98437910637943,3,0
259.8602063852282,7,13.045849850243563,1,0,0,47.965992407737566,1,0
250.65124876696456,20,0.3693000617212724,2,0,0,67.20981575000525,3,0
133.72679143120487,6,0.04163945127118185,1,0,0,367.5271039329586,1,0
48.066201834969604,20,2.023061853257094,1,0,0,245.87015691526346,3,0
95.93802017302463,19,5.655612319124081,1,0,0,28.12919961493108,2,0
36.50121836930043,17,12.303769699030429,1,0,0,50.14363445982736,5,0
38.609648143072796,16,1.5086196670157954,2,0,0,32.683767585889626,4,0
227.27882041661294,20,2.3002251797902202,1,0,1,46.247348982112875,2,0
56.66426211888097,15,9.773673417385218,1,0,0,247.15756211485052,3,0
26.459432914172478,21,11.455339960277879,1,0,0,80.26525663767923,4,0
323.5860034614989,8,0.7855323043750261,2,0,0,172.52796885137633,4,0
52.493795703437165,14,1.8452339043193697,1,1,0,216.0206554836524,3,0
91.15783009004296,11,2.4747624539684496,1,0,0,67.65196840327573,5,0
235.56507189589453,10,1.8121228033062926,1,0,0,161.24073975597346,1,0
56.218444717523155,16,9.517695342483092,2,0,0,119.02732082834852,4,0
19.202925809261902,17,1.984735907042098,1,0,0,156.84916231339616,2,0
160.2045354044033,19,2.753537813558472,1,1,0,149.44060088596922,4,0
143.05172699628434,20,4.852892460515808,2,0,0,48.67647601507631,3,0
93.50393099781041,20,2.3492969023224397,2,1,0,70.92284198934796,2,0
478.8309323187818,18,7.199534023358476,1,0,0,230.20093194337204,1,0
186.61798100581026,19,1.2562568788566848,2,0,0,22.956969521981822,6,0
362.14285157205757,18,0.5851784787011811,1,0,0,30.35942090758761,5,0
25.915711956980044,19,9.397290239749692,1,0,0,83.29290679382926,2,0
55.985702373478524,22,4.243554897055054,2,0,0,39.436590271107676,4,0
62.088397392558555,18,4.308748297258144,1,0,0,86.61369304918878,1,0
63.81166708454076,12,22.68050383390394,1,0,0,98.21956773585053,0,0
168.41558961829836,20,5.379715725654981,1,0,0,108.03046573726101,3,0
103.27057436080611,17,2.276649164773712,1,0,0,70.44004055200342,0,0
16.40221514887158,11,8.156422642834732,1,0,0,51.15352299483606,5,0
73.85193947696827,8,9.100408209229336,2,0,1,95.93775372003608,3,0
13.862787321278839,8,12.519866479799598,1,0,0,67.73157060386681,2,0
133.17952312695633,10,9.553995517011183,2,0,0,369.1366168937579,1,0
74.09163988581072,22,1.611985761468182,1,0,0,85.45345139187233,2,0
158.34704409594607,19,6.0745130872435436,2,1,0,50.22840182813546,2,0
400.48990850880955,16,0.505238400470281,2,0,0,162.11434739113162,0,0
59.10731424438485,14,4.783430048864527,1,0,0,199.95234415357965,4,0
19.157533088847487,13,2.8651008655921895,1,0,0,106.68610732116923,4,0
96.06496018155721,19,0.2933046104655263,1,0,0,247.26581377522965,4,0
165.73170823730325,16,3.3419467436560755,1,0,0,34.78230034225681,0,0
98.20401183454213,10,5.4739700145324255,1,0,0,39.364235175166705,3,0
12.915552422939218,22,6.471210544520517,1,0,0,75.85610735722277,3,0
45.40215622734209,15,1.8232233339048756,1,0,0,51.207703200252695,1,0
22.140194853222166,19,3.542930832349735,2,0,0,49.58351716516636,5,0
47.882919958402056,19,2.481357184383275,1,0,0,22.865106730993404,0,0
54.23709946229331,13,0.1761952139970641,1,0,0,243.19187924381654,2,0
33.51513681478119,6,23.67416056202948,2,0,0,142.52834426756837,3,0
116.8354830486513,12,3.57021757814063,2,0,0,62.57941916217871,1,0
24.046212236380892,15,3.9185295375237716,2,0,0,160.20762475753395,4,0
31.16809369561441,9,0.5118352737789398,2,1,0,16.554747037813925,3,0
110.32864968987545,17,9.13909374605732,1,0,0,43.81434342217519,0,0
162.15509759249636,8,0.682604455008615,2,0,0,243.21786004777977,1,0
21.155832980363705,12,4.510315950651939,2,0,0,84.41002692356017,1,0
141.26153768712268,10,13.386896017187922,1,1,0,118.4378025836592,4,0
116.39591562924072,14,0.8539158394871282,1,0,0,130.56405527719951,2,0
78.72673719178272,14,0.0416318820720961,1,0,0,28.678170627903164,1,0
251.83371067534281,15,1.0012091636623122,2,0,0,66.22929915973599,4,0
136.13080943782526,10,1.2770368218696149,1,1,0,39.060417391232626,3,0
110.47595299074881,9,0.3235352703168264,1,0,0,20.90283881723913,4,0
78.00251616038767,12,2.01953515624692,1,0,0,20.69120540887079,5,0
100.59769806000287,7,2.8501112284712127,1,1,0,63.46338504826116,2,0
322.104182476834,14,1.3088141090147447,2,1,0,54.38743391092031,2,0
412.82751083363127,10,1.5356834667079444,2,0,0,41.92054225831365,6,0
57.27760256796544,13,4.2346818527205805,2,1,0,144.52181763851823,2,0
199.93544703279596,18,0.904678087619645,2,0,0,60.40119348377914,1,0
39.15955394012285,13,12.37065641652207,1,0,0,69.14290995960478,0,0
245.23971645574525,12,9.854370131265918,1,0,0,100.19716058951246,2,0
479.27085845472203,14,5.167258126754643,1,1,0,74.96730729151439,3,0
442.83029998305517,14,8.213640543775828,2,0,0,208.48812709441683,3,0
73.10360997817398,20,5.454392426481288,2,0,0,74.93458268321085,2,0
169.9353431357605,19,7.965937426562782,1,1,0,90.92387723685216,1,0
6.353654706079356,22,3.2646567155711774,2,0,0,243.79879197425313,4,0
133.32214775071625,14,1.0429076435424007,2,0,0,164.82398008681992,1,0
9.817608655873867,9,0.6902007656639584,1,0,0,141.2868109221911,2,0
101.89132626337029,21,0.6984035033271212,2,0,0,118.42887810371617,2,0
38.615098197602585,11,2.861717999879337,1,0,0,123.58055897451187,2,0
122.71870429983458,10,9.191669492912744,1,0,0,179.87810742855817,3,0
105.30101056455429,9,3.757947286117726,1,0,0,122.47252086591405,2,0
129.99313813353723,7,0.03834160595499313,2,1,0,165.93374561337941,5,0
117.43420621536937,12,0.14903060637232213,1,0,0,36.19197056372265,5,0
84.90813276397748,20,13.156847993930834,1,0,0,94.61239596376556,3,0
244.02375269327655,7,17.053859187532904,1,0,0,75.86614564406905,5,0
24.420197497963006,20,2.9806384390357032,2,1,0,123.1682311876827,1,0
148.54936527353516,15,8.935452718108827,2,1,0,77.43026318914545,4,0
58.655523160622806,6,5.328843437976289,1,0,0,58.65488001383482,3,0
31.392984262724863,7,2.1537302067707635,1,1,0,132.21050177813677,6,0
84.54812532595159,6,4.652091633813163,2,0,0,127.10504184086976,4,0
65.6881190060451,10,3.7050604651705603,1,0,0,60.38398717399831,3,0
1577.679769982402,1,5.789617432945644,2,1,1,106.7815190430117,16,1
424.08521127039336,11,4.853000601431629,1,0,0,62.07211488334699,6,0
20.956492450601527,9,0.6860707609747352,1,0,0,158.65681807552772,4,0
139.2088591925855,14,12.7153907472717,1,0,0,60.060946734246684,5,0
59.37098239355317,13,2.6538645424475007,2,0,0,26.07971781519815,4,0
206.74762921710325,10,6.678227894744292,1,0,0,313.81181398999274,5,0
49.2729719983658,14,2.6865450874444425,1,1,1,159.33283962844632,2,0
50.00603484735721,18,8.946515271827861,1,0,0,211.92514685946693,3,0
72.67026580144609,8,10.925301831737087,1,0,0,17.42888405212743,3,0
68.62692990638665,16,0.9520095040619136,1,0,0,143.15769804648468,3,0
205.86818959463417,9,4.055971480988233,1,0,0,48.31575487484274,2,0
169.63702796167814,11,4.029448965946035,1,0,0,171.00225220631802,2,0
518.4926965939825,9,2.89582366465231,1,0,0,101.58737295094538,2,0
8.580945858785972,6,1.7392475180743985,1,0,0,115.26955996143214,0,0
287.1026927985549,9,3.7270636954883587,1,1,0,123.79622336311999,5,0
84.26109073606042,22,4.859845781947689,2,0,0,290.2359700816553,1,0
214.59928546777914,20,4.845211571934974,2,0,0,86.35170273934922,4,0
88.03194115412984,21,1.2971393453408546,1,0,0,42.44000464490309,5,0
334.00885272917805,17,0.5102723305156858,1,0,0,38.61292454804781,3,0
34.73276991495866,6,6.908059507399131,1,0,0,112.02332373963887,3,0
33.80807805747669,9,1.0713922036976395,1,0,0,88.23656260995192,2,0
88.92143500761549,6,15.840448607698104,1,0,0,49.665356619016165,1,0
259.8461538467923,11,2.4084150212062525,2,0,0,48.83550227716516,5,0
33.707014656591305,18,15.717545106914601,2,0,0,57.40811467282274,6,0
243.31369088250236,13,2.2944275994544396,2,0,0,21.20559968635797,6,0
704.5050290017022,7,0.6357065623814775,1,0,0,70.66292781438351,2,0
2070.2179563655877,0,26.789824846700057,4,1,0,54.464990345510365,16,1
246.44364249065268,14,1.9209595454424484,1,0,0,91.25309792252071,0,0
195.19962913832242,20,6.587413150626407,1,1,0,116.88405216120056,4,0
54.3992158711317,11,4.552088505708212,1,0,0,84.97250682577781,2,0
96.69543922886167,13,2.6386929628163474,1,0,0,150.74065576383114,2,0
85.25997631009656,20,2.4659430525752293,1,0,0,22.488015270767644,5,0
187.38762219245368,19,0.3929937638645504,1,0,0,323.2962160308646,3,0
345.4521128636042,15,4.093193425633245,1,0,0,199.0399913704181,2,0
54.73093898105399,11,13.78957132928896,1,0,0,282.27543024096764,1,0
89.34624395271807,11,11.166071266487867,1,0,0,135.31823693032007,0,0
97.95094443839416,21,0.5745590050901538,1,0,0,136.05483120827904,1,0
325.5715438795078,19,1.8448939519040644,1,0,0,19.21525049572934,2,0
87.42902320083199,9,11.220810292147798,1,0,0,269.253972345301,4,0
69.66230276706193,21,3.1511888921267452,1,0,0,49.68785162837948,4,0
182.45534598461217,14,15.570313584494787,1,0,0,68.10709982322447,4,0
27.64761630776257,19,3.7425522637884105,1,0,0,26.813826318816275,1,0
42.437426283676444,21,4.202605860040894,1,1,0,137.59357427959398,5,0
24.064862893570417,8,0.34411654788789686,1,0,0,93.26196775547736,4,0
234.08960539881966,7,1.0061494955050645,1,0,0,168.2458806151253,6,0
208.2919081609956,8,2.309077087615214,1,0,0,66.07405081389051,3,0
128.95658502822113,10,3.0662533999211132,1,0,0,176.58769705628472,2,0
125.94524697869214,14,2.861775228447883,1,0,0,326.3043322236154,2,0
22.826469663454045,21,2.0356131740542556,1,1,0,36.659613622764994,3,0
122.46586921543506,12,1.601185548819219,2,0,0,36.70260100318069,0,0
218.07577252810347,18,1.5498112341210248,1,0,0,56.81062011099358,2,0
276.14787808785877,16,8.630346028195536,1,0,0,53.48419970293336,3,0
251.99597142006508,21,2.5719124437580385,1,0,0,124.38098029895653,1,0
277.71378902482655,4,604.0301237325565,5,1,1,131.34082114092467,19,1
122.69808925920567,12,3.285003762432555,2,0,0,11.974121359566894,5,0
192.08190121928928,18,0.2557762159360216,2,0,0,60.76567717873453,5,0
645.4529668011578,1,899.75136917063,2,1,1,427.68454740281817,11,1
756.1066359723735,0,225.38686629094227,5,1,1,51.75602622072951,17,1
65.62305904209275,11,2.962881544167989,2,0,0,148.27714801112057,4,0
33.98360334664559,10,1.4640659490122456,1,0,0,56.47146399103782,2,0
29.523241855255602,8,1.9778992094368495,1,0,0,74.25037568823018,3,0
17.405934109337675,15,17.902270597934628,1,0,0,175.21397270620784,2,0
116.7322434068505,18,31.487648296627665,1,0,0,29.87694839389978,1,0
122.61476432338314,7,6.039845052149407,1,0,0,62.13796935530608,1,0
42.01634721092482,18,4.451576581191887,1,0,0,43.01072689422608,0,0
88.94124392391772,7,0.9076031816313735,1,1,0,112.14243323680202,2,0
196.88697365911798,22,6.137647452945102,2,1,0,48.274183472526566,2,0
33.56020440373871,14,31.689904535980645,1,0,0,139.59622236960791,4,0
362.100170515944,7,1.5875366594761917,1,0,0,66.18739182047172,5,0
1306.5699424808297,3,389.22699831295773,2,1,0,38.204657048778515,20,1
48.5558311266799,9,13.308591155894064,2,0,0,91.07215736062294,2,0
94.56885237801852,13,0.5046351482315201,1,0,0,57.04916904665302,4,0
92.9091351287158,7,21.208982509463368,2,0,0,83.13204957673891,1,0
107.98473587262207,17,11.64577043232774,2,0,0,26.070602673229722,3,0
33.70669288683156,22,1.7142056831207797,1,0,0,117.77474757589928,4,0
743.4461489065246,10,5.6941923949022835,1,0,0,44.34707372904361,2,0
64.53060424043727,7,0.6114707852117947,1,0,0,71.19406752776872,5,0
6.746053774034973,13,4.189800544563935,2,0,0,63.06367430745657,2,0
75.3453434478164,19,0.2237007030400506,2,0,0,198.9981224174192,4,0
208.88435527552343,6,0.1879841269983701,1,0,0,111.9985093391066,3,0
34.268184808995784,20,3.3713244764828683,2,0,0,133.3597160118612,4,0
259.2555308236144,8,1.8668481443818785,1,0,0,448.41611299232477,7,0
71.99048932827095,13,1.1439618381344658,1,0,0,14.845889591282111,5,0
451.3658725635343,13,3.028127154180822,2,0,0,94.81095542439704,2,0
116.4257139485874,9,0.11021422703110872,2,0,0,156.24901743805594,1,0
156.4764044928426,17,7.0151274403596435,1,0,0,42.880494726139425,3,0
115.95494522892282,4,964.00888066503,4,1,0,38.872139512226624,11,1
90.39869748966387,18,0.10283401801866462,1,0,0,130.45972403527182,3,0
87.24659947685927,20,0.31124473415260623,1,1,0,52.50917991195993,1,0
83.9621873332085,8,5.38849014452175,2,0,0,15.860047451002567,5,0
147.92629648672218,11,2.038084672227104,1,0,0,175.04616798573608,1,0
331.7362557713571,15,18.012963942270105,1,0,0,41.4883224077139,3,0
380.5313709901659,10,12.72858123991611,1,0,0,67.3439011290506,4,0
72.7153750401035,16,0.7292581776307614,2,0,0,44.99748469577792,2,0
28.105052588442728,18,2.8494311988635923,1,0,0,199.6210204143608,7,0
66.57086011849859,11,0.49700012038716646,1,0,1,30.168404671414095,0,0
65.79016202318618,22,0.40781065264523864,1,0,0,33.0674804879223,3,0
107.26332354325737,10,2.1126605675547525,1,0,0,152.56213965395887,2,0
31.9687120987908,13,9.009433027282947,1,0,0,27.90274089894391,2,0
285.4025769490272,19,0.3395247295295952,1,0,0,30.092630225289735,7,0
91.09295188860503,16,4.250734807690178,1,0,0,175.0792735389959,2,0
23.41119526040925,7,6.449559179180891,1,0,0,88.94929693905381,3,0
1580.0503981663944,9,0.910116295913897,1,0,0,68.75051807087856,2,0
11.593974039835649,16,1.7623841789100314,1,0,0,93.26646855663506,4,0
59.30141612410903,17,5.177771761443033,2,0,0,45.61580165746737,0,0
96.40547309083135,19,1.5517293370554426,2,0,1,111.30286894565869,3,0
78.22778889140827,7,4.22549952248189,1,0,0,77.95145336743802,2,0
22.83053414895862,19,0.7247435742887663,2,0,0,70.25775294165291,4,0
51.81806055637685,17,6.699686951380364,2,0,0,316.7000702958477,1,0
215.02335380734024,11,0.19596510504044398,1,0,0,85.07873340379616,3,0
135.59006673873998,6,2.482258172133714,1,0,0,74.08153630344857,1,0
62.47453429991208,6,6.768535810890695,1,1,0,154.68314959602387,2,0
784.4653044723633,15,8.58403968445444,2,0,0,26.91926362755378,4,0
19.48292790899792,10,3.886634775249531,2,1,0,146.86477243396578,3,0
95.50880421921418,7,0.1032240561324296,1,0,0,125.41686006670064,1,0
164.69700549389523,12,1.6758361861014923,1,0,0,81.98124023885615,1,0
78.87234381033488,8,5.579057650974123,1,0,0,19.26892408624607,2,0
145.326048110783,20,0.05157017837144527,2,0,0,73.84514082186061,3,0
370.49526433239294,11,5.2155449375046725,2,1,0,16.905453824321302,3,0
62.92670398372178,7,4.072094338579066,1,0,0,140.83766092983572,4,0
64.3119371217554,17,1.8816599053681307,1,0,0,50.96174648008832,1,0
76.54478730746709,21,6.129115431604464,1,0,0,227.74514481739672,3,0
67.95695670436655,21,21.14158395764179,1,0,0,43.758256912960455,3,0
9.856568528999421,10,10.036922952695392,1,0,0,58.659260330849555,3,0
399.36006903380456,16,2.065725551593638,2,0,0,42.79779379171824,2,0
82.03331937766364,8,5.367492550656866,1,1,0,100.19950289556154,3,0
129.20719999006974,16,1.8617333936962066,1,0,0,440.75978172287864,0,0
78.83806367198646,11,1.828210980439603,1,0,0,51.9674575302782,4,0
25.46067859805296,18,4.388995979385736,1,0,0,135.69827172920998,4,0
73.9606663865204,9,8.846711827852943,2,0,0,50.92129586033187,3,0
91.23607377209024,7,0.004247351597443679,1,0,0,67.04086906344668,6,0
204.49704037574756,7,0.45697804591230773,1,0,0,111.38041855068143,1,0
88.2858984242937,16,4.729525677798819,1,0,0,122.16285926940058,3,0
25.847575825211287,14,2.3213116273844787,2,0,1,69.55480375373891,4,0
223.1763606042878,9,2.839671469988678,1,0,0,34.15111434964928,4,0
30.947042058921387,8,0.3884049700182313,2,0,0,118.66025478990531,1,0
23.741453249142445,16,0.6042360752304444,1,0,0,72.83898295448142,2,0
101.69822144434123,18,2.505665245612052,1,1,0,23.647519416123462,5,0
272.2471856231609,9,10.845481114666896,2,0,0,20.993207351786804,1,0
149.99480953691383,20,3.5871545472935646,1,1,0,16.985883820932102,1,0
44.15822632193462,18,4.355663519722139,1,0,0,14.713942101919478,3,0
11.43406259764836,19,6.554936988715564,1,0,0,74.42899730252856,2,0
118.70017376452998,19,3.2557771927592825,1,0,0,46.810860526139386,1,0
178.03015949326598,6,11.728001287458872,1,1,0,56.0364208508845,3,0
62.64607295644039,13,1.931439136164178,1,0,0,191.89176171301787,3,0
531.2915306952881,17,6.885503941662364,1,0,0,39.602444878509964,2,0
51.958372237634705,15,0.6806194192044307,1,0,0,74.75203903105039,2,0
785.5043968694407,4,106.82577363212195,2,1,1,86.76629762100723,13,1
134.96768586936912,14,9.98340494015591,2,1,0,53.046899991920725,2,0
403.73543138719083,18,0.29104853166431405,2,0,0,252.00810798221087,4,0
51.198495522163014,18,0.4653341856675927,1,0,0,98.62916903597416,1,0
363.37453608675384,21,5.686046041156106,1,1,0,206.23566748205647,2,0
145.04453413389726,19,1.7780404633415405,1,0,0,38.56102164533354,1,0
40.35529975813584,15,2.9193992202980654,1,0,0,10.274443223187049,1,0
88.42060431682708,9,3.455568582759143,2,0,0,23.40463506236924,6,0
415.07881854928905,10,7.371401702360009,1,0,0,180.88513832879974,0,0
32.899499165435294,8,0.009587717454780393,1,0,0,44.20632970566324,1,0
454.3135687332571,17,4.123136406630426,1,0,0,57.68166321485659,3,0
38.59175496384365,9,7.922156911234184,1,0,1,32.75584550335231,2,0
178.8536273022441,9,0.7179957223961265,1,0,0,99.71477599285905,3,0
18.867750523131463,7,5.721130778284476,1,0,0,30.771309128151138,4,0
114.29572391419153,8,7.980858636893593,1,0,0,115.63241310705803,0,0
64.51916948385445,7,4.368393954015492,1,0,0,65.56560773146715,4,0
63.92401782380282,22,0.11433885094461747,1,0,0,99.82658114640444,3,0
88.58353106904624,15,3.3318129530110925,1,0,0,7.31032112787081,2,0
75.33740139284484,12,8.955274608844755,1,0,0,204.89925614631574,3,0
81.85000396825916,10,0.47752986108534984,1,0,0,164.82373084602563,4,0
173.63042851694522,22,24.897056912647074,2,0,0,228.26190670486747,5,0
120.79344717547016,18,2.2577870871722676,1,0,0,31.528077826343072,2,0
215.14178963950465,8,2.7261215868894384,1,0,0,205.1579655562691,4,0
120.41539189212081,19,2.816489339728272,2,0,0,125.63921319050648,3,0
97.33348413874573,19,3.167016799932871,1,0,0,31.73526092312221,2,0
116.58972495404329,16,3.377000109975583,1,0,0,148.76730396849615,4,0
124.50666912281355,7,0.9596308902437413,2,0,0,55.758855085009195,1,0
56.29049054635859,20,27.574982430302303,2,0,0,31.27863177852303,2,0
62.47204282055628,10,10.265276612524442,1,0,0,86.28659429347196,4,0
488.99221664323863,19,0.09916794520778474,1,0,0,53.727711382661774,4,0
110.78632558517401,9,7.925009758474228,2,0,0,236.37502377083845,1,0
71.29252632454347,12,0.1608900020163317,2,0,0,425.76408641228187,3,0
59.35649595754608,19,11.657026791546256,2,0,0,255.2204077915512,3,0
32.84874988917958,17,2.9805082299252286,1,0,0,135.88108550422896,1,0
81.28761922263209,6,0.6801073237806387,1,0,0,113.09335475209375,1,0
19.8119562682516,12,17.58968071113673,1,0,0,30.17971397347197,3,0
57.30333994830218,19,7.088745406146929,1,0,0,43.32291754551905,7,0
60.832442147265226,15,0.618565063402733,1,0,0,219.11100297842745,1,0
43.46678393756269,16,4.5998218783865426,1,0,0,109.84717018507607,3,0
345.82574043889724,15,5.340312704895592,1,0,0,179.82152230599,2,0
189.81007234721775,16,2.864837464907506,1,0,0,254.90873930334504,2,0
22.083045743916298,16,1.5634689402720499,2,0,0,24.377256392031427,5,0
115.51699796768926,12,5.009303023528425,1,0,0,245.110938505926,3,0
31.459156591687915,8,1.2650749387998035,1,0,0,42.98966766532722,1,0
206.68814330711118,6,10.898267237573743,1,0,0,281.17947494271226,3,0
247.1059246266333,18,5.585922622254849,2,0,0,107.3800652146291,3,0
39.730063092680126,20,2.954574025650127,2,1,0,14.904467411851371,6,0
78.95583624848744,12,1.3862720358769072,1,0,0,328.10972722123034,1,0
40.355519101372074,10,7.154079501220264,1,0,0,282.67095832558766,4,0
648.1218298736266,22,1.117811652899329,1,0,0,73.86702471860225,1,0
31.810813532799973,18,15.698262233097921,1,0,0,56.252832322730065,2,0
19.625456721408902,7,7.000530775866015,2,1,0,36.061298814169184,7,0
37.11271944432815,9,3.2443474585566405,1,0,0,55.47962961118041,4,0
80.71920927004129,9,6.918629861535454,1,0,0,270.1757236676167,2,0
100.02053412374951,17,3.6357825241281594,2,1,0,35.772939117115115,2,0
15.170827299273151,8,0.03462083721185627,2,0,0,184.60680220670503,1,0
71.26412456546018,16,1.8724660585124289,2,0,0,79.56744445229161,4,0
171.1812197327278,7,1.2121748563627424,1,0,0,120.18667588968262,4,0
31.312274839763578,22,14.472370435441062,2,0,0,142.5749040378691,1,0
110.92603135658001,20,14.997659113276264,2,0,0,105.01026729980869,2,0
535.3418956444182,17,3.1751328931836156,1,0,0,156.7154962087924,6,0
231.66949633919182,12,8.82340838498801,1,0,0,208.52096844809262,3,0
64.03317401755685,8,12.623774769406058,1,0,0,416.9903152382195,4,0
215.190651441688,21,8.707888896068969,1,1,0,79.85196198071965,1,0
132.38453618970632,14,1.0441167125642168,2,0,0,42.22004640716134,2,0
160.93483636215933,20,4.259121341023084,1,0,0,17.61863408503135,5,0
90.97144915518723,6,0.519585598833795,1,0,0,122.09325755543333,5,0
83.30476080886119,17,7.588415873684308,1,0,0,95.83250947760209,1,0
156.95222373952257,8,1.4051113085062303,1,0,0,83.56895509677095,4,0
194.58424273467077,9,0.12140919817821813,1,0,0,666.918204074598,4,0
3702.627426254671,4,587.5737390748246,3,1,1,52.614609365198575,21,1
347.6071255330462,9,2.0759457502515093,1,0,0,28.979974198886797,1,0
13.832130307575607,16,8.883259378466803,1,1,0,38.20643886116191,4,0
278.0442435905283,8,3.657010581530271,1,0,0,37.37187394627746,1,0
82.33249335802306,13,16.615935826657427,1,0,0,16.998856654371078,3,0
39.56417306496525,8,0.32065515878307693,1,0,0,88.98161760295838,1,0
154.93186727027276,2,1315.8039301503134,3,0,1,129.56372251004692,18,1
66.2904316961451,18,0.38492141168493343,2,0,0,66.00497915429136,1,0
119.95589879617683,14,8.508054691502787,1,0,0,72.682014819369,6,0
53.73255255318473,7,9.130851900490732,1,0,0,27.51475959338948,4,0
26.59479535980268,12,4.96874088265303,1,0,0,38.97418777747112,3,0
69.99761107419515,12,6.534115837195648,1,0,0,82.56515989815561,3,0
416.0272788806493,20,0.05745478142549693,2,0,0,289.82523250183027,1,0
42.66682360384079,22,22.94082322221074,1,0,0,142.41550699335255,4,0
1080.5116054231978,20,7.39152369945765,1,0,0,56.99328420549593,0,0
4.743894555490876,20,1.7051487630991113,2,1,0,300.22854442220705,6,0
293.23956569730365,8,0.7081014159613657,1,0,0,41.707620659542094,2,0
96.86497197206731,17,6.2027289705298925,1,0,0,95.00476296729444,0,0
259.07619981761064,17,4.313242687597748,1,0,0,22.87644180456243,6,0
47.6859884317667,14,1.9874724034040847,1,0,0,143.74770084353622,2,0
98.45313825896528,12,11.043803087817775,2,0,0,97.02574129522483,3,0
71.23470581600156,14,23.88501161577046,1,0,0,24.47877326122917,3,0
74.68811957726156,7,6.291839700738514,1,0,0,50.624849017617926,3,0
364.88952814183045,14,2.1853675460297426,1,0,0,22.705596125931034,2,0
156.2943049199273,11,0.022896658718571238,1,0,0,63.519573942476235,5,0
84.40801424647145,7,14.654758162675467,1,0,0,76.05470352394987,3,0
316.5917574673726,14,3.7147055434378133,1,0,0,197.88425975277394,4,0
88.64947858943013,14,3.978933661807071,1,1,0,19.033802332106156,5,0
149.92337964866672,19,4.64709157809975,1,0,0,81.45826396841352,4,0
184.05536036244206,22,1.390329591237878,1,0,0,236.92060898753476,4,0
121.28685786190309,19,0.7797983328919222,1,0,0,129.54416136741128,1,0
72.12496976424684,12,5.8635052164201475,1,0,0,124.78355176642746,3,0
407.95420695406864,14,7.339442644960097,1,0,0,239.25607998531558,1,0
19.954725247660672,12,4.834432352693585,1,0,0,72.95877115294948,0,0
67.98757195693028,10,19.545200933492893,1,0,0,62.619727690721305,2,0
295.2177985614078,13,2.3547085700693255,1,1,0,67.0093186097063,1,0
156.65685416982535,20,0.17896779548542774,1,0,1,125.78321730595685,3,0
656.7319860313996,8,4.969152307197532,2,0,0,28.96925667912885,3,0
149.24499865110124,10,4.014441136290704,2,0,0,26.84382614216578,1,0
24.505332173582605,20,2.0073923418517388,2,0,0,83.6075507344723,5,0
379.9794663918306,7,1.9320634810572648,1,1,0,17.304819490525084,5,0
77.87720138185611,19,9.325586065523941,2,1,0,87.37566515921466,2,0
48.19144050024309,9,10.114968006206906,1,0,0,58.27682193094189,1,0
27.737175314771353,9,4.03863260683495,1,0,0,141.2771134363229,3,0
62.71102273012021,8,0.06026083062458676,1,0,0,128.35794985218922,1,0
176.07521263629235,8,1.0756772895991866,1,0,0,329.3698960683367,5,0
35.35380785110217,20,6.733574139092523,1,0,0,13.95760451267637,2,0
145.5122828710027,22,9.349873207062,1,0,0,35.20747945097447,4,0
180.13491763426805,21,5.592088324784776,1,0,0,38.9436339242601,5,0
118.98461061954305,16,6.028740489336989,1,0,0,159.46203177715552,2,0
34.322459251910544,18,8.423595826393823,1,1,0,45.514399146204255,2,0
423.53632978285043,7,13.890190107976316,1,0,0,80.77295942433793,4,0
163.8242799311325,21,8.168972220097446,1,0,0,35.87239418814685,3,0
182.09099594051366,12,0.4768293598797182,1,0,0,86.36093795371873,6,0
272.522477239038,16,8.929884140955608,1,0,0,191.14998463170937,3,0
643.4967409845314,16,0.7455646107522274,1,0,0,73.94834526496078,3,0
43.45508159570235,9,0.09590872283698039,2,0,0,39.84249996918577,1,0
53.78858627115438,16,1.798802456910008,2,0,0,78.9876681600793,1,0
3932.572516385068,4,173.94683302720603,2,1,1,123.94899987255081,11,1
112.23372617744863,10,0.9728349953848254,1,0,0,200.68005167327073,3,0
165.78557652085587,0,250.70867668663638,2,1,1,25.008157092940642,13,1
80.88501111035326,13,29.835820812904245,1,0,0,16.6892835049104,4,0
47.737883363789166,7,8.041615099663954,1,0,0,24.69556248407036,3,0
29.358499076401763,17,7.876749939694715,1,0,0,103.11796768613938,0,0
408.8914605690398,7,10.246796728571319,1,0,0,41.10915603584164,2,0
41.81001741917741,22,8.321385812386037,1,0,0,101.07304598498753,0,0
30.035770390274216,21,3.0923704295800336,1,1,0,75.9180497279264,4,0
60.09368061450712,19,17.44601000549069,1,0,0,150.48468803935774,1,0
34.7892804605139,10,13.888447441037197,1,0,0,143.89147109928132,4,0
20.15536981420139,21,1.974922226831276,1,1,0,55.44785332341843,2,0
56.8626721550977,8,0.7057480650242183,1,0,0,157.92365445531308,5,0
9.807831121935923,11,4.726011103027337,1,1,0,125.94738899886438,7,0
145.88083999694047,15,2.0270467112801493,1,0,0,196.68996035556452,5,0
73.76891568810993,9,14.198805059157124,1,0,0,35.33608012611994,5,0
48.27237609626968,12,0.3241389828640668,1,0,0,231.0650829778582,4,0
77.70678825586549,22,0.13020501436245394,2,0,0,78.68610488314056,2,0
42.08268438373176,8,24.134973330011622,1,0,0,113.84882027365995,3,0
46.570913542195406,10,3.4497398635714176,1,0,0,32.434854431489796,3,0
90.17777872366771,9,3.7959057995883754,2,0,0,127.75490213878864,3,0
153.671519846639,12,0.4129214696304389,1,0,1,47.84868767095611,4,0
25.93147546843372,7,2.571411302096407,2,0,0,35.06594670374721,2,0
52.90751814136654,9,7.2747745504654695,1,0,0,202.5560304479065,2,0
239.58051947075927,18,27.86120538501865,1,0,0,86.02830629894962,3,0
132.50047494430748,12,18.181606233704915,2,0,0,57.35080552209597,6,0
49.5560927696392,17,11.26547658897622,1,0,0,49.89081671628442,3,0
21.655334336723513,21,1.7845805698871136,1,0,0,54.63268702999187,0,0
1214.0086710999612,19,1.1925377235999974,1,0,0,104.28311922021564,3,0
27.686923027163996,19,5.141104888275053,1,0,0,86.90211281343079,5,0
65.32222786415623,9,0.3920517366049798,1,0,0,41.26625838600025,0,0
40.93247452217986,9,6.044689331030076,1,0,0,547.2198390637914,2,0
27.16806051761334,17,2.7121679212636245,1,0,0,40.49358011341741,6,0
49.43246302169262,19,0.9892964365032451,1,0,0,105.09452091305066,2,0
7.882835453073791,20,4.89324228260072,2,0,0,82.25670883980654,2,0
34.02976161140109,15,6.507920923484178,1,0,0,128.28809008773143,2,0
112.18948972157867,10,1.3314598172605634,2,0,0,113.51320256909423,4,0
58.77063960737537,13,2.112110341800026,1,0,0,13.86919346644543,3,0
17.099326324149743,6,2.4718674039888042,1,0,0,63.695570090708586,8,0
133.341500531239,8,0.140714605014623,2,0,0,200.15324895843818,1,0
84.14600472084051,12,2.5826926950264832,1,0,0,76.57731626724076,3,0
150.5149707140377,9,5.727478444669337,2,0,0,105.31400670640974,6,0
25.255609233402627,11,0.5847361865426636,1,1,0,154.4146422491246,3,0
264.575166897927,15,0.21719179678120015,1,1,0,101.13793268395168,4,0
382.9086383117206,6,1.242307762608915,1,1,0,56.08106487952849,4,0
91.12421250902115,19,17.036354924133683,2,0,0,6.782493074151554,1,0
197.03679920386824,8,4.354449915165008,1,0,0,33.3704920066099,5,0
1596.7795334899329,1,37.31850771339787,4,1,1,173.27879793711946,15,1
51.319453259885194,6,8.786797991093668,1,0,0,65.36224335528108,6,0
18.718257723210673,6,6.284411874865596,2,0,0,134.10031351723094,4,0
47.897780453817035,8,4.337703859078187,1,0,0,49.10729380069061,2,0
14.574008787394398,12,7.732224458429053,1,0,0,60.86633230949816,2,0
98.09074369345021,19,10.3427771820709,2,0,0,42.726724503608,4,0
234.57881147518498,22,3.1431009760568522,1,0,0,34.64442982557964,5,0
46.45381334036544,12,6.713728786855905,1,0,0,560.9729965018623,4,0
233.33569248001194,18,0.7227544750819187,1,0,0,22.89191852009306,4,0
173.33629833046788,8,0.4751163645971546,1,0,0,104.84142867969011,7,0
129.07178415439688,8,1.1348092217850878,1,0,0,252.34858146117068,4,0
112.02457491850267,9,1.375078721909645,1,0,0,39.918108440438,5,0
17.8884191576087,17,2.9415368560256425,2,0,0,77.41352544393679,2,0
126.21105611385755,7,1.3802174890914498,2,0,0,59.4269101833892,4,0
107.75866583723472,7,1.8659407888546644,2,0,0,119.79350835046833,0,0
27.45221435095499,12,3.6620916992602535,1,0,0,74.90205418724153,5,0
198.00487599644845,10,1.2794117163145953,2,0,0,176.82642704949671,1,0
133.45939819562287,19,0.1631693080629173,2,0,0,53.59271556716635,4,0
204.46702137168862,1,248.99397104153775,3,1,1,36.07062678817745,18,1
170.4065408363847,13,5.680014311637754,1,0,0,133.99843382810806,3,0
40.969419805577786,18,7.125487876997411,2,0,0,63.972160895935616,6,0
68.10949330407942,9,2.131241673920323,2,0,0,71.53597790581183,5,0
30.70002139684023,12,0.443321875494928,2,0,0,34.31537293454053,8,0
139.31513868557428,21,0.8048560212648926,1,0,0,301.2979818504847,6,0
178.80904647489868,18,5.254204673488792,1,0,0,49.639423375173095,4,0
134.1861738717906,16,1.60866602063826,1,0,0,25.946172219193073,2,0
131.6567097216081,16,8.946361168680536,1,1,0,210.1313945124974,4,0
21.157323272598276,13,4.315864983699748,1,0,0,23.338713607740743,5,0
890.6141374352316,6,6.438257065517732,2,0,0,163.67555311889595,3,0
29.296123214062348,6,7.684610146175418,1,0,0,22.21710529093921,2,0
53.12305093878149,12,2.712372716435661,1,0,0,293.73794817772983,2,0
223.84288597033287,22,0.3911693088653306,1,0,0,84.24738344891782,2,0
45.23402887579608,14,2.2445612032671036,2,0,0,51.933891925629865,3,0
204.13182188130645,9,11.462586293740458,1,0,0,131.6454084104824,3,0
103.20802868939178,15,2.7611405232154826,1,0,0,41.04776278759494,6,0
236.94452073952266,14,1.3412531689017595,1,0,0,44.24155368565181,4,0
89.98889981979495,20,0.038530671024491765,2,0,0,308.32297021855317,3,0
78.29298103871439,13,0.17291090367125034,1,0,0,327.2612634824636,3,0
169.8170139097694,10,9.396034011920694,1,0,0,44.39644465912841,4,0
54.97492529778894,13,1.327859463828477,1,0,0,23.272590711893994,3,0
53.2731784655674,14,1.6629629917598086,1,0,0,41.535788117088174,2,0
1053.4986850064622,7,1.3837736226023316,1,0,0,18.387843267678104,1,0
77.34027987735887,15,1.7906634298364488,1,0,0,64.30527025269741,5,0
124.34740146861466,10,1.9531516126627197,1,0,0,173.7449788471794,0,0
142.19694931990796,16,9.569799953706058,1,1,1,129.39435766021893,2,0
37.92895247732897,12,0.456366363561358,1,0,0,297.0422404367344,2,0
419.55608010342763,8,2.776690658658722,2,0,0,324.78090044550186,3,0
21.090533909762165,18,19.595310701380928,2,0,0,144.55500614166257,2,0
15.436939423737916,15,7.4884051496072495,1,0,0,37.418153630405655,3,0
127.9529163167538,10,10.595994290650445,1,0,0,4.5561741002575085,2,0
90.59710598885987,19,3.225057330923711,1,0,0,127.79555298740397,3,0
64.37696727521619,7,6.025952494999721,2,0,0,101.81843576151533,4,0
80.28057033306231,11,0.4408970089679871,1,0,0,63.319604291635436,5,0
64.97330334976883,20,6.238573206460332,1,0,0,17.80454199904431,4,0
54.98162647562923,17,3.7545633525514677,1,0,0,87.58927172909331,3,0
980.8033618826342,19,4.349535395041277,1,0,0,13.443636590092561,3,0
43.520228899197775,20,3.2760695198137753,1,0,0,191.01984563089556,0,0
43.77355603357061,22,2.398461877675919,2,0,0,76.1189513997118,1,0
42.36251265407635,14,10.649830056522198,2,0,0,32.3349841168185,4,0
21.53885734001078,18,5.203355473154611,1,0,0,21.219682113181342,4,0
11.973084854662416,15,20.734650284108444,2,0,0,37.62990178598957,5,0
706.1622321932421,13,0.4178934228432478,1,0,0,222.4224473188793,2,0
76.27678173460885,12,1.1021548534784256,2,0,0,156.0605403491219,6,0
280.232771751434,16,5.530136961962063,2,0,0,96.49290104957375,3,0
91.92783266153879,19,4.636431522275853,1,0,0,80.32517290246157,2,0
31.66347112812029,22,4.893440035101603,1,0,1,108.93546296567644,5,0
26.85802532393556,14,18.38455930314905,2,0,0,308.49372450729754,4,0
121.17602897989818,19,16.79665694474936,1,0,0,40.606600134841926,2,0
64.42480721624709,13,7.279944722475119,1,0,0,155.58263886338008,2,0
751.5638710605251,18,4.869972013796968,1,0,0,68.2616963817133,3,0
111.88067182418354,21,2.2825691795930996,2,0,0,153.11090427223056,7,0
84.99603725940531,21,5.662368792571012,1,1,0,163.68743922971484,3,0
210.06598111424336,18,0.8072587942837826,1,0,0,75.3155723810728,5,0
124.47239562020968,6,10.26440718132265,1,0,0,57.12333356651734,3,0
129.21833915584472,15,5.235360630613987,2,0,0,136.183665501751,3,0
340.5058630482165,18,0.9537831148799025,2,0,0,91.18298788227821,3,0
251.38515958296557,10,6.03024587111097,1,0,0,53.88064540776221,3,0
139.6984328186502,20,4.829700950682102,2,0,0,26.368351981123435,4,0
132.083596824031,15,12.455497634500624,2,1,0,68.46627180320371,2,0
22.661801912937836,16,0.5687953347313236,1,0,0,118.01103881986676,1,0
307.25222573540293,12,7.510586847923775,1,0,0,84.72622506841623,3,0
62.099791368580206,18,3.3232816448943736,1,0,0,63.97164915699876,1,0
56.24947238479593,8,11.980716334019492,2,1,0,47.68757629479433,3,0
95.42783341897155,16,5.422574121098575,1,0,0,213.8037044459803,2,0
13.806064276345978,8,3.2097663958329474,1,1,0,185.798983188036,3,0
19.034273717241316,18,0.6717188669391609,1,0,0,38.1400161611338,2,0
104.54294642134474,9,1.0544037531453865,1,0,0,17.362729743774242,5,0
526.0804986469193,21,0.9124517767555842,1,0,0,39.00449042453055,1,0
345.8827326087655,17,1.7616617056751211,2,0,0,100.2834126213097,7,0
106.742161663763,22,3.3467064984738473,2,0,0,64.25117668997854,1,0
38.323645878345566,14,8.059998629576313,1,0,0,110.55759674069208,1,0
52.24195971157409,16,7.873175507035014,1,0,1,299.112457317057,6,0
53.03474806824015,6,1.1862281705133326,2,0,0,63.521981281803505,1,0
52.66950076401178,20,1.4055611013784168,1,1,0,213.05591804061166,3,0
101.84267103899313,7,0.1464044918464398,1,0,0,49.58084114556145,0,0
58.61667911542354,14,1.902021302078372,1,0,0,78.4061152396404,4,0
23.161292536683995,13,10.25849702858209,1,0,0,38.82836961374623,2,0
256.54849385926894,7,2.9039241646988483,2,0,0,211.02834405512746,2,0
11.589027223407312,15,11.29910040323109,1,0,0,284.0841711122989,5,0
22.600735077616832,13,1.6400077282735872,2,0,0,73.13598489789815,4,0
38.981192889057795,9,2.2395436995541647,1,0,0,104.85394724924578,3,0
59.738134687834204,22,1.1760672716177907,1,0,0,73.74008377167067,3,0
69.7594593617941,10,2.929656202116879,1,1,0,57.19838728324043,2,0
2268.0325069271353,2,294.1008194539835,5,0,1,20.238101977746677,21,1
35.16742449626497,6,1.3824546854160529,1,0,0,83.70422639498345,0,0
12.99506981183218,14,0.37041946130113323,1,0,0,157.89021817940565,4,0
136.06700877203141,7,4.5544952175217865,1,0,0,89.47750433894933,5,0
108.97562505100079,9,0.6172112374623219,1,1,0,256.90722624519,7,0
101.81982266130875,19,3.9713458694343826,1,1,0,36.14422354976227,2,0
61.82861846811898,20,7.412632957574266,2,0,0,68.7142322865801,3,0
160.35073744613396,21,0.35027648093384767,1,0,0,239.1817986165231,6,0
243.74393192736832,6,6.904667661076252,1,0,0,102.05595522632508,2,0
66.99370031767303,11,0.24250631841054401,1,0,0,76.9938745698698,2,0
220.0154320093025,11,6.685829128918323,2,0,0,28.251940960897,3,0
146.84455249224814,20,3.550578673369328,2,0,0,47.57439770552073,4,0
19.243951080272605,9,7.241698499749617,1,0,0,13.89323284407684,4,0
191.82138928312085,11,1.8477049336815508,1,0,0,29.259913547843226,3,0
93.24808778361422,14,16.2588705819036,2,0,0,167.18897949950014,1,0
100.20398537287016,8,8.913408745323064,2,0,0,212.54554956229305,4,0
107.39183808072181,12,3.1666760339869295,1,0,0,31.662451358596837,3,0
18.474873324345694,17,16.50551924502877,1,0,0,80.97624038210365,2,0
30.719479103924186,13,1.4037379315238847,2,0,0,281.7665282893574,1,0
124.48265046364152,22,12.505885145204891,1,0,0,52.72357388841686,4,0
91.43049330322202,18,7.439279836492699,1,0,0,29.117561565257386,3,0
80.22942205012896,17,7.619961117942161,2,1,0,83.02302709720315,2,0
103.18622145313019,15,1.5896990312952506,1,0,0,72.42127351166586,2,0
86.56000601237723,14,1.3309345539439363,2,0,0,86.29824446722982,2,0
51.87382271649054,12,9.678866383188613,1,0,0,93.06274690034249,3,0
58.10563677158446,20,6.350311148421582,1,0,0,68.99767541520934,4,0
215.36206536922663,8,0.5291883379810646,1,0,0,71.22184396223084,2,0
183.38997164426715,18,4.9797059785198785,2,0,0,65.21657276532129,0,0
336.00131288112317,10,4.305210679568882,2,1,0,81.32788448475213,1,0
62.227237109787175,6,8.845195925126271,1,0,0,126.60939557617598,2,0
46.14810574346204,16,0.27728595078309,2,0,0,46.67935730071609,2,0
93.47523857287764,21,0.41064304891752523,1,0,0,134.2679129685583,3,0
145.48363672326258,11,1.8949898875435987,1,0,0,28.534407244552426,4,0
59.70892563040161,13,1.6285016471565963,1,0,0,200.72927224218543,3,0
79.12001563061324,15,2.190142534147668,1,0,0,22.10565186723894,0,0
103.34556868365074,8,14.970486204662585,2,0,0,323.9969151242988,2,0
122.05749469096824,18,13.129995356978181,2,0,0,74.89363667753484,4,0
115.65692109928905,17,2.33427030767638,1,0,0,160.41734065829215,3,0
135.21250272904467,11,4.43740965638358,2,0,0,58.25959370289501,4,0
117.80758913228058,16,0.5123839954696021,1,0,0,45.54269716855707,6,0
60.8396582970594,20,0.7109530504817076,2,1,0,83.19430399235127,5,0
15.237580336796025,19,1.958413559646952,2,0,0,56.18190523482912,1,0
365.5855616341321,8,0.8218105268323496,1,0,0,47.45099521781433,4,0
33.7334979782683,15,5.413362770329768,1,1,0,64.00553387844403,2,0
22.622735515093957,12,1.139112032401888,1,0,0,346.19427752559983,2,0
61.28549066375626,7,1.22241403019803,2,0,0,94.52334986866043,2,0
33.96034172877037,22,6.7382680661659045,1,0,0,116.23408336491408,3,0
170.44146527500243,11,6.222852934048069,1,0,0,130.56896997470602,4,0
505.57368419583645,8,0.28920475826600134,1,0,0,108.39477716972851,3,0
109.99771924198951,22,4.406203180831616,1,0,0,32.61579233366202,3,0
17.864725211242142,13,5.158221351246663,2,0,0,104.2000456798826,6,0
903.202324056072,9,0.3084362401745205,1,0,0,215.23362729657867,2,0
34.29867418113555,16,8.992067483963499,1,0,0,396.85277041555986,0,0
126.54389150418656,12,2.7813647646009327,2,0,0,152.47761401588977,3,0
432.0403494869236,9,17.834703526666605,2,0,0,177.5013954329324,3,0
91.31116486810966,14,7.198855189346384,1,0,0,120.98916691092523,6,0
331.460262927223,18,2.2388913295433923,1,1,0,231.71009807793288,4,0
125.87851263602188,20,1.4571431350243254,1,0,0,62.41213803983495,4,0
269.31835347261733,3,316.9983978719192,3,1,0,82.73765085546418,11,1
2116.1044959033406,1,578.1145966488277,4,0,1,44.061713880451556,12,1
115.00287098884337,10,4.027749895830029,1,0,0,122.66180343545778,2,0
49.1209231285841,20,2.2366032154181297,2,0,0,24.595086673822554,4,0
211.7816220331292,22,1.0302681134863252,1,1,0,22.057648623582246,5,0
112.64426374411845,17,5.146463326268479,2,0,0,133.16774432489817,1,0
103.88726335710027,19,9.11996086295565,1,0,0,13.051721741747714,5,0
19.393922668233216,22,0.8933760212597159,1,0,0,156.21960614671684,3,0
60.84632557079805,15,0.9007234515539821,1,0,0,109.28125740360473,3,0
125.61611312154518,10,3.738562404284771,2,0,0,75.91020399529826,2,0
16.63476548909275,20,4.926548785753715,1,0,0,62.694337392200694,3,0
16.5987662845627,22,3.866803710718016,1,0,0,28.867116439115403,4,0
707.3344269638748,17,4.886359908522861,1,0,0,189.50275652925805,6,0
2075.0666106341578,22,8.303792967297474,2,0,0,177.48683746245126,4,0
94.11991030651669,19,4.786587173195115,1,0,0,470.59746137746225,3,0
172.59808417309046,14,2.4587544606064067,2,1,0,36.87359813239881,1,0
962.2625176526112,11,4.4460121567365976,1,0,0,99.09375056441178,1,0
90.81801814750146,10,0.5595631008344567,1,0,0,73.63030766187948,3,0
5.300729231219332,18,11.011907871866942,1,0,0,79.68423794199177,3,0
34.65291669689705,19,4.946078205757007,1,0,0,161.95519122969398,6,0
36.32246200650489,13,11.421461633929193,1,0,0,498.83624059283835,4,0
95.59169984806383,17,2.8980822110542706,1,0,0,80.01075976838027,6,0
61.03693817859621,10,0.7316904118981946,1,0,0,126.4948016627517,2,0
352.1793031918554,16,2.691723312569993,1,0,0,12.783179349642854,5,0
326.3843663896698,9,0.3961396170832583,1,1,0,37.45549504589737,4,0
19.15244159367557,10,2.660492327871725,2,0,0,38.999367853138104,1,0
32.24892471737234,21,1.8231835904489393,1,0,0,58.47409911588281,4,0
71.56582590124594,15,0.8023731946061619,2,0,0,40.456228155264554,5,0
116.2997146198815,15,1.2536406210393727,1,0,0,216.85085868218113,3,0
18.980613218753636,12,0.4943056361132985,2,0,0,577.9405279706316,3,0
468.9860215632167,19,0.02172266219038981,1,0,0,333.59032005002206,1,0
86.92611452884896,13,4.909842213659171,1,0,0,238.4514212510028,3,0
62.3756882566348,18,8.001794717953494,1,0,0,17.99747677278812,4,0
466.364591540226,8,1.6735969793134997,1,0,1,74.47581046593073,1,0
16.293619684701,10,21.66461351484223,1,0,0,114.68276052947911,3,0
162.73350111053745,8,0.4834512877090641,1,0,0,71.00077250055006,4,0
53.5884350272233,9,2.6699597730348357,1,0,0,58.57979250634999,3,0
28.961860639785563,16,0.4601771797900871,1,0,0,6.982374958823227,2,0
23.603480979281862,11,1.9687022400529246,1,1,0,119.01117547749512,4,0
722.4587479617323,20,1.4212075563555036,1,0,0,53.0268302155186,1,0
20.1053116136773,11,12.0135415931154,1,0,0,43.636645345551095,6,0
26.072807796358028,17,7.15491112862752,1,0,0,162.16038853800816,3,0
238.89896437652197,11,3.7221261304916236,1,0,0,156.29644507815698,2,0
51.56635512846039,21,0.3504192351501026,1,0,0,484.9188668070818,1,0
476.5931820774359,20,12.036161228242593,1,0,0,151.81015955297406,5,0
197.07604407707365,20,18.00286469155423,1,0,0,88.05512259513655,4,0
53.773544386267545,12,7.67306040353113,1,0,0,90.06487809342308,4,0
398.316197257909,21,1.3217372157518108,1,0,0,20.424085675525202,1,0
214.68161377293825,10,4.434169438027291,2,0,0,174.5617442870129,4,0
939.7596601648111,7,4.653263629363508,1,0,0,21.19065235434077,3,0
37.15867608812476,19,1.5903505304048795,1,0,0,25.454732113569385,1,0
15.557799721672547,19,8.592786975690492,1,0,0,17.155080822332597,4,0
36.24531790044732,14,0.2687990386114496,2,0,0,41.4223615824384,6,0
522.4849642924781,4,1399.1455007698687,5,1,0,132.0558344292596,20,1
64.46874355135016,20,4.974636932064076,1,0,0,17.257508340527092,4,0
350.7647953671492,19,4.110758343346713,1,0,0,78.01899357712465,2,0
48.9916186401816,22,4.976900868264219,1,0,0,91.85728682858644,5,0
290.2264932386201,22,8.356479948504589,2,0,0,18.270815923777317,1,0
176.15073484000874,6,3.654737797186111,2,0,0,113.34735029412177,3,0
87.2642670689067,8,1.9366938142481194,1,0,0,57.180209408807286,3,0
27.20319440361413,18,4.62834289533843,2,0,0,141.06097263731624,2,0
134.19817183021644,22,17.662580259573893,1,1,0,168.4999507884275,5,0
99.91860829454465,19,1.8533666132110587,2,0,0,113.89425168597185,2,0
76.03382269971728,14,5.427247567417624,1,0,0,152.15728394592168,0,0
151.84123798296898,20,3.329260185010839,2,0,0,18.610320641051324,4,0
165.01063912142277,15,1.9155109941429282,1,0,0,75.99741526093203,3,0
300.84890286148465,14,9.579280918231438,2,0,0,39.73104027733768,1,0
46.14815360882025,21,2.551711335267417,2,0,0,49.002433074436354,2,0
600.5748576742197,12,5.749645073730749,2,0,0,37.111606367748,4,0
415.0220135348818,6,0.09819513453567708,1,0,0,47.17279267721534,2,0
171.65457646240208,19,2.4373385226492545,1,0,0,110.56439275860498,1,0
49.834883524711934,7,5.29106017853779,1,0,0,110.62384626219954,1,0
156.4975078938339,20,2.7105459393813476,1,0,0,42.22232970976099,3,0
65.16511353970404,17,7.983377175247409,2,0,0,42.57457195867247,3,0
254.05224739166357,9,6.267585383755067,1,0,0,37.86172584969962,0,0
69.59550621519065,6,2.1792500846055542,1,0,0,281.45633143377944,5,0
132.16689089190422,13,3.387720359814619,2,0,0,160.54370793555617,2,0
36.683997139684365,9,0.7090417992790996,1,0,0,15.141396408201338,3,0
80.3602261471098,22,3.5949387958753465,1,0,0,274.3987518895761,1,0
40.35844199198158,6,1.7074381932145377,1,0,0,35.157395117476014,3,0
56.632459327911405,21,11.535475547918388,1,0,0,215.0848973124658,4,0
14.423446644825974,18,1.8218714270498562,1,0,0,255.8571092947259,2,0
200.573700749251,21,19.1253040950535,2,1,0,37.608902981636604,4,0
137.5609183473507,17,0.8995339076287603,1,0,0,74.98953588119755,0,0
77.45363813385976,8,6.231440202775782,1,1,0,198.33182644961386,1,0
64.8669243382344,10,1.1783377526338186,1,0,0,404.7122022818893,2,0
26.771633283357936,8,2.4005628825365317,1,0,0,253.53207289652602,3,0
25.05239079212827,6,0.6529694775314108,1,1,0,38.49765472874667,4,0
162.5744609296229,9,4.545676141100933,1,0,0,76.25472823963062,0,0
1952.4892387608131,9,2.5270561937855565,1,0,0,139.12951553716465,3,0
22.29921542797043,6,4.924242172907297,1,0,0,59.45412877721409,3,0
86.80544863229387,7,9.872930130258503,1,0,0,37.162341915014245,2,0
49.93066000622765,14,8.79048373185072,2,0,0,288.0961846553643,7,0
161.50305386059077,18,3.7757358042563594,1,0,0,47.82934484069059,3,0
476.0882392783706,20,1.3309640698880298,2,0,0,113.52493083989624,4,0
15.756106841960527,8,3.3925765907554997,1,0,0,66.31671324030569,4,0
53.183709842162024,7,2.970133360723397,1,0,0,39.831499165215,2,0
19.954900294297133,18,13.63839945058804,1,1,0,367.1366681967486,3,0
72.4562513142879,16,2.050737167971438,2,0,0,99.99609593384582,5,0
38.73538040280666,6,6.198183842953772,1,0,0,88.30623806688796,1,0
34.84979212123389,15,20.143387858896872,1,1,0,111.38844933204588,1,0
73.02326772015795,8,1.0331627116913127,1,0,0,130.71066810389888,2,0
22.65502847943643,22,25.002163697007518,1,0,0,46.44329033441211,2,0
132.6454632418554,14,0.9218978413919203,1,0,0,23.39868481745213,2,0
21.614206118758588,10,2.514490349390735,1,0,0,49.244775107307866,3,0
123.48947838589247,21,0.8373663287733245,1,0,0,143.00030096423092,3,0
62.40580643331291,11,0.05759345112038737,1,0,0,197.30680582070232,4,0
91.72720871866123,18,11.774084165280676,2,0,0,320.7510046239,3,0
629.6694973039739,13,6.759339407346211,2,1,0,146.6720564526151,1,0
681.0299054641825,11,2.186085081169618,1,1,0,81.90173918113625,2,0
54.87371858694465,7,3.2941381675951495,2,0,0,127.11311882413926,3,0
74.04030808979397,22,2.2348092110738613,1,0,0,35.22465754348922,1,0
43.29956945186707,12,1.6938933265923162,1,0,0,140.78407383032473,2,0
266.02308829327893,14,3.766096576470436,1,1,0,83.55276376790884,4,0
36.67773640715458,9,2.2887347789833483,1,0,0,95.35563089221054,2,0
9.783522834876573,14,2.6388734985487803,1,0,0,109.19518683097078,2,0
56.34558493374317,17,0.45252797663951205,2,0,0,15.602993004976916,1,0
54.61288390378548,19,12.029258808936675,1,1,0,35.72146424995195,7,0
353.5745084986808,12,0.6144806153003372,1,0,0,76.28818791368249,2,0
9.921514958665997,7,1.5426439035356272,2,0,0,137.84858300318913,6,0
193.68690721886898,20,0.5236179832964776,1,0,1,144.18760986123743,4,0
113.47782849330682,19,1.9573964779131192,1,0,0,103.37013480988014,2,0
73.59522161537316,22,2.16967483699258,2,0,0,75.03584270380829,3,0
6.664953068847858,6,2.0065748026229144,2,0,0,49.66066873638402,2,0
133.39542524721787,16,3.0118460509627116,2,1,0,32.125862169204126,4,0
44.36159444664021,18,4.5440900256334436,1,0,0,246.50381768561616,3,0
74.5007966580452,15,0.12256402213528247,1,0,0,86.82722023895285,5,0
45.74144874353102,7,2.027844558988505,1,0,0,59.071172577903724,3,0
224.20729013898725,0,127.78591453626257,3,1,1,36.29509746803251,13,1
94.02067159172282,13,1.7865956858667658,2,0,0,246.7938572533863,5,0
25.06938476536802,8,7.876139214877797,1,0,0,151.1463714470134,4,0
1502.1526292013655,10,5.455912120025708,1,0,0,47.1686208260527,0,0
93.97613535643706,12,11.373629042938848,1,0,0,40.1896170002689,2,0
28.568611358661432,18,4.1086953885752635,1,0,0,99.61550458034729,2,0
17.715783518481366,7,9.796771663435834,2,0,0,36.84760306359514,3,0
73.68496279161944,8,8.045753894301102,1,0,0,32.82166712161974,5,0
75.37744680103226,18,2.6624545967845115,2,0,0,150.23389857850742,2,0
53.371504475345496,18,3.308773627832981,2,0,0,50.62462610839244,1,0
25.278112716446664,15,2.880986958886415,1,0,0,64.91912538401357,2,0
210.75986282048353,11,5.718412391182422,1,0,0,51.89484287683049,2,0
124.94573513924246,10,4.5064967185112845,1,0,0,85.22392477722877,3,0
13.359028416158626,14,21.496563304535734,1,0,0,128.28863333668033,6,0
93.10417754826264,14,5.2646285588245325,1,0,0,141.51487019972208,3,0
48.51266791198875,19,4.5291548813868925,1,0,0,93.1260289234699,2,0
164.53028966359165,22,1.569206093614686,1,0,0,49.98566917459701,2,0
97.26901773724062,9,4.886049318167864,2,0,0,309.52356941879424,4,0
111.00044721440197,18,6.132351408981108,1,0,0,283.1864300412257,2,0
60.154966701177756,15,7.0746667050898875,1,0,0,37.10939957715667,4,0
41.25845735742512,9,1.6623812628393855,1,0,0,20.367887958612055,1,0
92.6450536735832,8,1.5192611604226678,1,0,0,23.00913709705397,3,0
161.05136719038376,16,3.2145123930512867,1,0,0,231.2975347290647,4,0
90.81129343387734,7,11.981902908444958,1,0,0,128.99427984203092,1,0
92.00922292091711,12,0.9132164148835378,2,0,0,181.21549501142565,4,0
146.395226240721,15,12.099419406122056,2,0,0,70.70112152226095,3,0
81.0979113687157,8,0.29168128901148754,1,0,0,75.72988641826393,3,0
164.64481549277815,18,5.356702953810858,1,0,0,12.135182775487614,3,0
48.934750968604845,19,5.271299541031826,1,1,0,274.68893152739037,3,0
21.654956075300692,15,1.1326551069347532,1,0,0,188.60736003980801,10,0
257.31976988746146,21,0.8001309156187143,1,1,0,22.12411946286647,5,0
93.1556559744726,8,5.627188787774056,1,1,0,70.31078347267994,2,0
445.25500834930233,11,2.422641623043445,2,0,0,429.1745779238272,3,0
38.0703055431164,22,10.273778510716905,1,0,0,19.158211235517612,5,0
349.197567774425,16,4.802078991394614,1,0,0,146.6202873991115,4,0
49.95552818081991,19,4.202766983860658,1,1,0,108.9804237061399,1,0
18.926522039040258,6,5.173004972456696,1,0,0,121.42313707569794,2,0
561.9757872914868,19,2.4837836044603687,1,0,0,65.66891033339073,0,0
291.03463381397194,16,0.18125222424581156,1,0,0,218.22824334265925,1,0
51.79569544092867,19,1.428419135509529,1,0,0,53.22522500175597,5,0
48.03119041753494,18,2.4066020434440465,1,0,0,28.928559364308796,1,0
13.561539688419172,19,9.16237687380933,1,0,0,156.9478300231063,4,0
20.83189137893795,18,12.381960109989397,2,0,0,445.48554731555294,3,0
10.784879436779711,13,1.0748227003220345,1,0,0,77.59588458283088,1,0
60.88429947190251,20,5.0275499417889336,1,0,0,356.01373903148954,5,0
139.21308921862115,10,0.7841404294770077,1,0,0,41.25739741382578,3,0
19.57677051261524,14,1.8574450858821236,1,0,0,37.23491854986173,4,0
74.60988285766865,15,0.08831922793331504,2,1,0,33.5306527872077,1,0
92.19473670324106,20,1.5686005859745376,1,0,0,26.94235192843158,1,0
32.794777996453824,14,0.34604613796562744,2,0,0,88.11474275859098,4,0
133.9728947863593,7,1.8867592597029883,2,0,0,73.16539459604493,2,0
23.901765199217447,10,3.1045491045781355,1,0,0,108.17255092038596,1,0
50.69865211376414,12,24.732561769992763,1,0,0,73.37842168830238,2,0
62.06740602792646,8,5.285093699212069,2,1,0,94.37938331916385,2,0
89.09005482241348,7,0.3773326516563096,2,0,0,14.759710066491584,4,0
68.0339399877632,10,0.060318594769798235,1,0,0,122.46439826159866,4,0
192.6445255888362,20,1.1016238939515066,1,1,0,62.93092152626666,2,0
12.815152305405725,16,8.89928282786336,1,0,0,111.29258307872428,5,0
30.201113653705402,19,1.534263038551153,2,0,0,52.406091472752806,5,0
474.5568337504298,2,57.72165683061806,4,1,1,251.543178657595,13,1
75.65066114236083,10,3.0615156355699376,1,0,0,54.178864909232985,1,0
61.08706145411635,10,2.829537931460393,1,0,0,34.49554897255778,3,0
74.40304690332604,18,9.221289445258904,1,0,0,228.96672502162636,3,0
218.61033161335484,13,7.682181205535052,1,0,0,239.2330195504069,1,0
17.82901066943844,13,5.511110361653123,1,0,0,38.75615562913647,3,0
31.46198432617616,20,10.711046956648719,1,1,0,320.5853172852443,2,0
167.6821109658785,17,2.6431058268782985,2,1,0,116.98833772392283,1,0
71.20707629774117,11,0.30790536801671886,1,0,0,77.79777520495169,4,0
21.926507623743486,17,0.4902144278671571,2,0,0,44.83864461714934,3,0
132.4656435460312,11,0.3078766273466123,1,0,0,158.02060373929814,2,0
122.91472949214089,16,5.720270100960915,1,0,0,140.90240502285994,5,0
128.90234387900037,9,21.58207648657976,1,0,0,54.797522898677585,2,0
175.32263120587382,14,3.7212393890523057,1,0,0,34.1644494956498,2,0
233.98786082766554,12,13.327457635908166,1,0,0,288.0299682659683,4,0
118.11793618101335,19,3.791566677321491,1,0,0,129.75970188148594,2,0
36.79613077930929,21,0.3552972970900846,1,0,0,223.27673308653502,1,0
109.44292946445663,7,0.2775753408023871,1,0,0,69.36947210274897,5,0
93.14453415939388,18,7.306388944474902,1,0,0,14.190274568667022,8,0
114.348049622137,9,10.186862626631006,1,0,0,82.55940985711987,3,0
297.862355840033,7,1.1523471444557827,2,0,0,49.92102392443782,5,0
74.4633089346718,14,0.009937589404607884,2,0,0,126.1885956172252,5,0
181.17515071960983,21,6.375134154982475,1,0,0,139.30647234512296,0,0
24.542805666171837,7,2.820120551873927,1,0,0,48.19574522984083,5,0
77.47415624712096,17,5.7654679730226555,1,0,0,87.38036218137952,2,0
148.57563719305537,17,0.10097622150843133,1,0,0,169.4117661629814,2,0
601.0841740328541,12,2.449228637825624,1,0,0,29.110228465007246,2,0
22.786429812393653,16,1.6082580535193378,1,0,0,36.65515119210544,2,0
46.47780772158715,15,4.550962891024966,2,0,0,222.59143524979098,2,0
117.1851994746726,14,0.9473044963486468,1,1,0,99.81016435541478,0,0
68.4433857521448,18,0.5548145924758457,1,0,0,61.64352736147273,3,0
86.69787338207153,11,5.687638612695835,1,0,0,117.73564517752546,4,0
87.79223360940045,12,3.6277218025316054,2,0,0,52.98622094036636,7,0
30.304814355787634,8,4.331773918127098,1,0,0,238.65750122112684,1,0
30.057881935537242,18,12.762198035029389,2,1,0,104.12119935140993,2,0
127.24537751992237,19,2.579651228231003,1,0,0,273.4738208567344,2,0
40.834427813553404,10,3.157401815323857,1,0,0,39.33630987131823,0,0
267.9982431786877,11,2.1440961407995602,1,0,0,59.7143550909776,2,0
146.62411701187,21,12.431411464623137,2,0,0,72.78983975801289,2,0
21.524004450047745,12,0.21079107437023087,1,0,0,34.41573641311948,2,0
217.80644163813508,21,6.826980098455909,2,0,0,201.72246485934966,4,0
172.8324932637399,7,1.0022709027060588,2,0,0,72.87956171280281,0,0
110.50661011728978,11,3.1978489240041226,1,0,0,88.3680264296155,4,0
274.706012073921,5,103.46787040514602,4,1,0,123.53870935690975,10,1
175.1911780618735,20,3.6623854500537534,2,1,0,75.31118104736078,6,0
92.39668027207593,17,2.4828882699666903,1,0,0,60.20340234989903,2,0
178.79862818641834,18,19.94685979762825,1,0,0,184.49639524481205,1,0
36.721329542630656,11,2.819510333422894,1,0,0,88.05344305356829,3,0
53.9892160351839,13,0.02016366070745236,1,0,0,100.48728561210051,3,0
149.8318348106307,15,4.515005488065141,1,1,0,152.73814197640422,2,0
62.903161482555674,15,5.602246421137251,2,0,0,149.59194633651933,4,0
89.48269823539609,16,7.349184777934671,1,0,0,123.74734024883229,2,0
31.939913290617394,6,2.8438576246831406,2,1,0,96.21397947977998,4,0
18.887621823998835,21,8.599092212034611,1,1,0,47.38826003717605,1,0
39.53332940316879,19,4.021696456839817,2,0,0,55.73414537577855,2,0
148.6954469105871,12,0.5524619620725437,2,1,0,16.2788483171946,4,0
103.63615411711883,11,13.206046211850621,1,0,0,32.609901180653985,4,0
242.72431906770296,19,2.763708494119755,1,0,0,83.27388962050077,2,0
76.71225469846932,11,9.248690886693106,1,0,0,189.4243775568571,2,0
121.9753037062934,12,2.7221313196323305,1,0,0,147.83587729017557,2,0
85.12730290734827,15,1.7904286490520016,1,0,0,121.39150453805152,4,0
166.6618661179298,8,9.342756931881402,1,0,0,99.1641034872408,2,0
125.96047577798711,10,4.553675480463703,1,0,0,168.11090454824756,2,0
211.1214023906137,9,12.09704066303024,2,0,0,24.088944785540598,3,0
38.05041876229219,13,9.047224982578962,2,0,0,131.61106401053135,3,0
109.17909876860081,17,2.804561373759501,1,0,0,18.63823923400031,2,0
531.3871487322765,19,21.651466828296545,1,0,0,92.00729542100257,1,0
400.6158966087173,16,1.0379206418019176,1,0,0,73.12500493614364,4,0
26.00371531434704,17,7.845338154813342,1,0,0,180.16084451488865,2,0
13.468178019076479,21,1.333747898942217,1,0,1,48.51687214392915,2,0
36.7326990774648,16,0.7329483234882332,1,0,0,152.1687071577913,3,0
88.94361728912583,6,15.885427306380535,1,0,0,137.69751915350585,1,0
58.121851789338145,14,2.058044395238488,1,0,0,34.33709951131906,2,0
65.3431550594157,17,12.872708634685807,2,1,0,68.53920068093619,2,0
37.94421441588728,21,11.150633951302968,1,0,0,101.70539435063857,3,0
15.971679306152973,18,2.206387820553176,2,0,0,45.806466388826735,2,0
65.44772188209447,9,4.485371691467478,1,0,0,98.35982145384398,4,0
80.38611847896325,17,10.853198275668198,1,0,0,183.74062173914473,4,0
78.28925553805807,15,14.067830826484865,1,0,0,207.1533822331332,2,0
123.99194179247503,9,1.8846629044580931,1,0,0,251.87605796615705,4,0
39.670711486837305,10,7.731540700065551,2,0,0,76.12297554611173,4,0
47.683723811042924,12,2.3052269025633936,1,0,0,46.59130929516562,1,0
54.097427689925205,17,1.0006828155168561,1,0,0,52.83190719280052,3,0
136.68523836032824,21,2.8405147936418675,2,0,0,16.850909603886954,5,0
57.55137944245868,17,1.2216508834199633,1,0,0,79.2362306785003,2,0
83.00766015520281,6,12.624798336557683,1,0,0,39.85741496149531,0,0
33.336113552540084,11,0.9525063991125764,1,0,0,292.6365043338184,5,0
41.10979765567138,20,0.33961489744677553,2,0,0,69.51392896214804,4,0
37.08894985658279,10,7.323700755506541,1,0,0,149.4837647976229,5,0
212.8256930848154,13,1.36174941274987,1,0,0,78.46614711578044,5,0
595.427000169732,19,3.2453210620126023,2,1,0,29.584135790438168,1,0
125.31956919097871,9,2.1529107256075437,1,0,0,167.9133604228391,8,0
70.11286243723396,18,9.360024229424454,1,0,0,84.62971875993783,3,0
62.607391038509775,8,3.258323544509429,1,0,0,197.7607195487346,5,0
71.0356165819262,13,5.905020887138917,2,0,0,140.872378022847,2,0
87.1577233124024,15,8.187583233183588,1,0,0,100.19452480539546,3,0
9.79067139680955,19,14.246057578651099,1,1,0,33.141084849219716,3,0
231.29998531676438,17,16.98767903899608,1,0,0,63.34889963126316,4,0
55.523898834684736,10,1.3371223793169473,1,0,0,72.22051611522524,3,0
42.11049017781778,18,9.718069237559522,1,0,0,62.81704396641262,3,0
262.52994723517173,21,2.7242813072809193,1,0,0,224.6110255496071,2,0
160.00499221751866,17,1.6081958132623981,1,0,0,29.487573720352298,3,0
234.62627790575152,21,1.0104691504014354,1,0,0,31.41270192685091,1,0
506.2162002397772,20,5.787388362841322,1,0,0,20.207253150364696,3,0
23.107190797452112,21,9.886407277815666,1,0,0,243.89694791951501,1,0
117.24371044264059,22,1.9379315727405657,1,0,0,118.79558040663939,3,0
38.48540500041486,6,11.14125657524415,2,0,0,52.005277745600445,5,0
107.72937255277004,19,6.497086878012145,1,0,0,50.54823938553603,1,0
73.26921755002228,6,6.039825738853076,2,0,0,37.047232259583566,1,0
18.464760117018752,20,0.8398009710211117,1,0,0,92.76088083178027,3,0
144.0964686023871,6,1.526262157890834,1,0,0,24.346857559584063,3,0
188.82569586306474,21,11.080598470425825,1,0,0,531.7743798736125,5,0
189.13459672665448,17,0.46892888245192615,1,0,0,198.6058108120746,3,0
35.64535593310203,8,0.8422965841393902,1,0,0,25.286100092799607,1,0
31.33312489860352,9,0.6966993547009365,1,0,0,89.13132379238083,0,0
82.1544031943252,15,4.498876090722846,2,0,0,88.64618190689382,1,0
294.6252337575421,6,2.066702758018407,1,0,0,47.48593338077492,5,0
47.589534455979525,21,0.7921999442649929,1,0,0,92.94496163768821,0,0
12.590345579552263,14,28.892122854890196,2,0,0,223.3686392251181,3,0
3.9019847493165924,16,2.945529969702542,2,0,0,82.0439241028269,3,0
16.101661719239814,12,0.9745619273995256,1,0,0,438.25590642441995,2,0
80.63997556413949,13,4.772636736443655,1,0,0,304.12293553795047,1,0
33.09461656175995,19,12.047962342853056,1,0,0,74.63939728581506,3,0
417.5824884055884,21,0.7920401542759642,2,0,0,47.663049361541,4,0
29.07333033205858,20,6.500620124988645,1,0,0,86.59984621055581,0,0
84.2538331438233,8,0.5864560634835061,2,0,0,43.44612849353446,4,0
267.9664190489384,21,4.391345028396392,2,0,0,231.3027248897657,3,0
64.5487414717188,10,0.8843136772411463,1,0,0,365.7750266300551,2,0
42.292808832777744,15,5.816430263589611,2,0,0,97.22807339768062,4,0
95.48643748996477,6,1.6996153088228119,1,0,0,19.022562702243633,3,0
22.032887546970287,22,2.2134550889410556,1,0,0,45.21727936269117,4,0
64.01337991324698,7,2.2072762716550454,2,0,0,556.6693900712731,3,0
135.45064192218751,11,5.265819625963798,1,0,0,154.1139341288562,3,0
25.595642984571782,7,13.527378585026991,2,0,0,72.82246208582413,2,0
33.17860937135294,15,7.4786196248696974,1,1,0,337.600904862185,4,0
46.537170494594285,12,1.1755830022128175,2,0,0,92.6527667690754,3,0
70.70402868750593,20,0.5351474824802187,1,0,0,91.49345354770122,2,0
291.0438250810588,12,5.221029538481503,2,0,1,123.24753221370716,3,0
86.11111907391883,21,1.6098352302050258,1,0,0,420.2406560652275,2,0
14.268879700280667,6,0.3750514972191901,1,0,0,40.33272340120131,2,0
141.06471000220736,22,7.857231314095073,1,0,0,1153.9259753863616,3,0
38.97886770517513,7,4.861749163288457,1,1,0,66.12182784694213,2,0
41.818691816261264,21,0.7125787536788929,2,0,0,79.60477509268564,2,0
49.06445403148315,22,0.5250808557228965,1,1,0,117.92773300730867,2,0
87.68397931824626,12,3.463905611921217,1,1,0,119.41095049912265,4,0
81.77242632373363,18,5.198256602000311,1,0,0,255.0334456735757,2,0
11.849939100020423,17,6.836403187727269,1,0,0,9.321559481020534,4,0
121.35897734308048,16,0.36250597297266846,1,0,0,183.53567384020673,6,0
169.6566825945322,6,4.90540720486067,1,0,0,38.9406571164559,3,0
65.04908075521337,17,2.9443464524531797,2,0,0,40.46307301003344,4,0
87.1580472736298,8,17.496125624937875,1,0,0,14.606414244125592,1,0
17.90120777607991,9,0.02388762350028778,1,0,0,16.313218851950005,3,0
409.2313875160424,15,5.702392136807617,1,0,0,68.18961221959995,7,0
1450.9352452583926,20,8.53181960132157,1,0,0,151.5138670445319,1,0
31.73506767721254,17,0.4345738975598576,1,0,0,559.7811761168109,3,0
243.33701500293307,21,0.3771679520587981,1,0,0,58.492783546414664,3,0
11.224182383805912,12,0.4828591427785919,1,0,0,94.79454486851664,5,0
39.214629691536125,19,3.0691303165946855,1,0,0,119.24054299311821,5,0
34.85105743364898,9,2.0724945780130417,1,1,0,525.6290078152613,4,0
10.803960554121938,9,1.7763001715782427,1,0,0,20.531873983462493,4,0
103.44382243614011,13,11.51997872280374,1,0,0,74.25351399774618,6,0
30.33345790644941,18,3.291565412908184,1,0,0,325.7485212529281,4,0
101.20257651360238,7,3.913865980147642,2,0,0,347.50851174533136,4,0
155.7211526382426,20,6.457910289659167,1,0,0,69.82511969066563,4,0
95.41279863782047,20,0.3003536107922174,1,0,0,25.31031569562959,7,0
75.72848102744953,18,0.13892268955473,2,0,0,65.47166627531801,6,0
187.66107540699446,20,0.3835760122310965,1,0,0,51.36877456632677,3,0
65.67401548279814,16,8.842825941273713,1,1,0,71.98751281031548,5,0
92.24350188587015,11,27.12205520138574,2,1,0,151.2542740910518,1,0
11.7491335464563,12,4.012149770754645,1,0,0,163.34637981262117,3,0
81.71902902345333,7,1.7029679268094604,1,0,0,119.42279098732838,3,0
70.5253096717802,7,8.06928109785243,1,0,0,74.22805116671384,5,0
243.32902216995035,20,14.290435122527793,1,0,0,49.15564039123132,3,0
60.434173115808775,7,1.9121665808928858,2,0,0,375.01773395846254,7,0
67.84601637813792,18,2.7696221903922815,1,0,0,48.30660615918864,0,0
52.19991743545358,20,2.952602034646385,2,0,0,59.39386628836345,3,0
260.3865994458232,22,9.064148780727152,1,0,1,14.745639773721656,4,0
26.471263099091885,17,5.960806454340622,2,0,0,124.7606592316382,7,0
110.3816446195741,21,10.54167158492907,1,0,0,147.61472895527737,0,0
1129.9489675788725,13,18.85244508592042,1,0,0,191.38372303200492,5,0
141.6820586302638,19,5.478961163199925,1,0,0,220.85240417710773,3,0
271.3207992932498,22,20.148890027305427,1,0,1,70.30881682254207,2,0
250.5179674212733,9,0.406342899602508,2,0,0,156.37882948581495,1,0
208.44263352892452,13,18.67314842543817,1,1,0,48.60543978611424,0,0
384.56687430096747,21,0.1744406302429391,1,0,0,24.592844829297707,1,0
169.88130912629123,17,5.553049720659335,1,0,0,87.97172013608852,5,0
43.663537758497924,7,2.0281586204937905,1,0,0,129.82142195840228,3,0
29.56836872785787,17,6.813441653930279,2,0,0,58.563593384835116,3,0
233.6914752348232,13,1.861041820695629,2,0,0,154.8088847032696,4,0
95.92262765328438,20,1.2102583595417444,1,0,0,63.67335817791647,3,0
50.495617042865774,6,5.560690432368755,2,0,0,19.480593916738002,2,0
336.0950697527488,17,3.7227624882307744,1,0,0,34.00668035914762,4,0
729.5203589677365,19,1.5000767391805259,1,0,0,40.61343025484004,9,0
114.39158496466534,15,5.4273537681829,1,0,0,101.51304955126895,4,0
154.1256517781208,8,5.170248160126971,1,0,0,50.58748519066502,2,0
24.115820563791143,20,0.1277937265075516,1,0,0,57.16554638238902,3,0
238.67904307743868,9,7.486749870154073,1,0,0,387.24407357733753,1,0
199.95474154429712,12,7.404294785514502,2,0,0,15.171939611849522,3,0
25.779826463010117,12,4.246522457643877,1,0,0,46.65691343474046,3,0
53.317718055103285,19,3.5664664375363557,1,0,0,148.89227189950785,2,0
16.27119953910748,9,2.9852955868468936,1,0,0,63.83216328262671,3,0
46.91791814051781,22,3.8762291650680876,2,0,0,27.804715019041588,2,0
103.1926258537331,12,2.4004755288422372,1,0,0,43.098769270746594,4,0
369.45423588254255,17,9.999081053951286,1,1,0,26.95629273471063,2,0
290.35432039702647,15,8.84639514684176,1,0,0,94.27445205080573,3,0
180.09399551784432,14,11.518182819999625,1,0,0,55.189234782814324,6,0
133.27517385334497,19,0.06384212363740097,1,0,0,169.01892450718458,5,0
64.21166588601929,6,16.246815397852316,1,0,0,50.28261076862242,1,0
65.29013554843259,10,4.060580061992388,1,0,0,71.81281558108675,3,0
34.255367803894636,8,0.6194644809251517,2,0,0,139.91663964115833,2,0
48.50345245047772,18,2.3776873742315243,1,0,0,121.45463809280035,2,0
326.9321817352233,21,2.7256661444543067,1,0,0,258.2840133241396,1,0
48.0511512196769,17,5.757992937497636,1,0,0,89.53714422858918,4,0
19.796985741212694,16,1.7374809387595813,1,0,0,183.3273304386029,3,0
100.93493070919479,6,0.34427383849170246,1,0,0,107.35364403336418,2,0
167.63851457541807,18,0.3655105832631613,1,0,0,120.76760755303945,4,0
28.4458549050847,14,1.5823347145312163,1,1,0,15.321302272564854,3,0
40.516234897741434,8,1.6599015534269388,2,0,0,149.49092569873545,3,0
65.99659806604038,14,4.035240524861669,2,0,0,51.197872580298935,4,0
35.84938481479725,8,2.2230444945807544,1,0,0,59.60878527966271,5,0
167.29166477124411,18,0.5913773954948516,2,0,0,64.726290622157,2,0
60.76094574958237,9,2.1652752580213033,1,1,0,71.00303451047223,3,0
332.31130786662595,12,1.07462190392533,1,0,0,98.35569683041567,4,0
302.83230043827007,12,2.542318680480511,1,0,0,56.14953152646404,2,0
95.12570643399938,12,1.8908758936602883,1,0,0,67.25947856820392,5,0
27.450972104472783,8,3.535604587787709,1,0,0,91.02631819923134,1,0
53.05787602633898,22,6.966431328194743,1,0,0,100.62648946253785,3,0
41.25617798429126,21,2.515878775806462,1,0,0,120.72350550412106,2,0
101.52404141964197,17,1.6342144762024382,1,0,0,91.96819909072431,1,0
46.81022264585551,17,8.405422135752513,1,0,0,49.08314709736803,2,0
56.64697782807564,20,2.644219678964839,1,0,0,99.55294263076549,0,0
115.60742754015826,16,1.7436975667087191,2,0,0,48.69701734242078,2,0
189.0142283290043,17,9.492961268129651,2,0,0,31.583610392284378,3,0
65.58325826907675,10,8.636220139622012,1,0,0,98.43518855649388,3,0
542.7588973284196,8,24.850853540717083,2,0,0,350.0207643593857,3,0
15.575748903003975,20,1.571387480659858,1,0,0,64.22862677067131,4,0
164.54554991945716,16,0.05476146242172442,1,0,0,23.551544090613245,4,0
131.03387238821978,12,0.7016382288712333,1,0,0,50.15816493657447,2,0
41.44609381093471,14,0.8390647363895427,1,0,0,55.899795657801256,4,0
23.802098388112796,6,1.4709225806363704,1,0,0,170.33037781517172,1,0
71.44518573019135,14,2.014409399260323,1,1,0,226.84240808740614,2,0
236.2408021925033,17,1.3483229703211554,1,0,0,100.38928272403388,4,0
207.18315417529735,15,5.7207742713551015,1,0,0,156.8783068173865,4,0
30.94455573292546,7,1.313991453402199,2,0,0,29.358705503793228,4,0
57.38587014691661,6,19.62342856991914,1,0,0,147.21385194003238,4,0
75.543259833729,12,6.0195327022220315,1,0,0,288.01841190373534,1,0
221.49468382233417,15,0.3846642219834357,1,0,0,219.03616204674887,2,0
41.29017898600934,7,7.153544751322192,1,0,0,62.657412585982314,7,0
39.675828179278334,17,14.484944919571872,2,0,0,61.577556464764,2,0
119.49659431939284,11,13.52768493223073,2,0,0,126.31808638116065,6,0
3.755780751619508,19,7.990602689970326,2,0,0,89.61674587477866,0,0
507.9189130498102,20,10.848940569763796,1,1,0,74.72696450907813,5,0
49.77607986387431,21,5.872889700921121,1,0,0,142.82023378760312,2,0
75.22513560156558,18,5.088699026190053,1,0,0,51.425454626131675,0,0
107.90529543907437,20,0.6126304355060213,1,0,0,123.46492687763146,2,0
136.82525193095802,18,4.91861588017854,2,0,0,89.64721376983697,5,0
162.07783376137797,11,2.5472923223016526,1,0,0,70.0240790465023,2,0
207.78089560075077,19,1.7188442732320177,2,0,0,52.40836545011756,1,0
171.76541438197515,21,0.16146042276622696,2,0,0,53.54952841928694,3,0
83.5986303351513,19,1.5866121616522193,1,0,0,19.612667812097502,1,0
21.91725532795912,7,0.566958134511925,1,0,0,144.56068286402908,0,0
14.415698015756934,22,3.799412457759698,1,0,0,50.04512437635831,3,0
30.200497766253505,6,3.4278684664357058,1,0,0,288.21170270545434,4,0
93.00365902097721,15,3.1476332835810656,1,0,0,117.36805275644983,2,0
89.32764409210783,12,0.7839415180054499,1,0,0,96.95431848910381,3,0
43.56509197292557,22,1.4713624818037052,2,0,0,91.1408017433284,2,0
111.1652093384755,8,0.25626629000740186,1,0,0,279.82711478546446,4,0
40.11304987429731,22,7.517695077015487,1,0,0,38.45734453678699,0,0
293.9909846996461,11,1.849727153416004,1,0,0,105.23890721487325,2,0
338.93103413096,18,13.53576555237207,1,0,0,420.608947771803,4,0
18.115775864653664,13,2.3048622853066543,1,0,0,283.09087511614723,2,0
37.46109449847318,22,10.766090229727618,1,0,0,167.44363894239896,5,0
308.1109815443823,13,7.397097434154939,1,0,0,142.62194100064522,4,0
85.79077580971452,13,6.459854306184792,1,0,0,41.607867894458956,1,0
210.5265952803173,7,14.608425682369514,1,0,0,111.31990571475491,3,0
87.01450022956045,9,1.2291216586748948,1,1,0,104.87510274448286,3,0
22.074805733210013,10,5.568280045871644,2,0,0,174.6594778348977,3,0
385.99419177892634,22,0.304651114863991,1,0,0,31.983335205573376,8,0
114.53457668627942,9,0.2967152212665602,1,0,0,84.33109417273498,5,0
42.03119728139487,12,3.2428024291385897,1,0,0,166.51227769885344,4,0
102.71189846750998,9,4.007702327772529,1,1,0,41.62895420845992,3,0
157.2458188993752,19,1.6737599399396172,2,0,0,358.28533287039113,2,0
280.8376601967956,7,4.36906110970155,2,0,0,57.24461796182676,4,0
227.2874241532827,11,1.9701140492025428,1,0,0,552.7153545218728,4,0
187.25889091268843,16,1.021227140837613,1,0,0,86.98478688439309,3,0
71.17030938860803,12,3.3071781388339394,1,0,0,282.69449300259873,7,0
30.003697574952746,11,15.848702523011033,1,0,0,45.56381531525811,3,0
23.778148922219902,21,1.6903485968446703,1,0,0,163.13701646136454,3,0
446.33701521526615,10,3.9518473492570205,2,0,0,43.51066430359089,3,0
52.82559981392973,19,13.319196585239295,1,0,0,41.47623577774538,3,0
71.8970042324569,11,19.68153981455845,1,0,0,170.5025173353463,4,0
28.855895713852625,8,8.071367042314634,2,0,0,41.41022964319884,6,0
35.653122708010216,15,1.045384036359562,2,0,0,11.922342900517327,8,0
78.08933275385523,9,5.506691855534775,1,0,0,166.2089734119807,6,0
47.10872341416447,14,0.4691069451084465,1,0,0,253.83747691296082,2,0
178.76131137622687,21,1.0381977244881342,1,0,0,71.34580914605473,3,0
29.769193727104795,9,10.15361448996892,1,0,0,92.77551058728658,1,0
558.4833452215972,5,115.93340113550855,2,1,1,128.05470355007964,11,1
443.38674012927345,21,2.0910261018134952,1,0,0,25.93964965719996,4,0
1353.341020839611,20,3.9432335856276794,1,0,0,95.26949206613689,4,0
194.7896298308187,14,8.45035897852968,2,0,0,106.74113306584444,2,0
151.24048418314112,17,6.6201765804183355,1,0,0,116.940344895961,1,0
400.08373344041877,22,9.28358052347508,1,0,0,109.19214894566264,3,0
96.76438135739706,7,0.13062627600310112,1,1,0,50.44449542682971,3,0
20.081081211197038,7,2.9891467054696914,2,0,0,98.07830638608426,5,0
99.20176307697307,22,1.623398057132358,2,1,0,85.34606719957749,4,0
85.15007850670538,6,1.6848443957280317,1,0,0,142.08269400247138,3,0
407.12937653916765,9,2.4856603096340044,1,0,0,47.1130462123968,5,0
43.79610687611195,14,1.5883805935946498,1,0,0,103.6654551753529,1,0
24.910072346428386,19,5.420661216458493,1,0,0,142.44653466926903,1,0
56.99159172824109,21,7.703542171857452,1,0,0,74.43270668110662,3,0
56.388278908861466,22,8.462037396567515,1,1,0,52.978156923341395,2,0
29.750418026312687,6,7.997197350195192,2,0,0,38.98795875447605,5,0
126.1665250908156,21,4.091229602819487,2,0,0,45.63202949320606,8,0
537.7245361410467,18,0.6052912747934429,1,0,0,86.86636679997038,4,0
85.60655784489758,17,4.63881729941652,1,0,0,86.4097578977472,2,0
41.56841211721227,16,6.022464525203082,1,0,0,137.48967577323597,3,0
20.93121546155976,21,7.778811735284656,1,0,0,154.80723167814602,4,0
545.0842843615515,22,4.862183995147158,1,0,0,94.02671684998595,5,0
63.048732012309856,12,6.031116918146121,1,0,0,92.49331166882877,8,0
17.68449508976261,19,0.37101234898120916,2,0,0,49.29347820501752,6,0
204.8065915668712,19,7.458820819477482,1,0,0,85.96860575505102,1,0
30.713048809743512,17,2.955159316122213,1,0,0,356.06354830024105,4,0
50.01195269103837,12,0.44506199754043935,1,0,0,61.74654779063255,5,0
270.78440689067725,17,3.112056020527225,1,0,0,59.21590126776076,4,0
259.29352310247174,9,4.190838506450617,1,0,0,862.9061548561928,3,0
148.2475030300269,9,4.4881280035600595,1,0,1,873.6398082448956,5,0
57.211309134047795,14,0.10043713080523567,1,0,0,218.443148637079,3,0
260.9087429572407,20,2.660693532885609,1,0,0,45.48440024047419,2,0
25.759432310728513,18,0.7994520551175311,1,0,0,84.50989450345412,5,0
293.9746875577883,6,1.1193349971672875,1,0,0,25.121058397524124,5,0
475.4168769319633,6,5.756821033846659,1,0,0,158.917044980777,4,0
16.417275124961442,14,6.5732430767371355,1,0,0,247.20017288019054,4,0
610.3492619353053,19,21.40706624436731,2,0,0,88.68359502861722,2,0
103.11650072865218,16,3.7589412402691553,1,0,0,230.21592173309034,2,0
28.51107268549449,10,11.50233675461408,1,0,0,68.86734697977394,3,0
112.66871854196114,10,1.6034384993537567,1,0,0,58.63837208754038,1,0
18.301925382443205,12,17.412620586369172,1,0,0,24.73370981340661,3,0
209.72620043380186,19,3.53947896711155,1,0,0,77.70847042771524,1,0
1879.9766865768797,5,118.67969735660388,3,0,0,34.932573287340716,8,1
88.29995696750804,15,2.706255839294921,1,0,0,45.68494867238661,4,0
119.91391524427807,14,9.68931467398627,1,0,0,20.44520169029049,5,0
339.8982851553165,14,5.108128871283792,1,1,0,93.66513589663717,1,0
87.7512293044001,8,2.910374852203386,1,0,0,162.4865423270556,0,0
139.7722692621557,20,3.178603644255518,1,0,0,246.33129109936772,4,0
113.36478994478132,9,3.594929647011813,1,1,0,21.869846381773282,1,0
55.53926013775044,19,0.19109910549374207,2,0,0,150.5351141796433,4,0
292.78545951312657,20,2.123472896846417,1,0,0,413.63081737566904,3,0
175.10204793622927,7,7.028964921643725,1,0,0,168.90213278642648,2,0
63.85818875562446,14,7.519612519949479,1,0,0,155.72297199693983,4,0
84.44683520391105,12,1.1951353158145748,1,0,0,73.67516561281488,4,0
33.16712409211132,20,3.5012491974187876,1,1,0,70.87657861266165,5,0
1265.6944673431813,4,455.4824564454316,4,1,1,67.83502370917849,10,1
142.90394140013467,16,13.149309989549867,1,0,0,78.88904509408461,1,0
67.33805000179488,18,8.08233452127302,1,0,0,123.34181199721475,1,0
206.03762853361582,21,2.9541617090683525,1,0,0,197.158191953324,1,0
22.430632191826184,9,1.2324186793714982,2,0,0,35.81799210040829,2,0
113.73236647219996,19,2.10706114696712,1,0,0,77.6574311691204,2,0
275.5845830340712,18,0.09401992369480208,1,0,0,92.58519473552067,3,0
421.2571809438216,20,6.03954802272905,2,1,0,14.336594591638436,3,0
631.6545488525499,10,1.3863886591241132,1,0,0,138.54666081516223,0,0
201.76882203198824,19,1.6445342888817427,1,0,0,197.47123409058594,0,0
123.6497857496976,15,0.8564077196505768,2,0,0,29.306126991567293,4,0
125.36925609118288,7,4.130401678974173,2,0,0,397.3962209674142,5,0
343.9378772894535,20,16.14861968162116,1,0,0,24.01365237980105,3,0
256.8475327460197,21,20.688997365921598,1,0,0,564.5840446185294,2,0
35.94467455275463,14,1.438713546508314,2,0,0,113.63128349575508,3,0
646.9988254251671,14,9.115007447042155,1,0,0,27.95938781700425,5,0
179.5534052787348,21,1.9986289794664183,1,0,0,124.67706802263939,6,0
129.07496957087784,21,0.12615972340930018,1,0,0,220.21730844831944,4,0
50.043104767123104,16,10.802971002006922,1,1,0,115.60258246287341,3,0
22.05815856327232,8,8.667900761545283,1,0,0,140.6277536972955,3,0
527.510775726855,8,1.3459112438969654,2,0,0,184.07025928103997,6,0
63.74146511649715,17,5.235703621500191,1,0,0,107.39878985639156,3,0
262.11735449464214,9,3.166154943068426,1,0,0,69.72537304348113,5,0
29.648874183905715,18,2.288869476054079,1,0,0,31.40755944162278,0,0
614.2288030546184,9,1.5998425588603724,1,1,0,130.55116667028966,1,0
39.42287837503853,20,9.227223530660954,1,0,0,16.33725230860921,1,0
333.82133103085215,16,0.6492467363734723,1,1,0,238.16023393352668,4,0
475.8688935355724,18,2.269462467502102,1,0,0,108.691128427168,3,0
158.04516714397775,20,9.003812314392977,1,0,0,93.38547619572277,2,0
46.96206614982095,10,2.5280087445681514,2,0,0,97.3569306277465,3,0
83.60074523888119,18,0.4980832515770247,1,0,0,48.33436806885545,2,0
94.6109942110603,20,2.2168877902323185,1,1,0,142.2857348902696,5,0
86.92036807269244,15,0.6633129870447328,1,0,0,34.93785215495941,4,0
151.39177573610738,20,0.45726710147839683,2,0,0,67.44517010643482,4,0
149.0947208660291,10,2.88417760871928,1,0,0,16.66361100918127,4,0
49.41124237188826,18,4.095849691748267,1,0,0,46.17751766434411,5,0
119.80499636840419,13,11.64942061523231,2,0,0,94.39160944657131,2,0
99.47307001434427,13,7.174293252711591,1,0,0,367.69251181148326,2,0
72.26432286192868,20,1.3959415161677702,1,0,0,26.926869944304023,2,0
355.63836475628443,12,7.855853513225952,1,0,0,168.44442316631194,3,0
8.239349813801176,16,1.4705641711158264,1,0,0,101.28340344852934,1,0
59.52488536718856,17,2.679154366759664,2,0,0,170.44909440599776,3,0
337.41176269820545,14,0.31927074606796657,1,0,0,20.536263465965312,2,0
74.92290698293657,13,0.21543576919767005,1,0,0,90.12997979558021,2,0
97.95470184040784,11,6.286537438174655,1,0,0,61.82920224018644,0,0
54.34574152604214,13,5.8086894930755975,1,0,0,111.90950520344194,1,0
120.69713955269003,21,8.638211917657108,1,0,0,50.033665715023304,2,0
181.8427935704105,22,1.9851745820100222,1,0,0,151.3188056253859,5,0
70.38672370501737,6,12.900892800791588,2,0,0,85.22388330932715,3,0
824.1313664916928,18,3.638312367081413,1,0,0,77.55983547605993,0,0
106.2084487044852,21,0.18191504705210856,2,0,0,126.03324720028812,0,0
25.94909578792113,19,3.103824447191885,2,1,0,151.23123417107374,4,0
121.79300219085913,9,6.11211164739499,1,0,0,162.7526310491835,2,0
49.52560483883676,14,1.3505605928051754,1,1,0,20.5706450305119,1,0
355.2594880368848,20,0.41976403832854386,1,0,0,195.09583707329134,2,0
29.89549649522188,13,4.708405705742531,1,1,0,110.50250607902403,1,0
570.4331135362577,8,1.3580086585614448,1,0,0,59.43588887899038,4,0
19.641424164840778,7,0.9494194476654007,2,0,0,276.22074408013987,2,0
29.821372259166186,12,4.77847818428483,1,0,0,33.40286773083061,6,0
57.78542233793326,10,17.035668340791627,1,0,0,21.681075450749475,2,0
33.39156544684761,17,6.795507569611652,1,0,0,179.04579452431702,5,0
176.13841533332936,22,2.0967791127908764,1,0,0,37.45771324828011,1,0
186.00371077151644,22,2.3111505710959044,1,0,0,80.06494976129456,1,0
92.7614810900355,21,3.0957973767808444,2,0,0,46.71515160265039,2,0
58.62446344461656,12,0.32775455452252017,2,1,0,43.038764581143504,2,0
399.06052947471767,8,0.9429041330421093,1,1,0,33.53844739323842,0,0
124.16275078339316,6,3.1892006623134677,2,0,0,66.993045278696,5,0
86.92202996336316,18,16.95044599077885,2,0,1,28.01759325700149,6,0
157.3895333993035,16,14.53521787667964,1,0,0,130.59015313960182,3,0
97.41342605617766,6,2.1530063985890906,1,0,0,191.3436430293411,2,0
114.83889167686931,20,3.474252884956113,1,0,0,19.388415831368135,3,0
75.71135700798646,9,15.437684537292366,1,1,0,69.06970657260437,3,0
147.37589893968084,16,9.381222991205378,2,0,0,250.21935267541375,3,0
283.1651069034994,15,0.13613964864876585,1,0,0,163.99637805479145,2,0
44.71345629534492,7,3.066609198998236,1,0,0,32.022667682735936,2,0
36.99412705386633,14,3.8886597202334334,2,0,0,103.2576142249064,4,0
194.76548177674974,6,0.0827142082118173,2,0,0,56.944366407902564,1,0
99.25282441540506,18,6.239399658167085,1,1,0,21.273750225269676,3,0
84.0619063138363,6,2.806932981238332,1,0,0,337.31334731027226,3,0
109.05995052768189,13,1.7363853285915107,1,0,0,187.09885872089924,6,0
73.06369747110868,14,0.6258110690670936,1,0,0,61.73657738969382,4,0
37.940538236480826,20,8.339142113331222,1,0,0,33.48013137049969,1,0
10.460606663639378,6,5.957231243347081,1,0,0,22.349132144682166,2,0
1237.4314401758152,10,0.24684175790407942,1,0,0,288.4188594020138,6,0
462.70162504217166,10,0.1166466672343028,2,0,0,60.46958722466847,4,0
134.1614788714827,15,5.8378656538372296,1,0,0,43.834777503247395,4,0
59.13442149701455,15,2.2628704920822393,1,0,0,338.2775301178333,0,0
71.66441161951474,8,13.391427943283027,1,0,0,54.80616754374162,1,0
116.13242529847601,6,1.8936684134509383,1,0,0,230.5597209221132,5,0
44.27499829903999,14,3.0320423821952556,2,0,0,65.58001052865336,3,0
61.32117764140288,14,3.1246460772199223,2,0,0,159.30036637027038,3,0
65.11084640524527,11,4.2392399914002965,1,0,0,125.25159566292012,7,0
33.56753907044534,14,2.544788512065165,1,1,0,90.01814350853888,3,0
124.17334604758476,7,1.1563303714540953,1,0,0,145.32415991549763,8,0
5.619176146813413,19,0.04231584681972905,1,0,0,170.3921760726557,6,0
50.31070948189098,8,2.102767803875571,2,0,0,50.19946382327295,4,0
389.80583996813345,9,2.072405844617426,1,0,0,35.066712649248984,3,0
52.31725291200441,14,12.73630821827532,1,1,0,68.54937970415735,1,0
24.02530662432218,6,6.04743453484301,2,1,0,127.33615544586108,4,0
74.10689034827593,15,4.489609580995603,1,0,0,36.84556407840277,5,0
41.714869593218,21,1.7649276245162695,1,1,0,108.27884515389238,2,0
90.58359773299125,21,13.904604844083785,1,0,0,66.35373225860302,3,0
81.54135760482497,12,1.3576554962668597,1,0,0,158.0309970157672,0,0
75.07569249461383,10,19.17980237310362,2,0,0,37.69093381801185,5,0
55.831741583304535,14,0.6621942296945581,1,0,0,40.82937660075059,2,0
21.719040826718967,21,1.4213968011223008,1,0,0,246.79380262939713,4,0
13.911763920319528,17,1.0922233308035618,1,0,0,130.6600575051391,5,0
64.97402042190664,21,5.5662107652461765,2,0,0,94.77373435500317,3,0
16.539378346013784,6,4.7504627980074945,1,0,0,256.9481734675157,5,0
63.38014042873398,20,2.304823172825217,2,0,0,172.71299684918952,1,0
51.820040449933835,20,0.6860275381367147,1,0,0,232.87604420996044,1,0
192.49226357310414,19,4.079449479475875,1,0,0,93.05415705736718,2,0
1045.624833879097,22,1.2240657660162926,2,0,0,40.28041535543347,1,0
104.73228113218663,20,13.777423089572888,1,1,0,74.8344165962827,1,0
49.61725746391321,21,3.772624023782182,2,0,0,52.26977805186673,0,0
238.69763603137173,15,0.41428473584178627,1,0,0,44.81293971520117,5,0
15.939474358363546,8,20.329732194323853,1,0,0,41.23719071194943,2,0
19.048049772024587,21,2.2373413744714403,2,0,0,49.695103260722895,6,0
583.5128674556637,12,0.008036190775965128,1,0,0,232.26997648317834,1,0
33.06184803001538,7,3.2773547189947,1,0,0,35.277248438831535,3,0
153.57788959067256,13,11.663439700887556,2,0,0,36.876684138232235,4,0
109.49131763383835,12,1.4581348924156599,1,0,0,60.81679698938788,1,0
346.9494350073549,15,9.891524830732777,2,0,0,94.96911201315113,3,0
30.510949869139235,16,0.9078140975318407,1,0,0,110.77655243024861,4,0
41.83266422768877,17,6.157082331387302,1,0,0,183.5310523968572,2,0
52.794113278589435,10,0.5345579443788282,1,0,0,149.93053913152062,2,0
26.07422549499633,15,15.037989538142147,1,0,0,142.54291181752467,4,0
69.75884386632792,19,8.19657994391433,1,1,0,58.336695852054405,5,0
85.02614803687977,13,3.607596871794275,1,1,0,459.6029397512219,2,0
34.886756341390836,21,5.015543516727746,1,0,0,124.79563582602357,6,0
72.17042965690082,14,0.16069200375949594,1,0,0,88.0127823797486,1,0
8.290369094785694,6,8.28000756496886,2,0,0,102.95644537748757,7,0
105.43502388849838,16,10.444960304899233,2,0,0,37.22333034408068,3,0
87.85726459021909,8,7.339203999880294,1,0,0,154.3764325414015,4,0
144.57999036224496,12,0.2608478569997355,1,0,0,68.16133025395453,3,0
43.3093376160757,21,6.880596253235832,2,0,0,15.982753994092048,3,0
55.33046589209137,20,3.419528496502586,1,0,0,87.17406399678815,2,0
409.7080399495103,20,2.5603266677542007,1,0,0,59.3468698083483,1,0
183.82799196185115,14,1.8976803713758161,1,0,0,123.58949988709753,3,0
95.54815582959537,15,2.785508672068622,1,0,0,11.952614222689988,3,0
60.11723461077612,16,5.472509811086318,1,1,0,76.88646287166146,2,0
144.98800876095177,11,17.52688255926842,1,0,0,31.16886748699151,2,0
18.27570059596671,19,0.7434014566736592,2,0,0,125.8680619497645,3,0
72.49204288042411,16,23.41941169172429,1,0,0,40.97528484427085,0,0
370.63009870460337,6,2.9724750299218576,2,0,0,95.05505330811079,1,0
3915.93729490704,5,439.3277653358948,2,0,1,27.65145350612704,12,1
210.94365204526918,17,0.7993528373801285,1,0,0,71.56647227038674,2,0
1696.833669816829,5,185.26648198286563,3,1,1,63.68287566982228,16,1
164.6320922769119,20,0.7211552938076156,1,0,0,68.6937761437584,1,0
54.74482554531396,22,0.4007023175241106,1,0,0,175.41977442136792,3,0
98.62400876902504,9,2.7154507699297254,1,0,0,213.81067691315243,3,0
125.32122389744637,14,4.848490794345197,1,1,0,43.32897243272472,1,0
49.26329814246142,6,5.479570930068958,1,0,0,133.80325154059116,5,0
93.6639916835887,14,1.0225879048061033,1,0,0,146.21982708301394,1,0
238.78059723850473,9,12.911965948054476,2,0,0,74.05748306823104,1,0
38.27911800091238,20,3.2036032954823295,1,0,0,233.9428847767951,3,0
147.77367612844756,19,1.26449578053666,1,0,0,31.644230189439313,2,0
110.43079460677583,22,3.099242325669,1,1,0,72.01703513570084,7,0
61.51649659774115,19,0.49743916234106766,2,0,0,32.6279037564787,2,0
26.851058882956927,20,2.686081047995442,1,0,0,83.1972522701561,6,0
85.71561112288025,19,7.772814410543231,2,0,0,32.09005319705129,2,0
184.04391362291017,20,0.22512174674750016,1,0,0,146.87424990927713,0,0
98.36229905548703,16,11.09016648639228,1,0,0,33.426667661497476,3,0
117.24529418586792,21,7.894077251095339,2,0,0,251.63112758200356,3,0
58.22038219878154,13,0.9000815746526025,1,0,0,346.1367740484617,3,0
692.3792717202006,9,6.2938484382969335,1,0,0,324.9101949632951,0,0
72.18781346230412,16,15.78271452326383,1,0,0,220.58042938836329,3,0
26.443228424750338,9,2.21097600517893,1,0,0,134.83526915937102,4,0
171.42121406577112,16,0.832822117777323,1,1,0,167.57171430987222,2,0
81.43831996858943,19,3.8219251578929363,2,0,0,102.19714741768216,4,0
52.707870431056975,18,10.31342755511445,2,0,0,111.7918733485491,5,0
12.5670317562322,9,9.464852210411635,1,0,0,105.59603196736079,3,0
99.73747059570607,6,3.920643712426093,2,0,0,89.89194677712234,2,0
363.85672495812037,14,0.6039671720811822,2,0,0,124.87313027431078,3,0
252.37582318143686,7,2.4173647267970124,1,0,0,117.61773785161806,4,0
57.28567704066686,8,3.6768561458479887,1,1,0,47.13000440822265,1,0
80.58678122765347,17,4.996982428133038,1,1,0,111.79606241546335,3,0
38.420591995261006,12,3.383506486859158,1,0,0,80.16684413056745,2,0
336.40046986833215,21,9.239346206840047,2,0,0,244.70399695063216,6,0
356.23725813485265,14,4.446930649425399,1,0,0,92.71311802240092,4,0
19.88486297999812,10,6.391361499821803,2,0,0,41.53451283153131,4,0
139.83661955613525,11,7.514805312534217,2,0,0,212.37696114491465,4,0
137.32148702715924,20,1.028359445591929,1,0,0,47.77140758824846,3,0
295.418582234264,16,5.664907338240552,2,0,0,44.36699447450668,5,0
84.94886253725333,19,0.2657029405041463,1,0,0,174.53205864883708,3,0
86.02077028778984,17,0.12917604820312303,1,0,0,157.81255443171997,1,0
120.9799087893806,12,6.248009295706558,1,0,0,54.035306728778004,0,0
60.23207230919456,22,0.9699277401079371,1,0,0,23.48298082428967,3,0
214.6812977849402,10,0.0875829982612884,1,0,0,27.46174996078267,2,0
51.90488624274343,21,6.431714670456071,1,0,0,222.8956113871113,5,0
212.63729779121113,15,1.9454053997651903,1,0,0,103.52315830521415,4,0
110.19818291642615,21,0.3382008164545608,1,0,0,49.14795340796374,4,0
255.73989097449368,11,3.2322211536641934,1,0,0,100.53414804359957,3,0
25.231191798339474,15,0.5879332138643292,1,0,0,344.1877475797457,3,0
240.77246132011965,10,0.021731701773903263,2,0,0,228.59700673735944,3,0
30.507794701866203,17,1.034821617512693,1,0,0,14.896998891244174,3,0
280.21737469767396,9,1.366924109320843,1,0,1,83.94300260357805,3,0
30.391861875648534,17,0.7190208168871568,1,1,0,381.41643474896915,4,0
180.46516321481778,12,0.08570154495791606,1,0,0,52.94390584060543,3,0
114.45775969236928,12,3.3847857891707904,1,0,0,173.99168446880194,1,0
916.0223115980305,17,0.26488467852025077,1,0,0,41.552813055350825,1,0
211.6641261724865,4,214.44564778639912,3,1,1,48.2839541426265,17,1
146.82692836342986,15,4.82503360236611,1,0,0,315.95544635442116,7,0
147.07974925899163,15,15.44748288456731,1,0,0,48.8210178132583,3,0
192.0023689143623,22,5.322377830523442,1,0,0,135.24635339813156,4,0
120.72769198129878,19,4.9770156153598055,1,0,0,63.59599941561056,4,0
207.42116221138653,13,3.6134314466680175,2,0,0,59.65497613339963,4,0
105.69836592187272,22,11.398468023435699,1,0,0,114.32257168918458,4,0
519.2014245476872,18,2.1494208059959523,2,0,0,32.54414429869092,2,0
124.72770762143007,19,4.033517525685648,1,0,0,75.17882670587971,2,0
97.36231694286074,22,11.527803530134825,1,0,0,91.12383929031589,5,0
58.61336556599425,10,9.39392948237031,1,0,0,37.17439759607948,3,0
3.5200886525306307,19,1.3885708743369443,2,0,0,20.25404004330649,4,0
220.8049123887358,5,170.009859302111,2,1,0,95.53016326016042,13,1
90.95388500124079,22,1.5242363619129238,2,0,0,40.33152889842326,1,0
33.17973747833326,18,4.389587497128296,1,0,0,596.8765514899405,3,0
15.34706261462811,6,4.197025652810323,1,0,0,66.34504783365448,2,0
8.436118813546678,17,0.07253675463277562,1,0,0,119.04484052941976,3,0
187.05080277932834,10,2.3237322526779476,1,0,0,201.82706611218265,2,0
81.83495438970102,21,0.806729293960468,1,0,0,93.08992236626317,2,0
114.65897311947592,20,6.18592829300709,1,0,0,34.275579665217215,2,0
168.97309725459968,19,11.040961215973494,2,0,0,39.711889215154336,2,0
403.76903958035246,21,6.240671597069199,1,0,0,113.45568256852815,3,0
150.4453817815035,13,0.4937495592653738,1,0,0,151.45006764640956,3,0
116.28333247245752,20,1.8694689131067652,1,0,0,204.78922036671543,3,0
310.0806627734104,14,1.8304172459739434,1,0,0,254.21179227457722,5,0
158.04099801215037,15,2.1485362621011768,1,0,0,13.640402302309957,2,0
149.01493197443625,20,3.0306602077227502,1,0,0,50.964120069964025,2,0
92.5096885256646,20,2.7799129563700613,1,1,0,65.28754275771927,5,0
131.2641722991567,8,18.27217494279385,1,0,0,149.6806781770816,2,0
390.24804778059837,16,16.75907925422385,1,0,0,231.56717952599675,5,0
355.84134856690775,13,5.44849484899488,1,0,0,56.04745256593092,1,0
118.80884522132538,13,13.570560587303074,1,0,0,80.6792688479923,2,0
8.324982172947298,16,21.616077189286415,1,0,0,343.2369118907797,0,0
12.683854381465153,19,9.557409805832526,1,0,0,151.99166769942818,5,0
594.9259473794431,10,5.2416867862617424,1,0,0,120.6260398651749,2,0
37.777257500124854,15,4.551832183048083,2,0,0,43.22747754378522,2,0
236.35305127973245,10,1.538322209569438,1,0,0,213.93094146855586,4,0
1105.1235889003603,0,86.3300391544595,5,1,1,111.14021312362776,12,1
8.344213796279881,8,0.8986356990392592,1,0,0,125.43821622979142,2,0
25.020502814236647,6,8.050639311572485,1,0,0,68.60315315922303,1,0
131.80885890677683,12,4.4013353916083355,1,0,0,350.24586645568877,2,0
39.799128337071565,11,5.038853203117446,1,0,0,50.50625011073329,1,0
1659.4350495177357,0,117.69236496728817,3,1,1,102.59690436484969,21,1
177.530562188601,19,10.915222713603185,1,0,0,331.69402693251277,3,0
134.85671781333616,22,4.495416001550851,1,0,0,89.54670650821167,5,0
27.054422187914586,9,2.0710886985296115,1,0,0,152.70850671426544,3,0
24.044897509201157,14,0.7677899396741747,1,0,0,158.98537014945154,1,0
476.026937712229,21,4.193556585558308,1,0,0,53.0359712472939,2,0
246.23658692151628,14,0.8830106597942564,2,1,1,53.51915430112434,8,0
144.77310829295945,17,3.7462549955907503,1,0,0,24.790857139742144,3,0
83.24344116411926,16,1.7906891809363648,1,0,0,20.80719694167093,2,0
31.597848009795744,7,9.491980054967735,1,0,0,108.37663896217005,1,0
181.39928790473164,14,0.2709217151505317,1,0,0,133.06563258334555,1,0
186.59513095246115,18,13.021124554569516,1,0,0,26.86158344562055,0,0
90.79062948926193,15,0.14359982785103417,1,0,1,101.06018252262011,2,0
117.16120558204642,9,1.8220453054444259,1,0,0,35.535787211826275,1,0
115.45651541210768,8,8.139669859349228,2,0,0,150.15590450413828,6,0
26.24744788377798,14,12.950187497184606,1,0,0,93.20255274378079,2,0
86.54744081926226,6,0.4485457666411444,1,0,0,92.83169375327356,5,0
31.379804105650955,6,9.959989295652061,2,0,0,34.66786977045839,4,0
901.7937133607885,0,150.1488027161274,3,1,1,130.64692171881555,16,1
190.5177708348648,13,1.435330330919957,1,0,0,175.9161608293288,0,0
28.467791986673372,15,3.802676623265055,1,1,0,293.2624992610633,0,0
149.71373288097269,18,0.3337643018373701,1,0,0,14.094030364312891,0,0
1140.6820167199505,12,1.8135468386349594,1,0,0,524.9889717621522,3,0
41.4872034872139,15,5.116203810011601,1,0,0,31.23426012944698,3,0
701.3254358820692,8,4.0240870520541785,1,0,0,28.05402832664775,1,0
29.076510850537616,19,6.643168233819681,1,0,0,114.29890014980579,3,0
63.785302230457496,22,1.4752570217867589,1,0,0,91.94379556089373,0,0
32.33803372772783,16,13.159638922189087,1,0,0,79.47257712115436,5,0
49.16063669366843,12,3.150568933488583,2,1,0,30.689433783925292,4,0
24.23458648829668,18,13.649382158555593,2,0,0,58.57513711430084,3,0
55.65468218541374,10,22.540429275684097,1,0,0,40.75303285034204,7,0
65.5392701825281,12,2.5280724104714016,1,0,0,87.5076925516808,4,0
453.18482420314024,9,6.3835002595824175,1,0,0,76.76406079707672,4,0
166.52808673256683,17,1.4892166692752218,1,1,0,76.62290717068389,2,0
481.6009517351325,12,8.819461787912141,1,0,0,152.2507694667114,3,0
233.06240359615092,8,1.2446763889812082,1,0,0,41.13488259037756,3,0
498.0066212315378,22,4.113310816412227,1,0,0,225.5698033319388,0,0
19.462016316102204,21,3.287610760383845,1,1,0,93.77740212882246,3,0
56.84585052954845,7,0.3218046747130157,2,0,0,95.51127531337943,4,0
188.6046738535867,14,0.5965446985629526,1,0,0,76.15721950538223,5,0
65.51537862454462,22,6.217249401048032,1,0,0,61.24498803658949,4,0
296.87494986916334,6,1.7971847842727284,2,0,0,196.81864463967185,7,0
322.0426047498253,22,2.103069095576576,1,0,0,411.5636878289448,5,0
140.04175800078593,10,0.647930609103933,1,0,0,22.76158154116285,3,0
18.711130166555304,11,5.552986741157481,1,0,0,62.44281581849921,4,0
175.02470971051056,16,9.380478166839723,1,0,0,27.06017246718442,3,0
64.38193148710515,18,2.8240612325131202,1,1,0,451.64520547115285,4,0
181.86303123103906,16,0.3235003033299793,2,0,0,407.94904102367946,1,0
111.35683511265427,7,14.94241343928544,1,0,0,46.98208861156298,1,0
77.32618301294889,20,22.14320697881844,2,0,0,57.73256979888198,5,0
319.8846580111253,18,4.080936725394447,2,0,0,44.28817470932728,0,0
64.08696520759518,6,7.53102072267282,1,0,0,73.83020936762965,5,0
103.30253756906266,6,2.7325068350033006,1,0,0,122.90580281530679,1,0
84.8739441606861,7,3.4001265310291178,2,0,0,16.74286497726808,3,0
163.93183256458883,10,7.617281674981347,1,0,0,56.44053172435996,6,0
24.849470175645088,14,4.535833767010883,1,0,0,19.214172614223127,5,0
12.002305633934157,17,2.787941067336579,1,0,0,35.457628614998704,4,0
48.06046940179417,18,3.657486960721068,1,0,0,23.893631448026238,1,0
1008.7412478781478,3,1318.2893244383472,2,1,0,706.5278948881112,9,1
299.0263385998745,21,6.1643131588436715,1,0,0,114.68985980829537,4,0
148.8210842352889,11,0.5501324990525801,1,0,0,13.513332896097145,4,0
132.90100451153978,22,1.4133111447728106,2,0,0,78.88366757494907,3,0
133.48314642513802,10,14.694332091808066,1,0,0,53.24634721457799,5,0
18.50097136003768,19,2.836718836127869,1,0,0,107.2778783516474,5,0
40.62342481746296,16,27.731451101918267,1,0,0,36.29696887906662,4,0
7.001181111932587,6,10.88816986184593,1,0,0,20.754357522834496,3,0
13.65179883932367,15,13.110612037983634,1,0,0,29.3693933968602,2,0
108.29153989273074,14,0.7059318275396055,2,0,0,18.02849409599454,6,0
97.80614611839049,16,0.9756013527861823,1,0,0,358.3061261998792,2,0
280.9425867851792,7,2.2256166325832822,1,1,0,202.16738439647222,2,0
100.99046224329086,11,3.629624309558388,1,0,0,196.77953727169884,2,0
110.20952983359778,18,3.67314877764707,1,0,0,152.51367096596562,4,0
64.15685511799789,9,8.393760425894552,1,0,0,431.2684293372909,2,0
1767.7395816324258,0,213.6885293937872,2,1,1,85.86046003629899,12,1
127.44392749835146,9,1.7951159692464704,1,1,0,28.878870413659392,6,0
228.84996306849536,18,5.654918024598187,1,0,0,143.54039234393073,1,0
516.6487265911652,9,1.4323916653877262,2,0,0,295.47024353907415,3,0
440.8157237067481,14,3.4984233501679958,1,0,0,46.49843960068242,2,0
16.915641504052672,11,0.33353646171177526,1,0,0,68.24770806411422,3,0
41.771004847362555,7,0.18141514073834153,2,0,0,507.1582457569546,0,0
84.22998924915909,14,25.360050080990227,1,0,0,416.0219604092752,2,0
164.36972651715595,22,2.1947939831753676,1,0,0,116.9637259425053,6,0
35.69160044755205,7,14.058424208825304,1,0,0,17.61049868868642,3,0
75.50097692444807,10,0.5082367543176549,1,0,0,137.68288694410077,3,0
14.127980567849843,17,15.763048223525145,1,0,0,87.91292280619265,3,0
405.4761431307512,6,0.9944886795563747,1,0,0,56.81354072897282,5,0
111.09293614164149,11,4.290494433586694,2,0,0,68.01911099254313,2,0
148.82698055480898,19,9.714953875293121,1,0,0,101.0095264617666,5,0
250.91372440699135,13,1.9600079369642731,1,0,0,89.4558853695985,3,0
287.96489419071173,14,0.17230158706276105,1,0,0,144.92624563606222,3,0
383.17784547116327,13,1.3725939623189976,1,0,0,84.74982950637497,3,0
14.50280391724536,14,6.402078264626745,1,0,0,151.0224155519845,5,0
89.7666826616209,14,7.121251371557182,1,0,0,43.94177998623833,3,0
30.922350695724074,18,8.874451144737536,1,0,0,135.7264867908543,1,0
69.18878118940897,11,2.0002702662597347,1,0,0,96.06745452806904,1,0
47.065055300545204,18,6.030746422049424,1,0,0,66.28409183138957,3,0
40.06072708921596,18,10.150713229352391,1,0,0,373.4773027872615,4,0
156.41143737242982,17,2.0571681555904444,1,0,0,65.02046982099442,0,0
39.86910896172252,21,4.79053310340102,1,0,0,108.08609780274347,2,0
37.35087448092902,10,13.499578600364742,1,0,0,191.93856076032185,4,0
392.5526529037563,22,2.3557833458219646,1,0,0,95.995210811424,2,0
80.34527706417211,17,2.627334448104512,2,0,1,63.56591527275813,2,0
68.25063241057018,16,2.5411507650998733,1,0,0,51.444360765037985,1,0
40.02368365125282,7,4.6559474545351565,2,0,0,78.85064809908116,5,0
58.49108973558474,17,25.12928989450816,1,0,0,41.96362169714359,0,0
143.69502500250226,12,9.173438800428528,2,0,0,155.44643031901307,3,0
25.189177837986772,16,4.808790741715434,1,0,0,109.01777753736454,4,0
165.2218332858939,20,15.689846735023622,2,0,0,53.8355071786772,4,0
18.35419519441249,14,5.516466546749713,1,0,0,115.52425099665884,3,0
23.972568718391713,21,0.7610144666928729,1,0,0,78.22233434575868,3,0
246.31385129314765,9,4.415598859823086,2,0,0,222.26432139511073,1,0
18.701056164706312,13,5.2473775578603385,1,1,0,37.844997436203656,3,0
118.697887630679,12,7.134190537804777,2,0,0,351.0433141963908,1,0
20.65511372931425,17,1.9871493648461136,1,0,0,126.85982263411924,2,0
125.2252092796089,22,12.772937713843602,2,0,0,524.4739264795995,0,0
142.2812325550008,7,17.3612636407967,1,0,0,147.83759581488897,2,0
29.896166442286635,9,3.3240893101075555,1,0,0,111.39188341738513,4,0
280.4668607038205,9,1.795894994831093,1,0,0,46.60310216369216,3,0
32.32921818522831,6,1.6523484700982238,1,0,0,102.63501682913216,5,0
61.12184617900981,9,6.878256571767732,2,0,0,221.6947573901358,3,0
46.133763973003475,19,5.639388741152063,1,0,0,50.77127584760921,1,0
588.0404938140304,19,12.073380022680013,1,0,0,221.57972626905317,3,0
197.98754819187556,19,2.449783059862161,1,0,0,108.0594639114799,4,0
106.34152166011044,22,12.751454329243328,1,0,0,114.77155127133457,0,0
44.00221664255683,7,7.144271487360352,1,0,0,53.979516434998544,3,0
23.34595623138037,12,5.525222371530491,1,0,0,38.21094667773397,4,0
60.362244255840864,7,4.246758340351649,1,0,0,19.83395465928899,3,0
127.52873850591857,9,3.867922212077783,1,1,0,63.97264515553502,4,0
106.7472372270286,7,2.280954282460903,2,0,0,90.7493159970243,2,0
145.46561579852948,12,6.31129656330099,1,0,0,45.160038056413875,3,0
49.551196686742564,12,0.9370958732605988,1,0,0,61.247956333519575,1,0
62.01178304171804,13,4.85157296934834,2,0,0,13.630236329080583,2,0
703.5979715782441,8,1.5680081102720553,2,0,0,46.607422005112554,2,0
31.90471631327114,16,18.308984986224324,1,0,0,911.5790244688676,2,0
138.14677299264292,21,6.029534464981376,2,1,0,145.76611290083517,4,0
68.31709582110683,10,7.938598819724115,1,1,0,104.58414203022697,2,0
38.15444328740166,20,4.90365984996224,2,0,0,185.39259289103512,4,0
33.170003526045754,13,8.825035201343747,1,0,1,50.0744851430938,1,0
49.62352744010965,20,19.815155619019592,1,0,0,137.45223918706117,3,0
274.32723844407553,18,1.3257202443541032,1,0,0,366.8197866087298,3,0
87.85128201370851,9,1.709959281331999,1,0,0,268.6667575591252,4,0
24.649124419059955,14,3.9861218540304195,1,1,0,207.53640704031272,3,0
98.80600059727207,21,0.6384006085929961,1,0,0,44.32227171273658,1,0
602.0066093955727,8,6.297389348512386,1,0,0,109.8019233987958,2,0
290.82712522789416,18,0.39786702752502157,1,0,0,104.54589876557998,3,0
50.71288833536223,13,5.074781175129051,1,0,0,97.7921336950975,2,0
489.5796341483261,19,0.009523279654601995,1,0,0,28.637508543876823,2,0
36.58182522875061,11,1.2312783247733663,1,0,0,17.61498070219599,2,0
66.5846256120113,7,10.390164194229465,1,0,0,49.63352471981137,2,0
184.08200090785226,15,3.6218939463953825,1,0,0,86.52781773852753,4,0
87.0417105433084,9,10.200592924329099,2,0,0,225.87907051842396,5,0
64.8049198606103,17,2.6407965641843196,2,0,0,62.69329564407782,1,0
33.58891800653762,6,15.735289215431559,1,0,0,185.2256555920431,3,0
49.293288685320334,17,5.126607653988167,2,0,0,20.936924101936036,3,0
288.1197104805702,20,0.4399654908158781,2,1,0,34.61849069781282,1,0
182.99371667433604,13,10.775578266809491,2,0,0,170.94788677889127,3,0
57.340431342659265,22,1.9539714833050261,1,0,0,56.65164645689313,2,0
254.1723365534602,18,7.801090404484677,1,0,0,61.89645065301619,5,0
72.11186517488483,13,5.728633809961531,1,0,0,77.7911259837659,5,0
106.79012269585238,9,12.82834884161291,1,0,0,186.4473559679371,1,0
130.192801187221,12,4.8051913106323125,1,0,0,113.76134269101873,3,0
17.723274886649936,20,14.75800228107651,1,0,0,114.23760253744565,1,0
250.04051983605757,20,0.4466368486095281,1,1,0,57.11065084761123,2,0
42.33965638155226,22,0.2353658792228326,1,0,0,174.2386062754686,4,0
228.6497974519324,12,5.842734857760322,1,1,0,80.61014902365405,5,0
89.0441988690388,17,0.00337478609490194,1,0,0,61.328217123758115,3,0
337.11159224033446,10,6.06428063740875,2,0,0,53.34217457258544,3,0
30.049810366766938,20,2.228012839393142,1,0,0,90.11744495954495,6,0
589.8537055278819,10,3.5085572745373987,2,0,1,91.40362611556706,4,0
124.85718359523445,21,0.684155378214622,1,0,0,17.395191639851408,3,0
34.85690682259389,20,3.819148817979718,1,0,0,77.49594874503921,3,0
59.75176655845649,7,0.6734584763098672,2,0,0,94.29518624300229,7,0
183.08174519311558,7,5.912655092227156,1,0,0,129.95739881014126,3,0
112.6421978397246,10,6.236356122433567,1,0,0,37.74521280466878,2,0
343.54791397173454,6,12.837719860144547,1,0,0,82.08961701370221,2,0
121.14457574777809,10,7.286043126071257,2,0,0,61.67371803832184,2,0
396.9236362633569,20,7.769524493691337,2,0,0,61.268564209511226,1,0
48.119366394201414,10,1.432991211334026,2,0,0,85.6656244872256,5,0
61.635633142220634,15,0.8418675030076352,1,0,0,73.64322843149141,3,0
166.07986614556583,21,1.0740622499647399,1,0,0,269.58251951720115,1,0
8.232121811083061,6,2.64214816526282,1,0,0,100.49018524389417,1,0
250.12559083499383,14,9.504302860705517,2,0,0,101.85220389056721,1,0
176.76470398275313,17,4.66290964331272,1,1,0,170.04504195744647,4,0
36.28837668527602,8,0.02174148782154718,2,0,0,202.8851889627732,6,0
67.95433649932636,17,1.8564548304218544,1,0,0,35.774807953480796,2,0
20.301925536411076,10,0.18090750926555013,1,1,0,80.4571365090697,3,0
62.91317631238191,6,10.359093171834461,1,0,0,22.11357250537198,2,0
87.23109222937781,15,13.409094525572884,1,0,0,176.2130155729478,1,0
209.44388931807828,16,10.833436846883108,1,0,0,15.25289247824512,1,0
145.20413436243322,14,5.763609791964116,1,1,0,54.718980144735,4,0
68.84522442555836,21,3.6365081990841333,2,0,0,25.41530059067488,2,0
108.61400275960811,12,5.233485043246297,1,0,0,49.48942993278551,1,0
32.83736288589944,13,1.7663174534651218,1,1,0,153.1563222985757,2,0
60.350743406134136,19,15.02627325421013,1,0,0,102.40011310518453,4,0
674.1059183996604,12,8.663567436470164,2,0,0,39.97027725304418,2,0
190.1684495794725,14,0.29757814271954836,1,0,0,155.97437040730557,1,0
327.16372752182787,9,13.015729616969704,1,0,0,251.43452440466373,3,0
127.92957284541858,12,0.858546321225616,1,1,0,78.892086860268,8,0
51.32397031500401,7,1.974816718303174,1,1,0,215.63636816063817,3,0
239.57297094058063,6,5.823433185252918,2,0,0,142.65105119113946,3,0
162.68472636227548,18,4.251467884736214,1,0,0,224.271007712736,4,0
98.15911529480208,22,7.713012614758803,1,1,0,87.34227764210112,4,0
81.08928093810476,20,4.418842888345782,2,1,0,37.26621111821048,4,0
223.7251970160464,11,7.909842175536078,1,1,0,27.81109469365525,2,0
43.85315564458395,21,9.418895521720144,1,0,0,51.61659610362978,3,0
102.13691319849907,11,13.282015160646434,2,0,0,21.33099945689815,3,0
57.60903913205391,16,5.6584240379685555,1,0,0,137.55420108065283,3,0
57.33098004584857,7,6.967268731080879,1,0,0,92.05522113341057,2,0
123.25400811480341,10,5.591695992312302,1,0,0,45.33084264810607,3,0
94.02892487497496,21,4.074160271229373,1,0,0,67.1673818337371,3,0
56.0453202115577,20,1.979876804223931,1,0,0,138.9970890546363,4,0
91.91704525661277,21,4.107284509779806,1,0,0,286.989878952774,1,0
83.12608975746161,19,3.213697079120539,1,0,0,19.338124916015786,0,0
36.90904009793552,21,5.940688714016938,1,0,0,18.09842410070531,2,0
7.953466962092682,14,7.634896075449361,2,0,0,48.20899202406884,8,0
67.9080884607203,12,6.993346247949871,1,0,0,91.45878153993063,2,0
31.26456444054262,12,0.40948891695517897,2,0,0,15.792045729767334,3,0
26.815599799336262,12,15.661397598927726,1,0,0,85.92198984195662,7,0
31.115195037294463,10,3.8371155767226734,1,0,0,115.69936257727772,4,0
106.19107333668994,6,9.2563269705609,2,0,0,64.32997662202588,2,0
37.92358805690467,13,3.9438945431744394,1,0,0,35.87672148219373,1,0
82.29121066721572,19,0.6983176743959585,1,0,0,41.993249810853214,4,0
40.42343365007567,16,2.7917180276217204,1,0,0,67.68724073657596,2,0
14.824030047158425,20,13.359329181003172,2,0,0,61.44552994310846,7,0
231.4549427504115,12,2.7568275689424544,1,0,0,229.74984480325682,1,0
154.67425022886505,10,3.686519056379694,2,0,0,12.024274374131,2,0
83.03676154249717,17,1.7299712388336528,1,0,0,54.085393329963054,3,0
30.73306038175302,22,10.511096337313099,2,0,1,47.9083169763139,2,0
112.06415978928943,7,0.8785182383968504,2,0,0,59.68151043876741,3,0
42.63980986843311,14,0.06633832627269663,1,0,0,93.95760786849122,4,0
70.88564188506173,8,1.4206961589914062,1,0,0,115.14725829664182,2,0
19.14800329653348,22,0.8553320973876215,1,0,0,82.78543367059345,2,0
181.7550676397197,20,1.0886438626453203,2,0,0,131.0796880932902,3,0
8.899151490080296,15,8.407600257154249,1,0,0,79.13343606930131,5,0
25.91828687452438,11,4.142241355150991,2,0,0,53.895661079455536,2,0
35.11389183679034,11,1.5517271931160328,2,0,0,45.89640198023189,1,0
148.44885222270574,14,15.288102035656099,1,0,0,36.13503704098848,1,0
40.75506306652099,21,2.559368637845397,2,0,0,169.2219321868025,2,0
46.658962812390975,19,1.6098728836809952,1,0,0,89.82220088333489,1,0
70.42947707608114,15,18.3438581239712,2,0,0,88.98955988515694,6,0
40.4457445642148,22,0.672790376884199,1,0,0,52.10494319437842,5,0
61.07087232140783,15,4.781071085982473,1,1,0,61.88409330909095,4,0
77.32744025752038,17,6.3876028933083,1,0,0,55.29846791073482,3,0
139.69377289884196,8,4.484628167838264,1,0,0,57.136601830975955,2,0
235.6865141058645,17,4.546367420715387,2,0,0,27.44509715576806,2,0
130.12526804527187,15,5.011048558508325,1,0,0,181.68395642465987,5,0
137.7335894835151,7,5.776556242486672,1,0,0,113.39839791798764,3,0
60.267367823110774,10,18.069790511249188,2,0,0,103.63300430319944,1,0
126.02745610653258,13,5.9051867450858895,1,0,0,259.6831841481463,1,0
23.40023540647099,6,9.09061809175784,1,0,0,62.57340640328103,4,0
83.51894095200262,19,1.9772133820314002,1,0,0,16.928236111850573,0,0
72.00448520334166,20,1.4450130688282368,1,0,0,47.899253903607935,4,0
35.283237533694845,7,11.152183823124613,1,0,0,119.52701832813479,2,0
609.9612066248418,5,192.57675833270494,2,1,0,282.66452126964583,22,1
159.31613691597306,7,12.946319325534343,1,0,0,99.72588084074359,1,0
41.43496861434645,11,0.7652357597787257,1,0,0,268.5724932870175,2,0
56.14341629980552,7,3.8084309127677853,2,0,0,56.91981944097452,3,0
62.576373565629396,17,8.494335464111058,1,0,0,125.96024775582207,0,0
104.26495445352639,10,10.984206813510369,1,0,0,61.434268770999395,2,0
111.91259905680721,14,9.34208970658291,1,0,0,136.85750733003036,4,0
117.61214619143752,9,3.8807030543773573,1,1,0,28.960770877329168,3,0
127.29751929720018,11,8.838392733176185,1,0,0,44.27210366355499,3,0
5.272441608608152,9,12.899221311328994,2,0,0,122.82296950292223,3,0
96.80324576294616,20,9.23724705992932,1,0,0,31.615515103659863,7,0
312.63644823244886,14,1.10786293768142,1,0,0,128.63035953129517,4,0
31.51124609769929,21,5.725300217639255,1,0,0,159.84760457447368,3,0
441.494443048882,4,623.7633413453414,4,1,0,92.13553284196652,11,1
208.63925600049527,6,2.877482710052396,1,0,0,43.78403430794509,1,0
52.84031821025303,11,9.876612533325789,1,0,0,25.374136364228363,5,0
149.60392875286317,15,0.9839806343688606,1,0,0,135.53583775142263,3,0
184.1724864192371,20,1.7223549156545956,1,1,0,76.96192346999948,3,0
187.18191499295418,19,4.515308690628548,1,0,0,200.75988524109187,5,0
153.89813300000023,16,0.13328579746455874,2,0,0,77.04073775191884,6,0
33.90626994235229,7,1.4255034424244268,1,0,0,21.497834062393427,4,0
126.75113276386122,6,8.526641435764828,1,0,0,110.13655994672821,5,0
206.3827424352047,9,2.273731186032349,1,0,0,53.76965507355516,2,0
35.166604585004656,13,0.5831329184867011,1,0,0,102.27249144340558,2,0
53.02688187673717,9,6.92631586956531,2,0,0,96.39648787795653,2,0
42.8485577823837,13,14.254686925334639,2,0,0,260.4558515662453,3,0
8.400915089492404,11,0.6668321921690114,1,0,0,32.439629011614315,3,0
117.35035210328356,20,5.809888319134149,2,0,0,127.46336447698418,1,0
30.57747658818619,16,9.958596197231968,1,0,0,75.39447338744742,3,0
16.869892757563235,21,10.592709896253005,2,0,0,65.90609307203569,3,0
39.4945674824519,17,13.070693254740611,2,0,0,41.08829856464788,2,0
47.314493165038996,15,5.016792924920132,1,0,0,182.58224475205137,3,0
31.211495676100615,16,1.000294544821248,1,0,0,40.953182948573634,0,0
49.38152835165102,9,5.914459456955385,1,0,0,58.0965266684054,4,0
159.24138144940704,13,3.470222379708492,1,0,0,131.09353796728095,3,0
74.67372991872169,17,2.395513309895832,2,0,0,225.93838213487805,1,0
118.90782755735421,14,0.18983967872686067,1,0,0,61.10478700744062,3,0
193.5241200288415,9,5.216586783818467,2,0,0,164.8228597391893,3,0
126.70039614437084,7,4.149139710536849,1,0,0,349.3159220303975,5,0
57.95839138290471,17,5.5814963146001055,1,0,0,81.52096563117398,7,0
58.744398574424324,14,2.728717430020585,2,0,1,131.0302400840402,4,0
84.37133744591512,13,13.084301496404,1,0,0,419.16879905331376,2,0
136.93857175256852,20,2.272801012348455,1,1,0,141.72328180634574,4,0
13.80219352134967,16,0.5810466976675189,1,0,0,91.31639471767679,5,0
174.03312739702866,17,7.4604518276716805,1,0,0,28.828282521023095,4,0
53.27566891101051,7,1.3100554983692798,1,0,0,110.64103731193582,2,0
145.77534843578164,11,7.882392355174982,1,0,0,155.02965271461085,2,0
39.24913888965821,16,11.424491831567563,1,0,0,228.8582096910001,3,0
15.316511766604572,9,0.7765998565300786,1,0,0,104.36128471727828,2,0
131.81845269402686,14,0.5318389169707429,1,0,1,110.46222779641212,1,0
158.62469243389512,9,14.923918727394188,1,0,0,65.26652784294802,2,0
174.8006788915522,17,0.5841269135352616,2,0,0,100.67205896857209,4,0
158.9587311496576,12,8.497913946123813,1,0,0,65.22689580578334,2,0
81.83122617151196,12,0.8143096761710843,1,0,0,91.49837118376377,2,0
56.79005537884496,9,11.284214768454689,1,0,0,54.62966245886798,3,0
49.31821018375722,9,6.700954320859836,1,0,0,260.65636899907287,4,0
59.77929866070551,12,8.08653960664045,2,0,0,130.56639968342293,3,0
145.56294334078717,6,0.1618936913710735,1,0,0,77.43978412774676,3,0
27.22449005727002,21,17.23773626349488,1,0,0,65.01030245765324,1,0
87.98197269036778,13,0.04098104398500404,1,0,0,60.12083243145271,4,0
95.29840986004561,13,0.47231711019879913,2,0,0,192.9022272696408,4,0
180.04694125804744,11,5.6933309859133665,1,0,0,40.60163786492975,2,0
153.09001701598822,17,5.143855047120972,1,0,0,115.33600853340562,1,0
263.2168054129613,7,8.078320433431895,2,0,0,98.8640315825871,3,0
103.06278317207705,12,3.165924852741357,1,0,0,67.68748345945664,1,0
15.724808310402224,11,4.398907468791391,1,0,0,498.74580575756073,1,0
15.506518960082685,20,4.909382611771815,1,1,0,16.97406888478432,6,0
237.94914294671432,15,11.289329528117339,1,0,0,50.12640827853308,2,0
74.36402109200266,14,4.327947848027581,1,0,0,103.71358741963208,5,0
104.62617783999458,13,2.249841370336249,1,0,0,10.547078295148395,2,0
62.2021561513091,20,0.41548687363228615,1,0,0,97.15275674146852,7,0
22.796274216044,22,2.98550003807246,2,0,0,72.46251494820532,3,0
353.1434214381391,6,16.317233585846505,1,1,0,323.89406920886586,0,0
184.59896691468393,19,6.524294321061546,1,0,1,228.23371244101384,4,0
80.79063130497619,6,3.2301397549346653,1,0,0,188.2422097123841,3,0
89.55861865890608,8,0.48212796579581696,2,0,0,63.215090303679965,1,0
45.987822448513626,13,1.9818563806187237,1,0,0,114.82657984308348,3,0
36.007451366330386,9,3.0753465862997666,2,0,0,77.21411191808606,2,0
32.1427895885761,22,5.236375838552826,1,0,0,68.66020801826741,5,0
35.60359689705482,11,0.9403280795526298,1,0,0,60.18560200976199,3,0
39.85484573341317,22,1.8031692115330087,1,0,0,74.18552105128171,2,0
57.98990488705323,15,2.995776702414204,1,0,0,123.08216374802821,3,0
50.176395560122344,7,8.394624904697052,2,0,0,184.6191619014671,2,0
50.846740793423386,20,1.406371988738623,1,0,0,35.84015736141148,5,0
219.2468822592117,18,4.289564322995307,1,1,0,57.867791803527965,3,0
123.34334280498956,10,0.9267799168211752,1,0,0,49.9297982170874,5,0
64.85756385513761,14,24.138329938273706,2,0,0,109.0032209189018,7,0
87.66179087353345,18,1.9275991718862335,1,0,0,412.37072842416546,2,0
178.48171045855375,12,2.2800038520943557,2,0,0,120.86409191806257,0,0
114.24770964869131,20,7.8070013607332385,1,0,0,97.8321626168347,3,0
66.18332763991565,9,7.119934167770983,2,0,0,51.6075745102571,2,0
114.52042363988467,18,0.6016979959481636,1,0,0,72.41114930719544,0,0
79.03232497156985,19,2.1185418060711574,1,0,0,79.24780948128847,1,0
103.11613749983357,6,2.2322984455088557,2,0,0,6.758478820543701,5,0
159.82368212703503,16,1.1258208446250642,2,0,0,65.37606417172877,2,0
30.79206337858444,15,0.3643828412785341,1,0,0,166.7771546808494,2,0
49.41127347147174,19,6.886507622947039,1,0,0,101.37042474511796,4,0
107.29730682179533,14,0.6737851449372335,1,0,0,39.05990422009336,4,0
38.45407688895797,18,3.01495863325079,2,0,0,71.84874692487006,3,0
81.34661978520718,13,3.7704143568676516,1,0,0,149.21008776807926,3,0
170.02878575929336,17,6.87107379021593,1,1,0,125.25629203093972,3,0
30.774055089876697,20,1.6281770410628056,1,0,0,72.1131173781093,1,0
26.141437875775544,13,2.781030691506449,1,0,0,86.84640745277852,7,0
40.817079880462074,22,14.325460419625438,1,0,0,51.04788585543207,2,0
147.52979955898311,20,1.2639167673865876,1,0,0,121.06447849386991,3,0
152.4042734198856,10,5.781151792637736,1,0,0,88.18111670900524,2,0
32.25413904896383,18,3.8247914738416644,1,0,0,498.72891855973796,4,0
71.19430765989236,9,2.4822640748846156,2,0,0,31.455065502595335,3,0
40.43374035966695,22,1.5758026529413047,1,0,0,25.7664361122175,5,0
191.2041338818467,8,3.5076548368438787,1,0,0,48.28114722704973,3,0
71.24340115892802,18,6.247071262536377,2,0,0,28.392638735849882,1,0
22.94595427652019,20,1.6137167442843434,2,0,0,18.168462314061728,0,0
269.0234370071878,12,10.206815790189545,1,0,0,54.95953902020789,3,0
83.97068197035217,16,6.10687363662171,1,0,0,171.46465101189796,6,0
280.7078762709273,15,2.0458096973096804,2,0,0,11.799382655333082,5,0
32.59377023449883,11,1.7924028725134726,1,0,1,347.9127214652727,6,0
19.848264655935008,16,18.666258331685025,2,0,0,104.02727959669141,4,0
29.118260489909687,8,4.635331530094532,1,0,0,73.18845813152902,2,0
76.07346946591932,22,2.39836960422356,2,0,0,56.32861052104276,6,0
72.81415186637989,10,1.3158410012073491,1,0,0,38.622389420569576,1,0
47.29865074521361,11,7.382368105114777,1,0,0,177.60335166342952,2,0
207.61639290374924,21,8.55353418157525,1,0,0,63.68879674500565,2,0
178.42408356727267,18,10.387570896726306,1,0,0,180.98003398048388,1,0
97.48022945424256,11,2.9192828873876895,1,0,0,178.61801364574885,3,0
29.384104698301208,12,1.0449274966393598,2,0,0,59.218410188252264,1,0
34.834250452430084,13,2.1849769708485614,1,0,0,101.25701697379253,4,0
269.6972915238474,11,6.1744295698780824,1,0,0,163.22203143543547,0,0
36.31546994800928,6,5.225516037881983,1,0,0,127.56223585197388,6,0
147.879849704532,22,0.28288790066220526,1,0,0,158.76027712984506,4,0
60.05760248757823,10,1.0991382800553882,1,0,0,56.12809619271631,1,0
256.90519516158537,7,0.865255908314213,2,0,0,177.41477664857427,3,0
27.120840965253407,17,11.006146340569,2,0,0,12.117577498188435,1,0
10.012879145565494,8,4.462692480285382,1,0,0,157.55866050136856,6,0
77.52794905777196,19,0.6204368301912491,1,0,0,94.2897151575168,6,0
93.16139215177087,8,6.442746121285312,1,0,0,35.475600954637976,5,0
182.65366559092416,21,6.275419263216982,1,1,0,48.51030227856035,1,0
23.930510124764364,19,4.618512458286727,1,0,0,42.98307745518844,1,0
108.57697648124544,21,0.755608691619226,2,0,0,152.62715268348083,3,0
307.1308327399457,18,3.810164639205369,1,0,0,28.8979468549997,8,0
206.54083354397795,16,0.38770090143482316,2,0,0,95.80387555047024,2,0
187.77967047353954,10,2.0089203391029407,2,0,0,87.60265547933211,2,0
35.795947039920286,10,4.06311728912082,2,0,0,77.98134044462638,5,0
16.851160896770168,10,0.892892372903734,2,1,0,50.909752452293496,4,0
205.59815977508222,21,3.7489515066898127,2,0,0,163.2506089063039,0,0
21.672450414281226,8,0.09234751369889431,1,0,0,52.36352663991346,3,0
53.32599970573068,6,0.15788581402848673,1,1,0,97.21117229959262,3,0
68.55066446253852,9,3.793626103268037,1,1,0,546.2568459715434,0,0
191.21901824942603,21,7.084815274010838,1,0,0,98.15988852340219,5,0
75.74502003068405,17,7.561128775740418,2,0,0,123.30559868361597,4,0
114.64060622203068,17,1.7425175762799463,1,0,0,44.42539248597391,3,0
40.31892853267665,8,1.4000600377402326,1,1,0,69.71654787248745,4,0
23.38168183102001,19,0.48748410863593183,2,0,0,145.5743782395238,3,0
34.272222844515426,21,0.34299499738713024,2,0,0,240.80003575014217,4,0
168.28640974617298,13,7.712238134205036,2,0,0,86.61778166092732,2,0
53.88145919717813,17,2.860472346453253,2,0,0,38.277680569490414,1,0
107.72501060420137,6,0.4215408046247472,1,0,0,107.12412062448624,2,0
558.9218798381856,15,3.582395777068231,1,0,0,415.37145353098856,3,0
174.55903295334605,16,6.711547950755982,2,0,0,240.07610433846085,3,0
60.87628120969792,20,9.008447022126244,1,0,0,31.63164710364881,6,0
145.62127312775436,8,1.8382990334278726,1,0,0,83.25127231609241,3,0
151.73605724270732,16,1.2628164943202125,1,0,0,257.45250779842246,4,0
998.311454848262,4,49.71753542415626,2,1,0,41.709276329668675,15,1
74.97116394678811,9,0.250327787245005,2,0,0,346.7430971241961,3,0
22.748270270291084,9,2.961422705293134,1,0,1,134.1222938877848,2,0
2193.17943734398,21,6.15573238485411,1,0,0,37.153107816180494,5,0
314.9089854374522,14,5.276869792755129,2,0,0,220.84567513574373,2,0
65.90500761727046,19,1.8781896521782695,2,0,0,446.5135051459466,2,0
161.18798923176217,21,2.604758031954433,1,1,0,54.13200640295683,4,0
9.059546348237328,14,0.24911052135366646,1,0,1,208.50622205978308,1,0
42.54840251397462,13,11.772922216485423,1,0,0,109.16763346297205,2,0
277.25358183606096,22,4.488928117870097,1,0,0,56.318496429798564,1,0
58.19762570697959,20,0.21792329597075283,1,1,0,68.49683822484882,2,0
225.63414376727525,22,1.944827518617689,1,0,1,66.09386611275002,3,0
32.220292260090176,17,1.4206721767482067,2,0,0,79.68712252111682,2,0
13.73176262844442,20,16.20249921079149,1,0,0,11.079476553016516,2,0
199.90668874107087,18,7.36231599176972,1,0,0,60.76270069204895,2,0
99.26838827591553,12,10.894867608229305,1,0,0,47.64519893246536,3,0
252.4922424510539,18,2.5438685728677473,2,0,0,77.82427074824713,3,0
76.085383853075,10,0.7106615660894412,1,0,0,41.55393012853047,3,0
72.58829452837048,13,1.97327855194229,1,0,0,206.57288707861164,5,0
121.36442307996079,12,0.6513932021922809,1,0,0,102.79674795768929,3,0
208.9922828277391,13,1.5732682864629632,2,0,0,119.04003924074108,0,0
179.63211562480296,22,2.6283696271631056,2,0,0,67.2744984938244,3,0
23.432620182982852,10,9.828501751678807,1,0,0,68.78291769656923,3,0
40.13904062071079,14,3.118414441460326,1,1,0,26.099229139709582,0,0
218.45487965083566,10,1.4028414345248372,1,0,0,147.82593339636045,2,0
194.1905077576785,20,0.270641474102356,1,0,0,31.444381788058386,7,0
121.83107635729789,9,3.4339976533226313,1,0,0,36.98266682611438,8,0
140.358284330645,16,2.6362900918137253,1,0,0,18.1274656580619,1,0
229.8616238669486,8,0.4946896346565999,1,0,0,25.7467719858873,3,0
494.3148240840962,10,5.874768631438954,1,1,0,139.00373129800803,2,0
253.47097887537402,11,6.037945829787939,1,0,0,72.87799252157689,2,0
83.88956419952011,22,5.511750846424487,1,0,0,198.20807498616418,6,0
40.47999871963934,10,1.4254955193653593,2,0,0,132.06788427769143,5,0
88.93950744786555,15,20.93215358979095,1,0,0,110.50081250026548,2,0
154.43364360161647,14,4.7953239233722265,1,0,0,94.52484858545587,5,0
17.097232091843303,10,3.3401498873729025,1,0,0,42.39708470909422,3,0
131.98041646647914,15,1.6857754288965674,1,1,0,88.31379174103454,1,0
84.68380072531181,14,4.979109179343191,2,0,0,48.082108171099904,6,0
66.62098963687417,21,0.19740877961864745,1,0,0,35.811083859498964,2,0
140.46640015588838,10,1.2508704247105191,1,0,0,39.20507181457979,3,0
56.189856950183966,18,0.2226948390041259,1,0,0,17.827711325543508,4,0
342.6321277486229,13,0.784497625781668,1,0,0,83.0916985702797,5,0
68.64006478093357,21,10.145421791216654,1,0,0,119.05264040255909,4,0
391.91096771462253,8,4.24931926228448,2,0,0,32.15776460179661,2,0
88.63513701275477,22,3.962644772772376,1,1,0,59.72088282888918,5,0
41.18180396603407,10,7.691914419709672,1,0,0,123.17726442580346,2,0
75.83078915925122,20,3.139906928362776,2,0,0,33.00751245753954,5,0
61.78738856275601,21,7.772212599078831,1,0,0,96.00266970145685,6,0
311.95612810004974,16,0.998164057487426,2,0,0,556.9189015811961,3,0
50.57662936154557,20,25.77856734022356,2,0,0,121.31127218819151,7,0
43.822868438811184,12,0.5158771873685914,1,0,0,131.04654850904254,4,0
2935.30370023042,1,402.48502678743597,3,1,0,41.69840050600563,14,1
48.83670574397308,15,6.682166071132722,1,0,0,27.662815639691694,1,0
56.98462306673307,8,3.654302652111803,1,0,0,96.11803444452964,4,0
219.65707928200607,21,15.922953099344873,2,0,0,62.6330640306301,4,0
40.009065414549134,7,4.593087190331044,1,0,0,34.40098407308834,1,0
35.12725410257386,16,6.501343274909742,2,0,0,133.38435235068928,5,0
385.01237477445517,6,0.5373694301056091,1,0,0,18.852014213392366,4,0
490.6459939368053,18,2.637566800777348,1,0,0,597.5675017502547,4,0
133.6699472273997,22,16.131301475537708,2,0,0,41.46028685347061,6,0
339.69796650088637,19,4.753298003661758,1,0,0,36.453438883995936,2,0
315.61360688534637,17,11.491822930038705,1,0,0,45.73722871933866,3,0
26.37245345179046,13,5.1486858263948365,2,0,0,116.32238733934176,2,0
209.79239978308402,16,8.786435052208303,1,0,0,59.907538044771606,0,0
75.9554999877867,21,12.88400451240234,1,0,0,100.96811712265102,2,0
179.98180380675646,10,1.5513914630223389,1,0,0,86.12580189586559,4,0
101.68140698144197,9,9.744115821523541,1,0,0,60.06051513136598,2,0
124.54389642664137,11,1.12173115181337,1,0,0,89.11536595540917,2,0
56.29769165879949,6,0.20296183274998644,2,0,0,47.30398026641146,1,0
239.33100804759175,10,0.6903713732951576,1,0,0,167.1226559556978,4,0
48.85784393852561,8,2.095901303715624,2,0,0,232.72355918536883,4,0
45.1379685368685,12,0.42788696154473665,2,0,0,74.63280710201145,3,0
44.130635213617715,21,1.8041467018797983,2,0,0,36.543781876568524,6,0
29.959478951574365,6,0.31368877867554823,1,0,0,21.500840653827336,9,0
216.89579723548013,6,4.457933174335016,1,0,0,76.14610420186158,3,0
77.45963881378037,15,1.728970530007106,2,0,0,195.91910853077962,3,0
65.09339852712297,15,0.8821235147214728,2,0,0,402.95752690020146,1,0
192.4261214684422,7,0.18401779117693817,1,1,0,43.1023957103757,1,0
41.354585594590944,14,1.7068271564144988,1,0,0,114.27758031402219,2,0
110.7736353453291,11,1.9831707765066389,1,0,0,275.67893559407116,4,0
169.43243209569505,17,0.7998866606370503,1,0,0,38.92032321598335,1,0
341.8011701512953,6,4.769635277835532,1,0,0,58.811968321651236,4,0
151.58134755150095,22,3.379638627529906,1,0,1,60.377063032367175,5,0
79.15931668011117,22,17.00460269381288,1,0,0,302.8584468013599,3,0
266.4595004224923,15,4.081965116790283,1,0,0,64.87551639013206,4,0
3297.2726785011673,3,398.7595474391476,5,1,1,234.06422115794402,13,1
85.71009893092503,7,0.04700004947014856,1,0,0,39.0617621409828,5,0
28.733341718788694,21,22.289027756648863,1,0,0,191.5998157075697,2,0
108.9529921080338,7,7.378083392586311,1,0,0,39.833213608866366,0,0
75.53692005654605,21,9.789509000238418,2,0,0,160.37888423056737,5,0
139.81973613111643,20,9.772372174134441,1,0,0,46.78725753638401,3,0
693.7208546951275,19,9.118968392165248,1,1,0,38.089403394014035,4,0
102.09324175563854,6,7.66065706460521,2,0,0,47.1528849677031,2,0
27.575944463399583,19,12.944322247912233,2,0,0,180.0189075087788,6,0
29.234745262945836,17,0.944755229856612,1,0,0,142.43733616771718,3,0
29.209995218381042,12,16.609499608429207,2,0,0,250.73529983827595,2,0
290.56001390646827,14,5.783081652266975,2,0,0,98.63680949260124,4,0
100.20017300635428,8,3.532067692074098,2,1,0,41.60771882460943,1,0
122.41374968648017,18,9.1841747084483,2,0,0,121.97789294187908,4,0
150.5439030125749,8,4.020795268711527,1,0,0,107.86732084458735,2,0
184.86013232066503,12,9.632797764665415,1,0,0,70.17875703437461,1,0
21.693768962740076,11,5.98513660194021,2,0,0,249.7687276090829,2,0
185.45771322060557,18,3.7165277108842125,1,0,0,60.43746731772516,3,0
178.90553176253945,15,3.8322880383113773,2,0,0,31.482284035742598,3,0
117.75336133555848,13,1.156123608944728,1,0,0,101.44477057780935,5,0
20.507772930954825,7,2.8608342245887237,2,0,0,33.97106375247954,2,0
136.10612376213467,12,5.222611294788974,1,1,0,56.20429205309394,1,0
30.195328751892013,18,3.1696976440281555,1,1,0,75.43064854883224,1,0
48.99770658145888,13,12.672837636334311,1,0,0,118.45754872894277,1,0
9.011740996679183,22,7.069647039316789,1,0,0,75.7875173467611,3,0
81.50673559815147,14,0.9893262863616892,1,0,0,158.8553762014065,3,0
46.836872536570354,8,3.174297861342649,1,0,0,151.82511193916048,4,0
55.061766709857196,21,3.7278210820070146,1,0,0,146.63512539686934,1,0
48.10002877815778,18,6.17709158557593,1,0,0,43.26248823036364,3,0
66.69712201068815,15,7.704540021570649,1,0,0,63.1665526109159,2,0
188.6088828766055,8,12.6557807395724,1,1,0,22.85839811998274,5,0
28.703805281134475,18,0.11236028315021039,1,0,0,216.30058888636557,3,0
21.709420492112816,10,9.396915789003902,1,0,0,191.95999732310352,3,0
102.92065798681926,16,3.6846278933210623,1,0,0,11.361255472391097,4,0
28.136312817094964,8,1.6804813132516094,1,0,1,82.82323306370938,3,0
40.7366088188428,21,0.45561317901496734,1,0,0,66.40120573214362,3,0
80.22311346934096,14,24.843136283973386,1,0,0,75.3426461641265,2,0
30.526239317689427,7,2.4343762311159134,2,0,0,80.90283071204095,0,0
44.53563257004556,8,3.506671068273213,1,1,0,40.22391858830553,3,0
69.4393231066225,6,6.803130426323081,2,1,0,36.17815824003475,2,0
236.93704406797448,20,0.45728634909795896,1,0,0,104.31073297369284,4,0
53.776098406149345,8,3.795622898972627,1,0,0,35.55964481022818,3,0
1795.0902353711879,17,12.21929099020495,1,0,0,65.27901124930881,1,0
83.10389295024241,22,2.4224248894220453,1,0,0,236.98904224933744,2,0
71.47432779164423,17,4.010265101570047,1,0,0,194.93643434207647,3,0
46.19219827043558,9,4.335349326520121,1,0,0,64.17489532684792,2,0
423.0562721686835,11,17.08774699151447,1,0,1,63.49159953952609,3,0
254.45189168640366,18,9.96875264377937,2,0,0,51.02472111472181,2,0
45.06437081183672,10,5.996218831454621,2,0,0,178.39229950826663,1,0
51.441935969572896,11,3.9954928509293524,1,0,0,27.998870987650935,4,0
134.24788133204038,10,14.11548353607651,1,0,0,88.12070025866583,3,0
102.8777000705694,17,0.5222721140541614,2,0,0,314.65069615048566,1,0
28.168833059366722,22,1.577994142044781,2,0,0,21.739039399667252,6,0
35.21713994187444,10,9.474525369813039,1,0,0,100.09945049889176,4,0
85.72720022185166,22,2.395451486233534,1,0,0,82.40808157120576,5,0
94.6539584887289,18,5.375702168880316,1,0,0,62.725267721570845,1,0
19.700695201216863,10,14.531574575495391,1,1,0,76.13386810694651,5,0
61.31525855570097,19,4.461852288508749,2,0,0,247.55261219903943,2,0
13.54998354652282,16,4.557777516305118,1,1,0,250.39453642745286,1,0
110.99332713981408,9,4.3677825684795195,1,0,0,119.47467683122031,5,0
515.0742756065433,9,4.15893019420084,1,0,0,51.626605974266845,3,0
133.41777699320932,12,2.7725496387711104,2,0,0,86.6610345660672,1,0
45.04442503410048,17,9.448647793623495,1,0,0,53.75761006080287,4,0
278.08004203917585,11,2.50726651507914,1,0,0,45.60653412455153,3,0
178.6252587315222,20,0.03967970318781427,1,0,0,36.99973184571644,3,0
21.48443480225671,20,16.94381917175725,1,0,0,56.99089239700027,2,0
176.41889210990686,17,4.966673149939906,1,0,0,169.06855870065849,3,0
147.46047950719475,11,6.849897542465832,1,0,0,463.90650934959336,6,0
215.8080123471198,14,7.23835385500228,1,0,0,82.48373062774054,3,0
347.58726385502064,19,6.080351937143027,2,0,0,47.672484185094255,1,0
177.61135226649054,13,2.086539120884833,1,0,0,66.12880355207035,1,0
132.02469451403402,15,5.662590942080282,1,0,0,25.847777623756375,5,0
328.64744643470794,6,11.098218427940838,1,0,0,121.57863642992378,3,0
107.77772858098112,9,5.922010559534047,1,0,0,185.1858362144092,3,0
65.48633522661449,12,5.8776256765537935,1,1,0,75.92319720677403,1,0
31.217001865725617,11,0.68729663669329,1,0,0,37.86060546121836,2,0
122.28416210411227,22,7.399881646342884,2,0,0,130.6139103563734,3,0
4241.751237453,15,1.111047271559552,1,0,0,96.72585428938793,5,0
29.060639528141987,9,20.13583807329194,2,0,0,76.88812645566938,1,0
418.86610862505506,6,5.6026388615293365,1,0,0,28.439619756614814,4,0
74.67189938929661,18,0.3964010709994003,1,0,0,78.32244422708838,3,0
519.67041954447,9,2.772101605669144,1,1,0,109.40932466242393,3,0
336.36506301941597,15,2.3835020290127034,2,0,0,72.67182635591777,3,0
129.96787615260857,12,3.918707679056741,1,0,0,173.5622085679547,2,0
89.18487285990932,14,1.3542970406857973,2,0,0,53.95596093479508,6,0
65.27532923238267,13,3.757449607554953,1,0,0,115.24715579396343,2,0
158.35547672691771,12,1.7580176429130467,1,0,0,61.64744000616566,0,0
66.63127380408851,19,1.0963269526851929,1,0,0,88.34137077090239,6,0
13.232171695687027,21,2.134777206142057,1,0,0,81.39867779909527,0,0
37.124836764609064,10,10.401877604956717,1,0,0,39.8481721725766,5,0
94.0485813823253,8,0.11730229315074482,1,0,0,127.02217772355509,4,0
61.84260656374009,6,2.40011881108058,1,0,0,77.56342749765007,1,0
88.9168399812629,19,14.221508529874638,1,0,0,233.31856650644954,2,0
125.31759870778471,21,10.230573939233736,1,0,0,363.5848716101161,5,0
46.83061259097099,20,6.123449691396302,1,1,0,124.60435887744738,5,0
76.49360127940432,13,2.6251718467351437,2,0,0,27.187417767693645,2,0
70.52163388243049,21,14.435453444515865,2,0,0,70.20271580520262,6,0
174.24458138162984,7,10.269883077499028,1,0,0,256.0689378657684,3,0
348.0000692842559,18,4.883052853988284,1,0,0,73.98659307147322,3,0
55.4850805638985,15,0.6193583166935374,1,0,0,60.40704255106306,3,0
161.51902740736648,9,6.509965424530828,1,0,0,27.064978963043487,2,0
39.13213290830934,22,1.5911989972693252,1,0,0,76.74526958864887,1,0
53.95964444352236,8,1.531559319491054,2,0,0,41.518518527374,2,0
270.68604262884537,12,11.366279499766508,1,0,0,47.07852531083943,3,0
122.8430550719077,12,10.526193625528686,2,0,0,26.696985477801196,4,0
33.275654719337815,18,1.371153272365916,1,0,0,169.57705977613224,1,0
325.08796067702707,9,4.700263067260414,2,0,0,53.71367265906303,6,0
1266.9191257849616,14,1.8113681970010425,2,0,0,292.7083851254012,3,0
95.10703447259542,19,4.505283962380596,1,0,0,226.50495404978912,4,0
88.75688777649206,20,5.096566413137021,1,0,0,174.84379403707996,2,0
299.2304230248563,11,4.693362351432867,1,0,0,128.10650894793832,0,0
32.595628393494316,22,1.5323436641657286,1,0,0,118.5171641126367,7,0
74.37558879804446,12,13.557900961581266,1,0,0,19.031299393958115,6,0
727.445237788442,19,1.7956603141738658,1,1,0,55.74087031355705,5,0
28.305569934892215,7,1.5860683464530065,1,0,0,354.3499336242542,4,0
243.17521053491097,20,2.9743574873646565,1,0,0,138.36385180140522,1,0
13.921856964615857,6,4.067764717659067,1,0,0,166.05675938042396,2,0
129.66588186360192,21,5.103684377931067,1,0,0,123.7016304755042,3,0
13.338357573666167,8,0.7010334073094299,1,0,0,391.40163129313913,1,0
356.5578326142813,16,8.425797216733445,1,0,0,219.38362720166546,4,0
276.40343094705764,21,2.2732729026485727,2,1,0,100.50498067763587,4,0
9.529708241312116,7,24.276513252852567,1,0,0,15.938316235775032,3,0
368.4656310758,15,3.3087573144655296,2,0,0,827.8370028632803,7,0
420.07834927664834,21,6.223611652108646,1,0,0,273.74698660708844,3,0
45.800358602499685,7,0.19172676523186066,1,0,0,141.59481163052826,4,0
16.92565007986035,6,1.6367864194062351,1,0,0,493.5997734026601,2,0
128.6521912863225,11,0.034216535534520115,1,0,0,55.00861385509568,3,0
146.42328564422434,7,4.237508484410642,1,1,0,34.096037058895824,2,0
547.5297764488805,10,22.99302673550904,2,0,0,218.8444243931405,3,0
75.15255290467199,22,2.5000115730147145,1,1,0,93.3583749459996,2,0
35.92193291014292,7,8.39444684967097,1,0,0,22.528487722067673,3,0
36.95430509522645,8,9.75597193503563,1,0,0,148.54065222143316,1,0
41.661406674868516,6,6.962986252383661,1,0,0,183.23907832136587,2,0
50.39962161177763,12,2.378431725475536,1,0,0,15.34520621453604,8,0
194.57198939204702,7,10.858563005523763,1,0,0,26.89005510445879,3,0
288.418266428346,21,5.555606774010167,1,0,0,52.85179438586039,4,0
1199.3843254846986,20,1.3218087078650766,1,0,0,142.73769066470962,1,0
47.80449750410264,16,1.20707459984321,1,0,0,68.12236166187877,2,0
321.9100822041793,6,5.6491537702848715,2,0,0,26.155160128501006,2,0
34.37286464762351,20,3.177305567240196,1,0,0,186.4293868519732,2,0
109.52265896362461,22,2.146540117197523,1,0,0,26.766145137679292,0,0
16.762253461545846,15,2.283154168563052,1,0,0,540.9274911173536,4,0
81.71518902892059,8,6.184249461616362,2,0,0,143.6591551832058,3,0
22.377178421642725,18,6.341795668108006,1,0,0,60.08159566428635,3,0
243.61314943619578,12,1.0499366249859523,1,1,0,255.79119509763302,3,0
86.18731854383971,12,9.12911035890241,1,0,0,39.58618862975221,4,0
22.05057995038592,11,1.9673512811804916,1,0,0,86.58683873112447,3,0
1197.401383045015,15,1.0741562030354053,2,0,0,129.05623212168285,2,0
148.67797658876785,14,3.5221594991241374,1,0,0,22.854976030598674,2,0
152.45933788376757,22,7.228639458327538,1,1,0,162.91932939319278,4,0
1070.9447329257212,0,255.5202677428498,3,1,1,71.21140250271134,11,1
61.18959765595322,12,3.0735064135138486,1,0,0,128.0793367864189,2,0
14.742467662645064,11,5.12165214729283,1,1,0,77.63904595092883,1,0
45.94818754681708,22,16.48224887539389,1,0,0,16.536595397349675,2,0
59.07460776185855,22,4.78470805773344,2,0,0,506.0038582878452,5,0
159.81900095834797,6,5.10829899356405,1,0,0,69.01857999024041,3,0
181.4849522058132,7,2.8513889926371623,2,0,0,138.62867302112062,5,0
38.34409448370325,10,9.246865992354076,1,0,0,96.18014382505748,2,0
198.46754771161395,13,6.644806925325018,1,0,0,133.59357439812015,2,0
437.26555442646446,14,4.802227949615968,1,0,0,192.68739746984824,1,0
54.216828041659994,8,4.831211463165292,1,0,0,48.23317647277264,3,0
377.7290110431918,19,2.6525912446620614,1,0,0,136.13495303137967,4,0
16.926032734183384,11,11.13700338872212,1,1,0,119.9374935147199,0,0
502.22117627108616,17,7.072213853033641,2,0,0,18.655374176471987,4,0
199.1911028253888,18,7.94078995166145,1,0,0,27.037098862155542,1,0
83.33747188540886,22,13.809270565544413,1,0,0,114.78271354931503,2,0
23.582634937787777,21,15.155412482982875,1,0,0,109.90488730210534,4,0
77.65063142036244,22,4.542671552439149,1,0,0,77.08762898412388,3,0
475.9686152093596,20,2.4260274047237957,1,0,1,103.55874964320101,5,0
50.87438574084717,22,4.1313222387154305,1,0,0,113.52768902864246,3,0
213.85319097852678,9,5.3606115191754755,1,0,0,50.07645094022523,1,0
326.64156075333767,6,13.939846970218602,1,0,0,39.783807922357845,3,0
33.835158498710086,15,21.356717940297404,2,0,0,34.8647318566519,4,0
125.84588571647991,9,0.31731774205472774,1,0,0,42.39113594872995,3,0
233.48938925489736,14,2.498105083432396,2,0,0,90.96882583591936,3,0
97.63901599551286,16,3.9581253336918882,1,0,0,38.709805966226035,4,0
73.3412595147259,16,1.0907636857023855,1,0,0,218.42180021498115,4,0
305.07285103282766,13,1.8482000108340872,1,0,0,91.53413632027095,8,0
145.84343886764452,16,0.33715852199099694,1,0,0,85.689629289779,2,0
31.235627998882308,8,1.398483582259693,1,0,0,34.01658179880355,4,0
399.2546402512118,18,7.2176455678960725,1,1,0,246.01752266813958,6,0
340.3804920424151,4,10.106690683449038,2,1,1,13.986295540157409,13,1
86.94842376842112,14,18.381960431883645,1,0,0,54.50689521557826,1,0
563.3474319265431,12,2.8347015846068575,2,0,0,105.59807740656417,6,0
64.92961173880097,18,0.15348324867490296,1,1,0,40.4162698851705,3,0
7.236610931559411,7,5.5494808874716695,1,0,0,82.45542023607979,2,0
75.21722635517331,10,4.54144542263731,2,0,0,37.87719710259639,5,0
15.240985994257258,18,0.051326287731727635,1,0,1,28.51583177537627,3,0
349.40790731575515,7,0.04358562787651273,1,0,0,177.100589481547,2,0
31.294499811727466,18,4.635431608259254,2,0,0,89.07908831655665,3,0
341.68379914988947,20,9.064031797605496,1,0,0,426.5379699645251,6,0
116.37098766020652,22,6.517009139743686,1,0,0,209.93515398957084,1,0
88.32151996217115,16,3.5271631824478074,1,0,0,79.3315749624389,5,0
318.5743669914813,18,1.0706838082774452,2,0,0,27.171069592474925,3,0
213.1984691432115,13,8.419013089431077,1,0,0,29.52028425732431,4,0
319.3636007510262,11,0.10147714248964988,1,0,0,102.4842269710635,4,0
156.14695331595823,17,1.1666536934971319,2,0,0,20.917304251277496,2,0
32.2035351885798,8,0.7352086406405081,1,0,0,146.40205002527387,3,0
34.970089837415394,7,1.5701622294069149,1,0,0,80.90081401711828,2,0
543.8780333681896,13,0.9892154058931377,2,0,0,93.85599605811066,0,0
231.81266922795487,7,5.076415866872983,1,0,0,247.37254348839372,2,0
69.91196061009215,18,2.108051466497637,1,1,0,25.87480315290609,0,0
19.78272214487919,21,3.677616091005871,1,0,0,55.54735004229865,3,0
89.02417802595942,6,4.895226092487983,1,0,0,44.94961944603367,4,0
186.14233487634505,16,1.050902947491552,1,0,0,84.38254373566247,7,0
113.1907771155596,20,22.68034667931616,1,0,0,165.78247371233044,2,0
168.9376284238267,19,4.39059550779907,2,0,0,40.0076743547678,2,0
173.91110409776172,9,2.95898298989371,1,0,0,154.42894260225455,4,0
25.557609204945972,17,3.665296280501322,1,0,0,233.20995520962714,2,0
690.3582320283813,14,0.4221784147519476,2,0,0,540.5905907716003,2,0
142.63253319504702,20,0.2713382664451203,1,0,0,17.066667277754544,3,0
121.74892108173434,12,1.6297568021578968,2,1,0,87.39330842123285,1,0
75.73180841444602,14,1.2979178521341512,1,0,0,149.97755659470673,1,0
178.67879388092533,21,0.3974120122326139,1,0,0,29.18255859321909,4,0
368.9615065922762,9,1.5744181015684424,2,1,0,25.2379361539647,2,0
197.6319004870986,11,0.7237160609219204,1,0,0,102.3403388640284,2,0
26.244585176788707,6,0.5465967987015943,1,0,0,17.381960701485745,3,0
65.31463549168393,15,5.275666277762881,1,1,0,63.35199240647902,5,0
54.94009538534829,12,0.14273446935423745,2,0,0,345.0655169920458,1,0
71.05432410938342,12,17.464338339569757,1,1,0,38.94118495071001,2,0
69.09304685289791,12,5.112217522789118,1,0,0,40.63877808028681,3,0
467.7236386472982,7,0.05721640822981816,2,1,0,52.93853918598166,0,0
222.50777426087387,19,2.1078680760647277,1,0,0,312.24332475592774,6,0
185.28653884177515,8,6.235515907079376,1,0,0,95.32350907971279,4,0
45.28545504741283,7,6.503611846076511,1,0,0,104.51219085292075,4,0
134.2185407509248,13,1.2175934763889036,1,0,0,50.076133844416006,2,0
695.3960623963959,17,1.6173302814629849,2,0,0,25.39582115561506,6,0
85.00665853923162,13,3.0792182465984688,1,0,0,216.12924130920726,2,0
430.36929074996414,12,3.6887913382846023,1,0,0,148.97869583805385,2,0
32.532373164301845,7,8.816350666758796,2,0,1,65.3182252106827,1,0
171.74420456785793,16,3.4816516738538428,1,0,0,247.0750188915417,2,0
29.082893316502627,9,1.2284831185229257,1,0,0,110.97505586071883,2,0
473.32843316365324,1,138.50816753283812,5,1,1,77.65101621413437,14,1
4.971614427191945,18,3.5491986859379967,1,0,0,99.0959265811061,8,0
249.27019475607185,14,21.89737850746733,2,0,0,52.15481987771596,6,0
64.49187886586941,7,2.137534767328323,1,1,0,23.413709364362205,3,0
712.1054764387443,13,9.409724893435182,2,0,0,298.42022689991444,3,0
238.32189251207274,15,8.237917336426685,1,1,0,91.29481930101787,3,0
282.25835796545687,13,21.50926927253557,1,0,0,22.1700205345352,3,0
350.9552055614124,22,1.9117479955979806,1,0,0,48.979308721733055,1,0
428.3964674451609,5,1075.363771766544,4,1,1,271.1633305384474,14,1
32.05573467802953,19,0.4047764147815803,1,1,0,404.650985125945,0,0
259.87738080912334,13,9.846855654515053,2,0,0,37.0546501662901,2,0
36.76894774310259,12,11.4382018725162,1,0,0,156.1627585126687,2,0
212.6464201003877,21,0.9384280998887753,1,0,0,68.13387208941747,3,0
30.64973213957257,11,0.25987871424892595,1,0,0,173.13425306276886,5,0
769.0447250084472,17,5.63911745093804,2,1,0,191.76386747383742,2,0
141.8406715644624,22,6.706545649149042,2,0,0,57.71193748688551,1,0
375.68843217102824,20,4.301757102405498,1,0,0,46.78227429809175,4,0
125.14946407070505,6,2.9881796962760094,1,0,0,16.052384858906603,2,0
108.89933135454376,21,5.427896653138262,2,0,0,239.82263832203822,7,0
145.7460992703088,21,9.421636857677068,1,0,0,61.083660927607625,6,0
30.258937433925503,7,1.4350781810972533,1,0,0,184.82834719546264,3,0
206.4775752064988,19,16.875273071599132,1,0,0,95.22676210162855,2,0
90.1365451326879,8,7.553300499718376,1,1,1,72.02763445809518,4,0
57.302286322469804,21,4.0985421657690555,1,0,0,51.602439959349226,3,0
69.17063099015577,18,2.141396405513219,1,1,0,123.17877298863588,2,0
385.11195227864465,13,4.65181229898697,1,0,0,522.4166856990716,4,0
141.51019956963532,15,2.091916831262716,1,0,0,32.03079649096149,3,0
18.784660930179292,16,1.4891774600637875,1,0,0,134.09071880382683,7,0
323.6033928265222,16,32.494835649045626,1,0,0,54.12069133522706,2,0
391.9641288209851,19,1.6482602161489333,1,0,0,126.21807343505033,4,0
150.37103374344892,18,4.112322565716468,1,0,0,49.86653793980317,1,0
92.61559881426453,12,1.5351011740061438,1,0,0,226.14386661445866,2,0
322.2703333853868,18,8.161175977117262,1,1,0,96.31405852941448,0,0
177.721213366603,10,4.5446078403403645,1,0,0,64.59226899061956,0,0
125.05468350232735,19,4.834132839020452,1,0,0,82.15655708965886,0,0
49.014919890463766,9,1.227107566127454,1,1,0,103.58701995241768,4,0
357.85895877377624,17,1.406519712610532,2,0,0,44.57308512222489,1,0
94.34710557039769,20,2.3823646437242654,2,0,0,100.46238129102343,0,0
1430.3190660819762,3,969.0319824129854,4,1,1,227.48680547618866,14,1
12.091988661793733,19,8.389033649549845,1,0,0,189.09825448546565,3,0
27.753308438638566,19,1.013649103552714,1,0,0,48.33344874322736,2,0
180.5363424899783,9,9.47464825132877,2,0,0,75.76746285245345,3,0
50.39776146076711,22,18.22994003861276,1,0,0,60.59888798571783,0,0
433.98923307723027,17,4.376647076299877,1,0,0,125.10603483635353,1,0
56.25854002574243,6,12.282296082268243,1,0,0,74.04964082480076,4,0
101.49721165429712,22,2.8144382301269784,1,0,0,49.94345281774849,5,0
90.60855709893806,16,0.17311435546842432,1,1,0,209.41905755255505,7,0
263.09293566608306,18,8.525857937974482,1,0,0,104.26079685910324,3,0
78.92731805215683,15,0.7225910689817436,1,0,0,98.64341651400434,3,0
34.24060118233443,22,7.793128689349583,1,0,0,122.202922257998,4,0
148.2812053013119,12,0.3425334588613981,1,0,0,66.42804791395999,1,0
109.07646133995921,7,3.835371225597966,1,0,0,165.75735870692267,4,0
298.65813944134237,9,6.415295022781729,1,0,0,182.88925264674808,2,0
28.403363578453213,18,1.4398569641186187,1,0,0,41.448963157821,1,0
189.36034280524075,16,0.5224320428965646,1,0,0,131.79893382112948,3,0
41.55934194189921,7,3.8569094418740324,1,0,0,50.76420553337321,2,0
5.214573904541311,18,0.08271252288714706,2,0,0,56.87102113100301,1,0
97.18428976311144,6,10.024224175342798,1,0,0,78.81580198801544,1,0
47.579997766082144,21,9.597533646717963,2,0,0,115.36205122478833,4,0
263.38634427521254,12,2.5155144794649846,2,0,0,228.95213500654125,3,0
24.170220936084128,20,2.92098807098131,1,0,0,250.66898691161538,7,0
39.71786619567391,10,8.673665923920078,1,0,0,92.33201095151736,3,0
140.58873780796728,18,1.0984120338653245,2,0,0,43.68309385359155,2,0
79.06947907974468,8,2.1651596218767493,1,0,0,41.104744300564825,1,0
52.1455096318392,21,0.04494275070350473,2,0,0,67.83803397528388,7,0
484.5955259730108,11,1.975529080620705,1,0,0,74.09297079561654,1,0
347.6214463981662,19,16.93770521850043,1,0,0,45.66121779241412,3,0
229.4484517469773,21,8.519493654690795,1,0,0,41.35374183609807,4,0
93.811500545126,11,5.97463955943648,2,0,0,34.4088328169961,2,0
37.284075111456175,9,3.9075280555276235,1,0,0,240.4111744877415,4,0
291.9356069448454,15,8.465876543729134,1,0,0,50.681448177975426,4,0
63.89783523820347,18,4.536908856680149,1,0,0,35.22691912395754,1,0
142.1315758613051,13,6.77655249756911,1,1,0,28.61920999462471,4,0
63.278541090270664,17,3.2344027059167764,1,0,0,53.51383533216763,2,0
51.90670996812752,8,3.8551368187939716,1,0,0,39.40013745890742,6,0
668.0902730317014,12,6.185447072190753,1,0,0,284.2123994109288,3,0
164.62097972505683,20,13.696362812347829,1,0,0,40.91790009916015,6,0
121.46761546103961,17,2.6769142110107995,1,0,0,37.06475971084723,6,0
91.43408534579945,17,2.184578586276085,2,1,0,85.03091610761139,3,0
29.54512163610761,21,4.0197206885529955,1,0,0,216.01388678818083,3,0
103.7495595576166,7,3.078241665166979,1,0,0,50.03329472151806,1,0
313.21558253176323,12,4.050434605439179,2,0,0,26.79470381771543,2,0
309.4361944621622,18,11.142255237291751,2,0,0,107.67785470221207,2,0
203.51800683670365,14,1.490869797201554,1,1,0,395.88379166686036,3,0
1434.2159543840644,13,4.945393800456613,1,0,0,51.865230196549554,6,0
25.305390157508466,12,8.031846251866527,1,1,0,40.52893324529183,3,0
171.67234895802923,22,2.9048302878755377,1,0,0,527.1865107366214,3,0
87.42114493673431,17,0.26637526582457904,1,0,0,299.987665566925,1,0
43.52163170724744,20,8.928725558332783,1,0,0,123.27829671473296,4,0
20.023762599080143,6,6.639385526854147,1,0,1,161.5884431011287,2,0
442.73176764901746,22,5.666801586235129,1,0,0,118.72629383706895,2,0
46.20792328452898,17,2.1759611362984073,1,0,0,86.68845100867102,6,0
173.45047948095564,11,0.2862305959624918,1,0,0,271.01274460341943,5,0
93.0860842757285,13,6.689692178983625,2,0,0,491.0444955997331,1,0
9.432948017120912,11,7.974352412784615,1,0,0,218.60558095406304,2,0
58.53885255592158,11,1.1401956010025207,1,0,0,50.970829425417506,4,0
116.71353360014042,11,0.3217620383372,2,0,0,36.04430794909668,2,0
1187.6232709705673,11,1.3996255529782018,2,0,0,44.90025534044321,5,0
167.44787311559475,19,0.6091090458121853,1,0,0,40.49113283232781,7,0
47.87354103237244,22,1.398797122935484,1,0,0,115.35409466541314,2,0
60.60147836524151,14,0.17186084010049862,2,0,0,32.046185138475835,0,0
10.575807905319076,20,11.002049637178455,1,0,0,32.2402164544154,4,0
78.70378580550341,9,4.820077223861869,1,0,0,42.06028862092827,2,0
87.8710931128745,21,2.2308253901759167,2,0,0,28.804499441014283,1,0
74.88196943090675,17,0.1647500009253101,1,0,0,120.2642980563248,2,0
5.299826451467736,20,14.753343497956507,2,0,0,127.54504292859035,1,0
263.8401433035765,10,4.83501103094815,1,0,0,25.138510551134495,2,0
295.5722688184729,15,7.921003577399381,1,0,0,51.73655659789064,1,0
133.89376270638454,12,2.767029210789907,1,0,0,70.20193352540936,3,0
4.285955270274977,9,4.334624204524874,1,0,0,28.196471277923578,2,0
156.5803866885705,8,0.4772109309854957,2,0,0,163.97971293118493,1,0
83.861208459928,7,5.511483576276576,1,0,0,61.3374004715449,2,0
55.48243893233339,12,4.015626191683699,2,0,0,174.9522376387125,1,0
957.0661340152601,14,0.4672761679415605,1,0,0,126.47700994394415,4,0
81.0966416731639,16,2.5935454702819944,1,0,0,50.6130940346076,3,0
40.24174215519446,8,0.6642487675675977,1,0,0,63.95242511680019,1,0
133.66106802337296,14,4.574091107354311,1,1,0,60.45528512336739,4,0
23.40322212351451,18,10.55264447038997,2,0,0,80.79389016748084,4,0
91.65365670253448,22,10.410837750783191,1,1,0,136.5545768148956,2,0
29.207130830014627,13,8.440845160242318,1,0,0,208.74494554097097,1,0
108.79657141778024,9,4.21823519705217,1,1,0,96.38651672489632,3,0
264.72216272303933,20,0.5558139650910066,1,0,0,53.910770935159384,3,0
28.407394738874455,13,5.2525905255645675,1,0,0,71.68946694402734,3,0
82.83996982383178,13,0.870282816985304,2,0,0,95.2424936760331,7,0
44.35966161873259,19,2.05331885767359,1,0,0,79.04500001139981,4,0
263.80799349818204,7,0.6782798036718206,1,0,0,61.81304110239057,1,0
20.141202760972785,9,1.3287656053189907,1,0,1,144.4863207373886,2,0
50.45330437391631,21,2.9896651395377996,2,1,0,119.7802368960748,2,0
10.762333694243212,21,4.710133726468598,1,0,0,69.15963308672572,5,0
384.70143289956576,8,0.5604627409503316,1,0,0,43.777156354405555,4,0
46.66361612164541,8,0.9017607396262619,1,0,0,123.86181423992556,3,0
158.0591352424716,19,1.2931613203752916,1,0,0,31.621297536771802,4,0
39.701738328233674,12,0.827768078751199,2,0,0,90.72374925341327,2,0
123.0838279751693,14,0.05097977813987193,2,0,0,60.45685252489137,6,0
20.39117137723622,10,1.3796702093751216,2,0,0,48.18077375354658,4,0
187.1950695934337,19,4.592778800547547,1,0,0,275.09930934466183,7,0
11.308036289152943,8,7.019615014913702,1,0,0,64.23522325354378,3,0
74.50599628718906,18,3.3601690259202104,1,0,0,476.9320720016047,4,0
218.56419640624307,16,3.9373030052708757,1,0,0,135.2480142061261,3,0
384.19245341047434,6,3.981028509160065,2,0,0,46.64070511576082,7,0
29.925576322629936,17,0.5404536753704603,1,1,0,136.85936399043874,6,0
83.30899606116475,18,2.3403865492814906,2,0,0,59.99774732206773,3,0
90.12571016590758,15,0.23496809918651232,1,0,0,745.5550622737105,4,0
90.6656411671912,17,1.6608381617562693,2,0,0,213.57257746401507,8,0
70.56891128403193,16,0.786545677463682,1,0,0,62.800483044752866,0,0
18.433217936492778,21,6.617112820800125,1,0,0,91.08268756403001,3,0
87.25165340127955,7,0.7715848308391315,2,0,0,58.45270910405248,3,0
108.30708533323316,9,2.3186153919614356,1,0,0,85.78310838807676,4,0
110.7349421085057,17,1.903719587136311,1,0,0,61.01052522397452,4,0
170.85971868668037,11,1.8528502363372132,2,0,0,108.59426081637828,3,0
69.92163613666041,7,8.135819023213097,1,0,1,64.66298349826765,3,0
371.86517104529867,22,2.2553605210273995,2,0,0,24.45821925017197,2,0
16.560878313485897,21,0.7908332645219587,1,0,0,37.90336619022092,4,0
77.0398456981291,6,9.741629826786145,1,0,0,175.92121215654305,2,0
151.05726758856466,10,0.0683123897830113,1,0,0,288.24948579136264,4,0
2033.8404442459187,19,1.57142118774934,1,0,0,124.51213074092759,3,0
83.14712056164602,19,4.769759972868509,2,0,0,117.73564401723362,2,0
109.30122807665472,11,7.417546264012149,1,1,0,164.43368080153576,7,0
131.73949084336667,11,4.096204334736946,1,1,0,56.47538281333088,1,0
27.89216019324394,16,4.373107909015757,2,0,0,79.3451978907252,2,0
640.716569924508,17,1.0691627717711278,1,0,0,19.162306365552862,2,0
144.9284762361995,15,7.6975024168883746,1,0,0,212.42772289971333,3,0
30.56933528443827,7,0.7871146423165049,1,0,0,178.99029453839333,4,0
33.75781653656113,19,17.601763690418146,1,0,0,70.82015477882375,0,0
271.781164936389,12,4.557801701639442,1,0,0,300.1547373048296,2,0
46.30958237854743,18,9.824565931834508,1,0,0,84.6637559573544,5,0
14.775325670829895,21,4.529828525659694,1,0,0,64.62211140361697,2,0
55.68916288902646,9,3.1287073236775402,1,1,0,73.79212853588346,5,0
14.576296754841039,7,15.713455992749756,1,0,0,46.67441080030089,3,0
166.65663316705582,6,7.946604076236804,1,0,0,263.3793374186809,2,0
35.92069128992219,6,0.3404737668116586,2,0,0,158.5373379233062,4,0
21.460073798256342,12,5.40899130561087,2,0,0,42.700745888888854,1,0
34.22730977589253,9,4.128616878352486,2,0,0,36.22923160034527,3,0
74.42256252329246,17,3.185252580621441,1,0,0,54.04344591854142,3,0
12.334880787954473,20,8.895815571546867,2,0,0,68.79091948299443,2,0
109.38156221476432,14,0.10558813990200286,1,0,0,223.42421970047351,2,0
33.00176670341237,18,3.5620195728632926,1,0,1,117.96835843546069,1,0
17.988575846464737,18,2.204640718798758,2,1,0,221.18082411825645,3,0
180.30847320094205,14,0.46465651176783723,1,0,0,71.52774453474306,1,0
159.5552586075819,22,10.81054149199369,1,0,0,265.8027331855692,5,0
43.85507942794418,16,0.10400745999727917,1,0,0,192.43354153823256,2,0
141.56462860628505,6,3.405842593041521,1,0,0,32.52926084142694,4,0
216.80843043006817,11,2.584946652179558,2,0,0,54.641596133983754,4,0
107.05488687282178,16,2.509966717807088,2,0,0,48.49687047162883,2,0
74.80631829359201,9,3.3346398464500115,1,0,0,38.486168488892226,0,0
54.37041527064762,13,6.624065160812186,1,0,0,176.7572027391967,2,0
175.85724339485816,14,7.331936899096579,1,0,0,321.6242475690905,4,0
144.80175654186309,13,15.462523387504518,1,0,0,43.587407617755304,3,0
210.6250065948641,21,1.2659686382585076,1,0,0,32.89099218257248,8,0
58.17671197268389,22,1.4028965871705399,1,0,0,74.56000052495996,6,0
60.74092584487247,21,1.988678437045822,2,0,0,134.03255925581286,2,0
85.29323567938306,15,0.7265278900866401,1,1,0,86.30551136684825,3,0
146.81703183833852,14,19.239919174318207,1,0,0,70.75489985109928,6,0
137.0155592369219,8,7.680375743883947,2,0,0,10.873718698615686,3,0
129.23546169964806,19,1.168479410529498,1,0,0,57.086394424001774,4,0
163.16375716380927,20,7.953418609491819,1,0,0,24.03952036936517,3,0
126.92778333520765,14,5.3391781047911735,2,0,0,66.06691720065864,2,0
116.82461181890619,19,1.2448042443469256,1,0,0,104.52245157545731,5,0
200.76367270318292,18,21.186790623576787,1,0,0,46.10105706446618,1,0
1126.5694688924018,15,8.593497812770302,1,0,0,206.48169993505545,1,0
411.2839795211508,16,6.052782198915803,1,0,0,128.93161011181604,0,0
24.579090364492277,18,9.965144136310538,1,1,0,56.02398268883386,2,0
18.055004415023987,11,0.20387637687859378,1,0,0,63.15031006800187,3,0
140.80753206443654,22,2.144550686672966,1,0,0,31.92987894666756,2,0
133.5761236348404,13,4.602780203746446,1,0,0,68.32580702919236,8,0
48.13858229597295,22,6.635694160995883,2,0,0,120.02842600207914,1,0
986.6959138068243,21,7.039364012183866,1,0,0,97.25305800822758,1,0
358.3299029519518,6,4.687685107468364,1,0,0,93.014221245037,2,0
67.99933641927255,18,24.358377667775777,1,0,0,119.39887984643399,5,0
43.36416324338356,16,6.882054751588629,1,0,0,128.74359716238308,0,0
95.2638037624344,7,5.02624866857976,1,0,0,17.212485606591528,6,0
106.84383487140877,8,7.8428196456343535,1,0,0,516.446637099589,4,0
70.27958542861093,8,5.035960866265402,1,0,0,92.0641115675606,1,0
114.1647586454551,8,8.92280494977976,1,0,0,59.230664118371806,9,0
348.05570747910537,15,2.5705728665994974,1,1,0,91.83899951578069,3,0
565.7677604620139,12,22.759147261717207,1,0,0,81.23039038120581,3,0
21.861624812038993,20,4.053019428681621,2,0,0,47.80497717052675,1,0
282.5213274702956,18,0.877998072065047,1,0,0,36.377277816752795,7,0
596.8336968735715,4,290.1950484667587,3,1,1,58.84667393053164,10,1
49.835221378070635,18,2.711065729251578,1,0,0,112.18296034513041,2,0
259.2521156007012,18,0.8700593102366607,1,0,0,55.23797444064773,1,0
44.52646246584121,21,5.374733954564714,1,0,0,26.15595593159089,2,0
1162.35021944029,22,2.1103646279261987,1,0,0,204.22898451913582,1,0
137.07616303339216,18,2.258004336949637,1,0,0,35.69515972854049,2,0
174.08287337453908,17,1.5426916639916552,2,0,0,41.98056572424891,3,0
74.76433925230732,8,2.474884286022149,1,0,0,106.08995723577792,3,0
131.85913174133077,17,1.7033456319391782,1,0,0,55.08750721638967,3,0
65.2334155126437,9,15.454946098797768,1,0,0,71.1828753346609,5,0
142.59983114462653,13,1.9903085779562082,1,0,0,21.0573624424221,3,0
90.4903938454738,14,12.918274033302223,1,0,0,166.6006864505332,1,0
97.10613525306452,10,24.338995551555044,2,0,0,130.76764273893397,6,0
51.90749284228978,12,4.927131321471575,1,0,0,30.914603913735178,1,0
187.53218394066576,15,1.7988568191457188,1,0,0,89.76177085077343,2,0
235.89248501346415,11,2.566718126985629,1,0,0,62.622355849659215,2,0
41.40910811893451,9,0.3848025280544662,1,0,0,199.6235244339501,4,0
11.022884185995027,6,12.350695484721346,1,0,0,120.22858233193584,3,0
79.52787878788526,12,5.486087448620153,1,0,0,49.364026362472735,5,0
39.56062847715076,7,1.9381635772249988,1,0,0,189.50586104942084,5,0
29.722000873968085,13,2.192640176396371,1,0,0,226.57279518348736,1,0
91.11930413233642,6,0.7712193603809604,1,1,0,21.542220963471078,3,0
104.44571442081256,19,13.63379156134863,2,1,0,57.965200036267966,1,0
81.14092969273801,16,20.283055653004183,2,0,0,108.7648972257114,2,0
281.42854003587007,9,0.8317620208414318,1,0,0,173.22191129781308,1,0
39.830158304264266,7,10.342615680990658,1,0,0,56.90692576712561,3,0
258.1760706669499,21,17.31921287029458,1,0,0,52.37201357948549,3,0
443.269508415719,12,6.5454310464921015,1,1,0,147.32920815855982,5,0
25.01737660201702,13,38.18919563628205,1,0,0,47.516036334251716,2,0
50.21936321064849,20,0.7649784879910083,1,0,0,63.56911230186379,2,0
81.94894499044955,10,4.803449599895301,1,0,0,53.86926226766758,3,0
598.325290596918,5,1073.3448319676702,2,1,0,170.4348419593725,15,1
19.44134075246462,10,9.994557184203948,1,0,0,92.049376676869,6,0
32.97211399281261,20,5.951008708534181,2,0,0,64.64172994732603,6,0
20.648567333747447,12,4.246346423503877,1,0,0,34.75393533382062,1,0
205.70072561478796,10,8.554157897309018,2,0,0,118.04571428937884,5,0
48.79181753609012,9,1.9771002472881163,1,0,0,125.08089003434253,8,0
116.48383874253467,15,6.492380140834762,1,0,0,86.43821602118405,5,0
88.22595977579432,19,19.59936600898096,1,0,0,24.67890726308551,2,0
73.97441932262934,12,4.659479619065008,1,1,0,147.41193945553965,5,0
289.3803536859051,8,4.039281998966066,1,0,0,196.64228683888712,4,0
103.12321827975306,21,0.9088172188543154,1,0,0,43.81146463014689,2,0
91.31245638670144,13,1.0315860932359366,1,0,0,100.32196011407612,4,0
181.082562146147,20,2.815252107911755,1,0,0,45.98172684360355,1,0
27.446393090877642,11,7.583990853494573,1,0,0,183.70362229663175,1,0
200.9698190116717,12,5.734785599867283,1,0,0,235.81952747196192,3,0
48.7925242291862,12,0.4971766901210172,1,0,0,48.39168003916718,1,0
36.642763195138876,6,1.161215145380761,2,0,0,20.602545243281146,4,0
113.77408054627756,15,0.07218110956763368,1,0,0,52.25464935058243,5,0
38.96326231750055,11,1.3815782725108272,1,0,0,91.43192119732217,0,0
134.7336146386936,17,3.416943579035032,1,0,0,161.37296085815726,2,0
68.7580049603481,8,2.905788032057238,2,0,0,62.053643003478946,6,0
149.3011718469694,22,3.8167134024452967,1,0,0,11.443275921587023,5,0
20.46782775094935,11,0.16482601777885897,1,1,0,24.173042306316628,1,0
161.58338614413128,10,3.9508915927414434,1,0,0,150.80568683697976,2,0
54.06062203340336,17,5.660794412959605,1,1,0,26.605735930708846,3,0
39.02923555761008,8,11.38443011196738,1,0,0,55.71481533713255,4,0
123.93806117323174,22,29.874667385657368,1,0,0,35.18128559217809,1,0
216.7975509337517,20,0.6996537386880631,1,0,0,88.6892416804758,3,0
174.10350837811143,6,1.6062306549028045,1,0,0,31.74820726090818,3,0
493.98969573266055,6,3.6131468554390773,1,1,0,90.91200274678778,1,0
183.94003185143322,10,8.692944519818234,1,0,0,56.90223100285964,5,0
290.8352178984237,7,4.396600572509077,1,0,0,220.07440947385183,2,0
55.40634759030825,16,4.314736300767078,1,0,0,131.31396508451954,5,0
81.62085077698768,7,6.8065501498367915,1,0,0,503.1047696888547,6,0
184.480221242424,16,9.293985619085369,1,0,0,73.32645495738555,3,0
217.3279556310668,13,3.93782115647654,1,0,0,39.98257165792484,4,0
15.215566834441788,18,0.26869972539070763,1,0,0,130.49151805850684,5,0
90.21390664383766,17,2.1244656771896326,1,0,0,38.728323407992846,1,0
76.60897893380557,21,3.2321900902409144,2,0,0,19.158091355160877,2,0
136.51657531082932,19,8.22474007005436,2,0,0,192.50160488621293,4,0
106.53365837188755,20,0.5502264579546144,1,0,0,46.90208906836003,3,0
77.66443368919109,6,5.534679133449375,2,0,0,90.4090386144412,0,0
71.42865055028824,9,2.11088841067367,1,0,0,110.59632167448841,1,0
178.68408784037214,17,3.2404909653138185,1,0,0,66.37230480360685,3,0
148.2188521313046,21,1.6790361456158862,1,0,0,71.11125440912419,5,0
129.72207041076928,18,1.7514084745402,1,0,0,106.52001715800573,5,0
24.610373770688007,22,2.115237993237528,2,0,0,84.7213016183164,2,0
65.67581567464545,22,11.497580051132058,1,0,0,108.97580575238231,6,0
17.601517412968157,7,5.7587381302063925,1,0,0,40.367105764194044,3,0
36.59237085616089,10,1.0574446276067393,1,0,0,106.60231883616399,3,0
61.076319294940845,22,0.8456112175044433,1,0,0,78.84273498168888,3,0
984.4761135580704,6,12.848150924771854,1,0,0,25.783032766998243,3,0
149.58065658675545,17,16.726138820980566,1,0,0,91.34871677134848,3,0
571.2728810164987,13,0.7962653613132592,1,0,0,42.001241943279524,1,0
21.729049559563066,9,9.827347760443896,1,0,0,163.26425026337685,2,0
38.20026464941611,6,1.3370441084245452,2,0,0,30.769648252313022,4,0
70.17051126628996,9,1.7012453229709665,2,0,0,58.403299527529455,1,0
442.316150305159,20,9.327676943825873,1,0,0,63.71558876421888,1,0
120.81061196243296,8,3.2150895906300643,2,0,0,73.04434808776973,2,0
27.156267721693574,11,4.78927673216536,1,0,0,120.72133427720131,2,0
198.16008247793567,20,4.738896491207538,1,0,0,132.1904056124289,5,0
51.20329165622145,15,5.557223120960298,2,0,0,308.2881074822373,4,0
81.17187139077873,11,6.926391696131189,1,0,0,191.5059471403061,3,0
44.47332093509388,13,6.093984275422281,1,0,0,90.70560299784336,4,0
33.519725614660544,7,0.4079773325320676,1,0,0,111.06376833630543,3,0
228.8640301345545,6,7.061327397473358,1,0,0,418.640474888784,3,0
129.20439470420135,17,11.345298057017331,1,0,0,387.2483818255243,3,0
7.601575282846311,19,33.541604322801604,1,1,0,50.76509044687199,2,0
94.52459548573219,7,14.836598840857881,1,0,0,97.66831728373768,5,0
113.7524338804257,20,9.64903596627357,1,0,0,33.88375575227909,1,0
192.28558628322457,19,2.257569561804816,1,0,0,78.74620825291112,2,0
10.054510539495734,19,0.8765516853754006,1,0,0,188.7844946734174,1,0
60.48838139003431,20,33.64148783912751,1,0,0,38.88307820673196,4,0
236.07649507310236,18,7.5284267972200904,1,0,0,183.37103912522795,3,0
79.44606825135384,21,2.561490400314838,1,1,0,178.16724289987587,1,0
41.301848656478924,10,1.0820822077532362,1,0,0,111.9053479244865,5,0
47.947921235469686,14,3.5318104169634674,1,0,0,19.71546283558429,6,0
64.82068339242267,10,13.367466680444542,1,0,1,194.22201742704868,3,0
112.59394632882695,20,4.268012894475981,1,0,0,205.6979349422816,3,0
100.01084438011905,8,2.9964746808715788,1,0,0,74.40164562364825,1,0
37.19381796746865,13,11.620534793626536,1,0,0,150.53366772574174,3,0
79.99938165988887,21,0.13525000594958309,1,0,0,461.4831969703564,0,0
92.07752200062309,14,2.768483016599234,2,0,0,129.72472820033883,5,0
633.3785708806297,4,210.68517769789452,2,1,1,24.903831600470575,19,1
21.14510814515273,22,2.4837732484627497,1,0,0,142.2025440668995,3,0
57.499450066681206,14,0.9373072862126631,1,0,0,152.3571726185734,2,0
33.411791101302214,20,2.1036561742574347,2,0,0,160.36735338477652,7,0
171.89855791421732,19,2.125492148204101,2,0,0,32.4658145827321,2,0
238.6983310965879,16,1.0073172653916274,1,0,0,56.536912954815826,4,0
18.828616610627822,17,8.824857623297538,2,0,0,173.63952130444838,3,0
60.347635158446,12,0.8670106334677817,1,0,0,89.86705952406486,1,0
40.385564626680434,19,10.98731041601952,1,0,0,28.268377363833427,3,0
13.877353963983497,12,3.7881360784464984,1,0,0,57.71283976950938,2,0
49.781530629526486,12,0.14732254621574892,1,0,0,168.48216533198342,3,0
27.821182869912697,13,9.381411627246498,1,0,0,124.81224382896926,3,0
30.313366817411318,16,2.051157084802426,1,0,0,26.354817395479838,1,0
114.76447825635367,13,6.5722062400858,1,1,0,50.52568691489075,3,0
31.494516856687806,9,0.3107370149516025,1,0,0,93.7389294748761,2,0
202.2681790536866,22,0.790874005282869,1,0,0,47.288349008760726,3,0
449.79002184155644,11,6.1031729300039,1,0,0,50.91442129347823,4,0
64.75119873258976,18,2.1074213872053322,1,0,0,254.419497685603,6,0
45.66613244038674,15,5.13188777728065,2,0,0,293.57710228186306,5,0
158.63439442474254,6,0.10583909266151514,1,0,0,110.76967111339366,2,0
68.87952121552566,13,7.973272332136876,1,0,0,45.940258662920954,1,0
63.605357933945626,7,9.888236059769614,2,1,0,27.197701052061554,2,0
55.40315004589074,17,3.506516584823478,1,0,0,99.6333212527813,6,0
21.354871756129434,20,0.9553453872460664,2,0,0,21.165492319996055,3,0
5.463493555715105,13,3.145018431324051,1,0,0,55.89066656779679,4,0
23.66832356784066,17,5.952327019621916,1,1,0,104.3711815424062,3,0
66.12303752942991,9,0.001007092088190313,2,0,0,103.51042479270399,2,0
47.59331227638158,12,0.2858839404192478,1,0,0,50.17834370541713,1,0
47.02702586873456,17,1.1278181657623971,2,0,0,45.72618592309873,3,0
706.8001303596919,20,5.013432511017358,2,0,0,377.0269908506593,1,0
133.46953081088853,14,5.624383624157213,1,0,0,169.10141861517135,2,0
117.04533390236632,16,3.019380876188909,1,0,0,100.68250370078928,3,0
51.66222785036339,12,5.312820602244747,2,0,0,51.25750978102358,0,0
103.04753029732206,8,2.6019137381513193,1,0,0,58.112461493955585,5,0
137.80555345882894,19,0.6861167647364097,1,0,0,50.371561675266626,1,0
27.467585811388048,18,2.971497068225766,1,0,0,43.143373381967,2,0
359.3413665748077,22,4.218793256397167,1,0,0,125.48088829902204,1,0
19.700224547829993,20,1.3674329530221252,2,0,0,82.26715285972935,5,0
42.58548482661421,15,16.339094266513115,1,0,0,27.247491423370953,3,0
61.71141065162833,17,0.06721189918050739,1,0,0,61.98165491060888,4,0
72.33779337726239,11,11.957309941478156,1,0,0,72.53554675632546,4,0
22.835727446374033,11,3.8398110896819313,1,0,0,20.23307153678065,2,0
181.32842311458512,7,1.3631413827624597,1,0,0,96.1025490406148,2,0
121.42448906588591,7,10.094973243565502,1,0,0,76.33724786732071,6,0
1180.1063060206359,20,4.724152038200727,1,0,0,355.67168707955494,1,0
58.591782646503184,17,1.4673922854316033,1,0,0,38.96283841566408,3,0
35.963235444531406,16,5.243468227849421,1,0,0,25.803961116993186,2,0
91.43992840114277,11,11.865614126474242,1,0,0,19.340863972589425,4,0
151.22866323691645,11,0.8809393912808388,1,0,0,52.62438897246826,5,0
337.89813248757736,8,11.565409146537803,2,1,0,123.83482655190132,1,0
38.2149922606363,7,2.010904327648148,1,0,0,152.52448290075577,4,0
16.38110298031213,11,6.431275043301254,1,0,0,236.13724708027107,1,0
13.299747160791776,12,2.0283088506680365,2,0,0,117.06222305399518,3,0
168.02618276509185,20,7.23291663071749,1,0,0,129.2420767953504,1,0
78.87492824248199,9,0.01258753674156015,1,0,0,25.379422154517073,1,0
213.47681726231306,16,0.3167883477115463,1,0,0,172.143935071519,2,0
124.50429459077678,20,5.45648791923607,1,0,0,184.05362646807643,1,0
81.18887635385727,20,1.2040105487008745,2,0,0,79.98262077468694,1,0
55.70307530164207,15,10.972382045144935,2,1,0,133.49808146661942,2,0
104.46047411069429,10,0.30075299192033356,1,0,0,26.174928176075685,4,0
165.13480662965898,7,0.004621514098563699,1,0,0,33.08616193133433,1,0
29.13491972145202,7,2.254232283393523,1,0,0,134.18695368707083,1,0
55.54382835498094,10,5.692070194130633,1,0,0,28.050502375388234,6,0
77.28733991725429,21,4.0515471197642325,1,0,0,58.81843107182173,2,0
296.0559907406606,17,5.0945610413782125,1,0,0,83.60092630368347,3,0
108.92238792938068,8,8.009565539812488,1,1,0,162.59147504583342,1,0
30.199832176079116,11,1.6281473465797205,1,0,0,178.16697823070677,3,0
23.445170212330908,22,5.55638253849269,1,1,0,29.242068925882215,1,0
105.14338596290376,17,1.9693900017192654,1,0,0,89.05373319660634,2,0
144.6957823356462,14,2.857112440595043,1,0,0,39.00346899585031,4,0
65.00010906722235,18,3.8629972128313956,1,0,0,56.28051773706455,5,0
34.87087647154196,7,6.010015981504066,1,0,0,53.62090177829138,8,0
201.67881398082528,16,2.733988742246463,1,0,0,255.12219127305747,3,0
182.74809540015278,7,3.7814376198880084,1,0,0,20.471468453147786,4,0
53.79697964074795,13,2.27174103301678,1,0,0,40.66199055727419,2,0
101.45145096271526,11,6.457369261954977,1,0,0,57.93205598351,4,0
449.14491041589355,11,2.4151356452099866,1,0,0,305.24448772361905,6,0
37.97052830266712,20,1.8123240843085007,1,0,0,63.25435700966063,3,0
48.70966327737201,12,8.386182535092871,1,0,0,122.92568643242556,0,0
38.89176286958536,12,2.212542354521381,1,0,0,217.76236347794642,2,0
327.4298517542462,19,6.489958631465134,1,0,0,224.41997715772487,4,0
23.389583406630525,18,2.2447563778089656,1,0,0,149.67259378930922,5,0
20.136887484786225,7,11.115945183699887,1,0,0,39.6930062600686,3,0
105.6209130591265,7,17.300282712577555,1,0,0,34.511327131542664,3,0
19.708109862650137,22,3.513945917437953,2,0,0,155.1310699915236,2,0
303.2831265068358,8,4.90508357127076,1,1,0,35.801237600303985,2,0
122.52217863009848,17,0.8312082940180471,2,0,0,169.09396276761922,4,0
9.600054414886095,11,1.0235465268505393,1,1,0,40.020855452465874,1,0
287.6885014507713,13,4.593434385091994,1,0,0,46.8188237287446,1,0
177.03669857684423,17,0.9560596711887714,1,0,0,46.35966210991646,4,0
44.169158442865864,22,10.136317026713096,1,0,0,130.4153448130963,1,0
64.27076570652243,7,6.051461840025777,1,1,0,102.82024760974635,2,0
14.683237367326603,11,6.333086995765992,1,0,0,31.990427510227985,5,0
14.283796296416524,20,3.344748668045855,2,0,0,48.710771539762696,3,0
36.72341121144846,11,3.061875419362654,2,0,0,44.857930844915934,5,0
585.9871003133354,6,0.8433169532951345,1,0,0,218.56518441290106,4,0
41.96100956678207,18,1.7831136613767187,1,0,0,47.86504671127258,5,0
718.9397700790905,19,9.749414000987572,1,0,0,111.29902160349393,1,0
9.792847183486426,12,2.6491088138143604,2,0,1,159.49544627722517,1,0
236.01773112191242,20,8.668600111427088,1,0,0,114.44233638393747,4,0
44.91854066512113,19,3.1381630283173045,1,0,0,97.59912333091812,5,0
65.8462731375342,9,2.667054153529696,1,0,0,509.2859932490984,4,0
96.94024719756194,11,3.3420401101758883,1,0,0,15.924524406217916,5,0
39.467827188848595,10,4.587841768729396,1,0,0,39.45684485454711,7,0
155.57024736754332,7,11.529928514623727,2,0,0,202.39028279286666,5,0
67.94322587792875,8,0.2638962366424603,1,0,0,143.8523080307484,2,0
143.04865187046076,14,2.6416911868565105,2,0,0,123.32169443682423,3,0
68.26029248123115,11,5.985520811300864,2,0,0,34.85688794119371,3,0
441.7728085704458,12,6.396908392937245,2,0,0,81.72619133125261,1,0
49.43333415246594,17,2.3290954902352117,1,0,0,198.7850336924246,4,0
27.766400189594133,21,6.892956574572464,1,0,0,117.5598212353384,4,0
52.93851930376897,9,14.4235132001565,1,0,0,110.30740791005319,5,0
65.34638986466204,6,1.0066657890299144,1,0,0,116.927061979332,4,0
38.842189514078,13,0.8249298726479449,1,1,0,296.2688702968001,3,0
627.1698746940635,13,3.142473754025496,1,1,0,115.09553831505944,4,0
700.6954286799564,18,1.6630032611285592,1,0,0,677.8111902011809,0,0
78.13752089430017,16,5.085333852697412,1,0,0,161.54674428954937,3,0
160.6690661407191,17,3.3972136818273837,1,0,0,35.15337426446185,3,0
84.472535749281,13,0.2990687403011917,1,0,0,77.25880092860719,1,0
119.22254441362577,22,4.815772955865884,1,0,0,79.40477165390769,3,0
92.89701948529368,21,5.0711741990952515,1,0,0,165.95159363525613,5,0
96.13838353323736,16,0.43472054176178787,2,0,0,22.2471191459102,4,0
368.8754839423326,12,6.4675912461566165,1,0,0,75.209006924834,1,0
14.659904330033063,7,1.2991452090424513,1,0,0,68.67995359684582,3,0
160.22145676992915,15,4.275698839144847,2,0,0,57.26748993134642,0,0
17.524448810139987,13,6.855923596039371,1,1,0,89.94738826200057,4,0
64.64919579611443,8,6.680995802049301,1,1,0,138.3265889283181,1,0
62.26382719007016,17,1.0110443693819708,1,0,0,46.379952224519215,1,0
67.82026901254729,9,8.184468242015388,2,0,0,6.599881523396591,0,0
135.95935341085968,16,0.9893009747769842,1,0,0,131.2547365417349,5,0
240.49300020499456,7,9.68626535984641,1,0,0,32.63646860071374,5,0
401.39188822589205,9,3.8006610085121317,1,0,0,69.24822000236156,5,0
44.402387105350826,16,3.0478497694649986,1,0,0,117.14273583384904,1,0
286.2409048852384,15,11.058421161136557,1,0,0,133.0395614260969,3,0
284.36749436020904,21,1.7747790777882044,2,0,0,135.16176157145304,5,0
189.99178608695598,12,5.316036875022646,1,0,0,93.22851850336899,4,0
144.83402562256987,22,8.718166540995943,2,0,0,106.20163148939724,6,0
515.2147840230009,21,3.467112464071738,1,0,0,76.944055762968,2,0
18.49632430220739,11,6.766344034411546,1,0,0,86.56495791044382,2,0
80.97830202092507,14,0.8198958350874498,1,0,0,78.36869968737857,6,0
77.34574504741066,17,4.853649816259342,1,0,0,247.9959679290225,2,0
44.07685796498088,20,19.687318720575963,1,0,0,67.52800210850937,3,0
73.10400423320017,15,9.255380861624287,1,0,0,125.98645931813411,5,0
262.4735298594428,8,2.876449425390415,1,0,0,97.5427378068072,2,0
96.48083012302676,9,5.345799833290319,1,0,0,61.46745871282655,2,0
424.6414927327734,22,1.0766843361341547,1,0,0,418.6927846984678,3,0
174.22421376583185,10,1.5015155199286951,1,0,0,180.5013026524806,4,0
31.823132707938626,15,6.123604885652663,1,1,0,67.59482158632184,1,0
141.3109292833089,21,7.102118931650461,1,0,0,19.150322024969498,2,0
230.0470391316624,6,12.502862445934333,1,0,0,66.9413486236469,2,0
37.75932463633583,10,2.8210463444970646,1,0,0,104.0525424132025,2,0
153.35925016118483,12,2.6596134208057878,1,0,0,29.883896254233985,5,0
42.23312692988974,6,1.4034921785363108,2,0,0,111.68462688397508,2,0
48.55939818026394,19,3.701962143600497,1,0,0,23.03342926560871,0,0
47.222961435545535,20,0.061061319404461245,1,0,0,176.9623766508649,4,0
50.964179581322114,21,0.7489327159323649,1,0,0,28.10459262850072,6,0
167.78966884975836,16,1.9041443661233108,2,0,0,50.73269058093393,6,0
217.5431213133474,10,4.101109210783094,1,0,0,92.17378028803132,1,0
107.38726023759789,21,6.170833729654998,1,0,0,403.1342615992504,3,0
25.70007699030087,9,8.113791387148485,1,0,0,152.04802489779465,8,0
61.72033668616181,16,1.7766229271355223,1,0,0,105.35704610682109,2,0
243.78015607274733,17,2.5413963827979336,2,0,0,96.34011599116378,3,0
53.019930368389275,16,1.1921040784252734,1,0,0,76.63975377948317,4,0
22.043605016391684,13,6.854121025616196,1,0,0,54.66912488383396,6,0
79.14966498416008,15,0.6812248093806367,1,0,0,31.780856973452572,2,0
185.82946038768017,20,0.22819853093486908,1,0,0,71.07749692829947,2,0
27.394255576172682,13,3.7256681257946878,1,0,0,148.66635420697864,5,0
111.05308253338482,19,2.923859394032524,2,0,0,143.41105802269837,2,0
40.034739431489974,21,6.789579249628614,1,0,0,21.211556869804323,2,0
78.3736485476127,13,5.117651049902518,1,0,0,252.51259506308014,4,0
23.197155308468936,9,3.1168373666556404,1,0,0,99.03521483754876,4,0
29.619109684958868,20,6.593477075556376,1,0,0,48.298365000656986,1,0
150.57161739003894,18,5.825185707835568,2,0,0,157.1161887687788,3,0
49.90420379196672,7,0.8444300972643642,1,1,0,51.665604675701914,3,0
25.293178477612084,16,12.254603794732105,1,0,1,46.90901589597279,4,0
81.15923966718843,18,3.5667378532708653,1,0,0,185.27750541023315,2,0
149.3298556564277,11,5.308520394724251,1,1,0,58.21212948690225,1,0
26.352316102013877,10,0.3341533017466457,2,0,0,101.99324085609932,2,0
247.51298255689042,18,0.12395440452601067,1,0,0,60.751194388893516,1,0
122.88514695430585,10,6.033189455217791,1,0,0,38.51239663053472,3,0
164.01021787450352,13,2.1111446472340227,1,0,0,80.75325383948733,2,0
234.3236282076126,14,1.8511577172433618,1,0,0,198.29433935296987,1,0
117.27031856185474,15,14.71337853172341,1,0,0,86.87896279656738,0,0
86.74416921877348,9,3.912567216488936,2,1,0,80.0755542701411,3,0
28.693224332467132,10,0.9670096032297508,1,0,0,47.02829963677801,1,0
23.296785609563564,20,5.1962785228449615,1,0,0,90.17051212612172,2,0
121.20242153748184,21,16.1334250017726,2,0,0,82.78633551162136,2,0
190.54725840610988,9,0.5139727941381477,1,1,0,102.01906368061259,3,0
120.98487665730035,9,8.12087848319798,1,0,0,43.222784103863745,3,0
17.567964435615593,17,3.485466989492928,1,0,0,19.316536903050498,4,0
93.46077611511356,14,0.9053051726573154,1,0,0,143.90476123515785,2,0
93.0161968396884,21,1.1841184930534894,1,0,0,66.78611739107704,1,0
52.3801128482884,7,7.27910526224619,2,0,0,120.29052541033623,2,0
401.17826210949823,4,13.00313075801574,4,1,0,189.1541505456623,18,1
38.389168788333656,12,4.674329921287206,1,0,0,130.7930515076056,3,0
52.95798442104366,16,5.855042574156944,2,0,0,101.61325355246679,1,0
143.85045544096462,22,0.2387755045138245,1,0,0,219.97323773157777,4,0
302.5144981931064,18,2.590301670437772,2,0,0,60.36964283627643,4,0
187.14256466657423,8,3.528153859435936,1,0,0,79.69977040434134,7,0
62.595162052394556,14,1.6806081107213708,1,0,0,144.62228692011934,7,0
66.32423047094089,9,0.6191723055593329,1,0,0,62.12922940244621,2,0
139.2573513222191,7,5.934361040364031,1,0,0,71.34404202959747,2,0
86.49664406495602,11,10.475346511592974,1,0,0,174.69927611827845,5,0
227.6969684410507,22,10.350095386049922,1,0,0,270.87854849056663,4,0
55.20833183630042,17,3.6445943214313896,1,0,1,120.44926395078193,4,0
302.45847199523854,18,5.611616679138866,2,0,0,142.04642213750157,2,0
82.88113099959592,9,5.648821823780356,1,0,0,89.47967425154286,5,0
699.11279523264,21,2.1736322964768426,1,0,0,235.60040422555102,3,0
238.06754826118367,13,2.0115493278392567,1,0,0,38.85700859214015,2,0
27.98929658158101,12,9.948337920416051,1,0,0,25.947606685324388,1,0
193.8931749087385,16,11.243427001220672,1,0,0,31.328446196644492,1,0
111.33837977839771,18,0.5346331592801439,1,0,0,150.57172601035012,0,0
477.71844191358576,14,0.33768292980285947,1,0,0,25.963684834013932,5,0
149.0800270985661,17,2.333774263167086,2,0,0,38.58734011334917,6,0
14.982660225438016,7,1.6674436711930807,2,0,0,405.3667687326944,1,0
84.55146672931916,11,5.629822312675104,1,0,0,99.51230515063693,5,0
1904.8512063471505,4,282.08187357983627,2,1,0,123.41456231476191,14,1
48.24204961088566,8,1.313676693580926,2,0,0,142.64764055439608,3,0
711.8778503262301,11,0.05812261857747704,1,0,0,240.28408754133366,1,0
623.3786007452985,6,5.73397297905267,2,0,0,47.1693408970169,1,0
154.20703444377347,12,1.4987872481697102,1,1,0,66.56745473595588,6,0
43.93969384125418,7,0.9585680724022407,1,0,0,70.90136423892454,3,0
107.29008378600632,13,1.5620306452466906,1,0,0,39.66488588332942,1,0
194.5061137423722,16,2.037495520403962,1,0,0,24.62450350860534,5,0
148.08527783592098,10,0.30092741706893017,2,0,0,75.9867975287187,1,0
240.49111446454916,6,7.156975412337249,1,0,0,47.5485878501758,2,0
67.88901388811122,8,6.725196469239605,2,0,0,33.50113223922128,6,0
105.12554923459192,17,3.631323901468679,1,0,0,92.70447724401353,4,0
134.79162808249754,19,8.072325076732676,2,1,0,60.580869394543406,2,0
142.71146510998997,7,1.893713991039438,1,1,0,398.2510200774563,6,0
58.73988277164788,19,7.760934436228254,1,0,0,34.82305112914541,4,0
71.19192720536466,17,2.1588099105553398,1,0,0,190.94157822611157,4,0
628.6212198566924,14,0.9373004295010978,1,0,0,176.67622760128725,4,0
40.01052277089516,13,6.226839047629243,2,1,0,123.42371062958745,7,0
80.35126521026224,9,5.388765962510017,2,0,0,59.24411705248998,3,0
42.884126683523405,19,12.85210295020282,1,1,0,78.35126657581407,1,0
494.7761886877014,8,1.7696726099453826,1,0,0,26.861073464940983,2,0
97.49503796662565,21,14.676713199064562,1,1,0,146.71575148866,2,0
227.9057151839037,18,0.30590731879657634,1,0,0,93.29286745942099,6,0
216.4906920010171,18,3.9758884226662894,1,0,0,37.444750719349706,2,0
308.03769925159077,16,9.146281758583713,2,0,0,20.41476006121404,2,0
56.93230953727328,18,0.9279782068167692,1,1,0,26.534145753533824,4,0
105.00750687857264,16,12.76520250273018,1,0,0,22.917931098173483,2,0
19.496813559183128,7,3.9241544722397945,1,0,0,71.48826001780644,1,0
43.15502932664326,16,7.19363740931792,1,0,0,465.9123770200132,5,0
99.90313873721374,7,3.591362404197209,2,0,0,61.03171107350622,2,0
132.28602257221166,7,5.293547220994324,2,0,0,84.27207133611284,4,0
89.51799856539,22,5.8870585119581795,1,0,0,208.87953507902907,4,0
13.312229291305739,8,6.65626913448453,1,0,0,251.01614547532506,3,0
389.23265075056787,22,3.903064912547719,1,0,0,134.22382179266694,6,0
138.64580903601637,6,5.107491505933238,2,0,0,62.55407014217248,3,0
288.31687986569375,20,0.20343444263512545,2,1,0,31.21324840765595,2,0
13.400946067736385,21,5.633314685036913,1,0,0,92.45319922589961,3,0
148.53662948190586,22,9.681251531584918,1,1,0,69.66214745064394,2,0
141.34805435592955,12,1.5360536361311417,1,0,0,93.59742422538662,1,0
77.37786670111878,10,17.728032113000012,1,0,0,44.193192854719314,5,0
57.79810437565152,6,1.4453341571164713,2,0,0,33.20351002558252,1,0
109.05905723749302,7,1.5773750931290667,1,0,0,34.721251087643566,3,0
339.7445942188554,14,10.002248727689464,1,0,0,216.37506255669365,3,0
113.19305719022773,21,9.168106755387624,2,0,1,19.624208607233644,3,0
65.6223959181368,16,1.216041437904349,2,0,0,23.038504584335666,6,0
181.89469428416282,20,1.3038144891514267,1,0,0,148.5128136572979,2,0
220.13319049393854,9,4.960860081308772,1,0,0,31.50470568125857,2,0
22.134419552829666,14,3.3882630492557544,1,0,0,28.666731650660655,3,0
20.377668644410047,11,16.049606652139673,1,0,0,31.609628053175424,7,0
479.83970024300817,18,6.961331938543087,1,0,0,34.298026755899635,3,0
187.3641934666126,22,0.5862851821115673,1,1,0,89.07754068058708,3,0
1301.698161328841,4,99.73080114604245,2,1,1,207.92765768493555,15,1
91.80040025507323,11,0.8442825783196322,1,1,0,109.94552730927212,1,0
40.60836757165696,10,7.455162100517228,2,0,0,203.96279102930657,4,0
14.614596281541608,21,8.319167628668122,1,0,0,175.45501087154875,4,0
55.770297705340454,12,3.1632765972918913,2,0,1,13.812801253437442,4,0
198.7125504533243,19,9.278144372288441,1,0,0,30.464562984499068,3,0
26.15039260488971,22,3.8791903552298264,2,0,0,36.14434038969304,2,0
24.70184036579738,8,0.038467697501817666,2,0,0,107.88027884619726,5,0
366.05892252018606,16,9.21600374530135,1,0,0,479.12250438526013,3,0
1366.7202445561386,22,1.7041162870782611,1,0,0,48.19393217223427,2,0
40.18445251841734,12,0.3533553408082605,1,0,0,72.99124873715795,5,0
1257.2337399570183,19,0.28989200596806164,1,0,0,36.93941954219741,0,0
56.453987667316795,15,2.0164160678928393,2,0,0,73.5318066157581,1,0
54.78130290503118,21,7.071752406777946,1,0,0,25.92017180572286,2,0
80.25409199009539,17,5.3406243613557125,1,0,0,110.72593785711003,4,0
856.1416191110424,12,4.337581117140714,2,0,0,33.058433081228245,1,0
12.903547957768488,6,16.53115551134168,1,0,0,21.651027847520954,2,0
124.35839937202309,18,0.04536420485053337,1,0,0,119.20506695699568,2,0
77.11904704460366,21,12.770682629124488,1,0,0,43.86466760675899,3,0
155.17948283679357,12,25.366508503181837,1,0,0,73.73681157009244,3,0
571.4112077260095,15,0.9123373475182904,1,0,0,67.36029349730846,2,0
18.27066800622375,16,3.030262475973199,1,0,0,74.31252091968642,3,0
69.99670012143777,14,0.9602579907076434,2,0,0,99.51604276977775,3,0
168.43305368491312,22,0.7433870954444319,1,1,0,255.06288668818812,1,0
74.84914158608908,22,4.654745212034622,1,0,0,85.514072453241,5,0
402.6620536073077,17,2.1014770891128283,1,0,0,155.91583132957078,4,0
75.40185560713113,10,7.240626119962412,1,0,0,32.111506074308835,3,0
48.580617694073354,13,0.06985099266218418,1,1,0,88.70273847626187,2,0
108.28217798202539,15,0.020470120281082374,2,0,0,119.89732814585356,5,0
301.6389122547876,8,8.66857176728396,1,1,0,230.6263352346152,2,0
166.83510836427953,14,7.011227703115669,2,0,0,150.68674749725378,2,0
52.80192002833675,8,4.284967303861268,1,0,0,88.0253159989932,4,0
94.18139991930745,15,14.10762429604137,1,0,0,27.777666691997055,3,0
63.17819899669075,13,4.080471919722765,1,0,0,35.5080502262247,4,0
185.37510332243232,9,14.27563124054825,1,0,0,69.23211770197433,0,0
35.63405177235233,9,0.23177773195016127,2,0,1,171.81908842693872,2,0
78.12822709268825,16,4.497770561204346,2,0,0,184.3905714368974,2,0
56.95850424479037,20,0.18904023281187982,1,0,0,355.10192065721054,3,0
598.0001826274566,4,1.2108692441704374,2,1,1,30.723136069103656,15,1
176.25725567836656,10,5.5016542754915685,2,0,0,52.66149191489827,1,0
93.07852278921774,17,4.079759880759021,2,0,0,138.68362343719699,2,0
304.4418849377218,7,4.96583860207394,1,0,0,42.04973723688721,1,0
83.40939748385898,18,1.3918227069768851,1,0,0,287.3707137742053,3,0
28.76017133517376,22,3.348082616047284,1,0,0,50.45112911071829,5,0
51.48036268867468,17,3.4693495360574707,1,1,0,34.49174329225421,3,0
87.33374618605156,7,0.30456851082118175,2,0,0,115.41292242887688,3,0
22.808665932812094,21,1.020983744846091,1,0,0,141.32704826942725,4,0
36.389042501206596,12,8.586617453674227,1,0,0,189.38109608855018,4,0
59.627867117322374,18,2.4327038321485057,1,0,0,89.78320617052364,2,0
84.78968162722104,15,3.2194587062237776,1,0,0,59.01196645854254,2,0
17.36751058476867,15,8.048866749709585,1,0,0,34.563034727142856,2,0
138.2158371067476,15,0.24785528931294112,1,0,0,96.16028479940583,2,0
37.198962061190244,11,1.6209040062832216,1,0,0,58.55582668226391,6,0
65.06458068171742,7,1.1903283877873303,1,0,0,55.218512112971865,2,0
381.61498018555807,13,9.539512892368169,1,0,0,74.32609589422432,3,0
41.30487693051272,10,4.516577924358882,1,0,0,121.04520001890509,4,0
208.06083964586958,19,0.20639821999845764,1,0,0,139.50910322398283,0,0
154.8106886516284,19,2.4733360337876173,1,0,0,208.0771119079735,4,0
176.09397561913818,6,7.41103756497456,1,0,0,71.07667200206058,3,0
91.90851753172433,13,5.294256512651553,1,0,0,168.79519886049818,6,0
186.75039460713887,16,1.5184372878170562,1,0,0,45.84968506631651,3,0
39.291373425896275,22,1.632690055324371,1,0,0,75.25331970257693,3,0
85.45972643300834,18,0.8747607449629897,1,0,0,81.54050798731194,4,0
220.98997182314346,19,2.342259673853742,1,0,0,142.18350320179601,3,0
90.7292851877076,21,5.061868281825043,1,0,0,32.093658865200304,3,0
202.13166043075245,21,5.162352646936746,1,0,0,54.67749834433686,1,0
47.201606496948806,13,6.714335412172207,1,0,0,24.91617124802346,2,0
292.86894092783103,9,4.410252057590584,1,0,0,71.77971853399461,4,0
498.2135543942831,12,9.150183582989268,1,0,0,204.49012566557218,1,0
81.52467211390432,20,4.675317683447167,1,0,0,12.986023128190881,1,0
108.1327803631568,18,4.481676839869632,1,0,0,86.08764380781852,3,0
37.39459587495379,17,4.195668063642792,1,0,0,75.75809237239153,3,0
284.9599485420915,20,0.1503008795728126,2,0,0,48.464429245291626,4,0
54.72537394606993,13,13.30602960983824,1,0,0,171.34944318619551,4,0
47.15439018424259,15,3.2125705528675814,1,0,0,186.18583385439473,7,0
181.9063780171171,7,0.028898132588670605,1,0,0,38.17824090307331,4,0
58.53192320425798,6,5.302410072220169,1,1,0,52.326463438458816,4,0
83.91292369353425,12,1.6292281492307117,1,0,0,96.61644007633859,3,0
32.64970374016093,14,5.804595623985986,1,0,0,315.2797873238698,4,0
259.70998668404656,20,14.321303002915155,1,0,0,198.00078969501416,2,0
47.514657971498636,11,1.915654288492545,1,0,0,272.5114425560597,2,0
36.27868320302532,15,8.106790455536535,1,0,0,108.09584850498874,2,0
28.072711964180897,22,7.294392114101182,1,0,0,127.42846823234431,3,0
75.3695995893376,16,11.01314698961284,1,0,0,49.63574998775517,6,0
87.383913504981,10,4.698556168864911,1,0,0,41.55194407972524,3,0
62.24390139383508,12,0.29390153088966275,1,0,0,75.95627222185968,2,0
86.40819015732343,17,3.515092868606133,1,0,0,14.12840328851566,5,0
323.298216426062,9,12.864699395129396,1,0,0,44.25930147282963,3,0
161.91273780724214,19,5.912388969827047,1,0,0,48.05380180967546,2,0
198.8818674862528,6,15.730315554289401,2,0,0,85.28500377442846,0,0
46.67975945644331,18,6.357671955981741,1,0,0,17.772363977805867,3,0
495.7910354626908,5,1206.5778508584708,5,1,1,48.52841063271964,17,1
100.12608358898873,19,7.554905514792432,1,0,0,58.75638651836791,1,0
97.2375055118908,9,4.675242520458386,1,0,0,35.615127896485376,3,0
42.338712954953195,9,2.80635998384654,1,0,0,45.803062238024886,5,0
104.64801626844411,16,9.531612152211398,1,0,0,74.98440545466923,3,0
69.43622105889095,21,7.891423397865626,2,0,0,106.53117274551475,2,0
88.80977789860007,12,15.468840271588194,1,0,0,77.10270606548319,2,0
91.19516605365632,8,5.70086334556445,1,0,0,207.00551494266097,2,0
6.565750380056172,19,14.52865090428552,1,1,0,25.018468465172045,4,0
1099.227546188356,2,378.17639882603595,4,1,0,85.85677198733005,11,1
24.82105742302764,21,4.554716226835232,2,0,0,74.34804179779667,6,0
207.24924572194033,20,12.103061399227716,1,0,0,42.90435010136759,4,0
89.67534461369301,22,1.098019814103763,1,0,0,125.28123275652568,6,0
62.360081678697675,22,3.5190486442491355,1,0,0,64.82946569409566,3,0
947.4289398822046,2,166.3043531702335,3,1,1,152.79958005609075,15,1
112.42539609017128,8,1.3478593248773212,2,0,0,189.2301697905719,5,0
44.34895116019668,20,8.080709551136525,1,0,0,51.730195506763025,4,0
39.462452874905196,11,11.183293127069282,1,0,0,114.25800320800069,4,0
12.527308900764426,13,14.855109203571484,1,0,0,49.34065110434307,0,0
237.13864984795651,20,4.878785720509497,1,0,0,97.31609679931,4,0
33.73966214163701,10,3.0826333025185377,1,0,0,18.26905277838655,3,0
262.87545736812643,15,12.03197554097599,1,0,0,123.24941514406166,5,0
571.3718318023689,7,0.5865434719818248,2,0,0,83.86099122157304,2,0
33.54721404470084,21,3.064037630421592,2,0,0,139.31483082527214,1,0
4.756972161573139,14,18.473018911534467,1,0,0,147.38679335259778,3,0
190.67667021953636,6,6.691035311584156,2,0,0,97.97925303546994,3,0
170.47564786941896,17,0.4483805635258664,1,0,0,31.81230604892161,1,0
117.54466585594008,13,6.461564460917835,2,0,0,162.134378580425,3,0
543.3135138276342,15,13.934373098045334,1,0,0,155.14646700489828,3,0
166.05718450457047,13,6.919989559317605,1,0,0,33.9395202428053,3,0
583.3677873558586,17,6.284458767821896,1,0,0,184.37485878860895,3,0
76.06704158248851,10,5.687534910244116,1,0,0,28.49209854303066,2,0
113.30357933467545,18,1.413151891848271,1,0,0,119.20892168704705,2,0
25.529515025851325,12,12.360569318705483,1,0,0,254.3569161275948,3,0
72.20156855804439,21,2.0414931362491098,1,1,0,26.194177831078402,5,0
29.868118310514326,17,13.008052878985293,1,0,0,28.85153066914737,4,0
23.859950129092184,21,5.6017363674206475,1,0,0,102.96560091599704,3,0
148.78461096689736,10,4.217504320703906,1,0,0,71.29546353029814,4,0
165.48910407659855,15,0.24358729553498135,1,0,0,309.2099170004153,5,0
146.14384535586248,14,2.048029819933648,2,0,0,69.46132535523193,5,0
122.73149271959251,14,1.7763225046357838,1,0,0,370.00629522619323,2,0
103.99158885069572,7,2.6096773164617106,1,1,0,49.029997735390324,3,0
160.062109747392,16,0.4512839412917308,1,0,0,78.8293265798745,1,0
126.86944355509797,7,5.403271150201898,1,0,0,156.74881307873312,3,0
5.78171554840205,20,0.5001271540428041,1,0,0,53.09517094408523,1,0
204.41323242449468,8,1.1277130854082824,1,0,0,175.73576012446057,2,0
154.3017411797124,8,18.872591838645395,1,0,0,21.742114788503105,2,0
20.611885345902266,20,5.652371766852168,1,0,0,161.53591971751968,2,0
196.16114768927605,8,9.055383776634688,1,0,0,30.802701587179,4,0
12.237049811357245,15,1.8235878405889325,1,0,0,110.09862534794215,5,0
7.154588612005101,19,10.955154679060477,1,0,0,82.55696272201968,3,0
127.28748752572277,19,7.036272690910384,1,0,0,132.8511060913377,4,0
54.299240761835016,11,9.586730109031006,1,0,0,155.85314330641646,2,0
162.89425663175595,19,3.8883413111582295,2,0,0,119.09659130785914,3,0
12.812718139115455,12,5.548659886465019,1,0,0,53.552949592104085,8,0
42.72705087831688,19,5.551135051473435,2,0,0,202.1955121288239,2,0
232.82977146336194,20,0.9370504967463954,2,0,0,136.25573921772374,0,0
38.07717378052576,12,17.21813393388475,1,0,0,88.01883243481274,2,0
599.9180020662419,9,3.1386309186903,1,0,0,73.07798008412936,0,0
25.399807389743767,20,1.830436592033082,1,0,0,13.986130130357017,0,0
37.06490411428652,11,7.928313360950995,2,0,0,57.29283240641988,1,0
66.16764047526367,20,6.295516462648477,1,0,0,37.33155217868536,0,0
95.6585779528438,12,22.133519582284325,2,0,0,51.00451720898599,2,0
175.25983988530945,17,0.2212355672297358,1,0,0,62.09537419418872,2,0
142.26429869954256,8,2.8285579874327564,2,0,0,63.6972160513194,5,0
46.60703930012766,8,1.0526121099821342,2,0,0,110.61760754661233,6,0
103.54249377515129,13,4.661688469633314,1,0,0,15.90246262228982,6,0
66.20485339227159,10,0.21266077764517446,1,0,0,91.59017856391792,4,0
247.24489255521732,11,13.259977958500011,1,1,0,177.44414114768946,3,0
63.95490206594389,13,9.742261956696687,1,0,1,40.4414622845798,4,0
285.6290002256309,13,0.4749090334160591,2,0,0,93.71757422603405,5,0
122.28929180502412,13,6.364164685445615,2,0,0,103.17470557823266,5,0
177.57148903470664,15,1.0197014464467369,1,0,0,88.9517077528911,3,0
162.76859784176875,19,0.5239456985310454,1,0,0,64.98601203279372,2,0
11.180906660616305,21,5.567708769501515,1,0,0,75.52872856676517,2,0
470.0847752120207,22,3.4040053869906957,1,0,0,98.46995752066724,4,0
20.162837591306566,15,20.541950951647927,2,0,0,203.82085827865632,0,0
24.35239538446759,14,9.98961839900206,1,0,0,25.79113065059305,5,0
404.533408956549,12,3.499823285653501,1,0,0,20.54070476627972,1,0
259.4138043297984,6,0.5142986879443339,2,0,0,70.05898835622905,1,0
448.3704699614282,20,0.13721238484780438,1,1,0,44.68355626839584,2,0
361.4975728657591,7,0.4145217211522633,1,1,0,124.14482820907081,7,0
157.32857034239393,9,4.498758820046451,1,0,0,179.2653499078733,3,0
34.29763973521789,17,0.6789276534804913,1,0,0,69.41850634876245,4,0
75.09664070282133,16,1.2557404105953114,1,0,0,28.81493979735901,4,0
21.859361155233184,10,0.8342935692940999,1,0,0,55.25012404899368,4,0
66.70677380534508,14,9.306589135282143,1,0,0,200.37970218998785,2,0
129.2386973049379,18,11.044969560105134,1,0,0,48.96747846182361,4,0
220.3804631737869,6,10.031306289565226,1,0,0,80.25710892057953,1,0
53.62047441669126,22,0.7286432901203231,1,1,0,116.19514123684979,3,0
22.988134800369096,7,0.3245101979877817,1,0,0,69.72522467880485,7,0
20.89477443304027,12,5.006565890521007,1,0,0,134.58246014575485,2,0
66.80964616600487,20,2.2102959149107972,1,0,0,87.01340926576925,1,0
64.7076806387314,15,2.0966886095167325,2,0,0,87.68120042296671,3,0
70.2924246894488,21,9.266232935250061,1,1,0,234.27649343663745,5,0
28.34776542791332,17,1.5112058955263508,2,1,0,59.743058960453475,3,0
269.6757176991532,13,7.843915966647186,1,0,0,145.37742056113126,4,0
24.228574390489293,11,0.5448909693604268,1,0,0,76.81334909060162,3,0
47.54693238598449,18,3.3947253580269243,1,1,0,334.68494797765214,5,0
162.15917335532347,11,1.7092787704859045,1,0,0,79.88048892334473,2,0
42.841755475689034,22,7.297036088121496,1,0,0,97.71203479860947,2,0
26.811424144040753,16,8.69821230898401,1,0,0,380.6482142111916,1,0
35.61072533037485,6,0.592527128509374,2,0,0,62.519402457384786,0,0
56.95807314512358,13,11.200640923988388,2,0,0,548.7180702776474,3,0
96.75221607560286,6,1.2674775107070517,1,0,0,115.24180031144002,3,0
234.14388565092185,21,7.801829544809058,1,0,0,42.70323131648502,5,0
60.74281934651577,14,4.281300945200014,1,0,0,54.83721845364631,7,0
36.02614622496987,7,6.731687983487249,1,0,0,43.30524640223933,3,0
57.95928583061834,21,13.221030629902073,1,0,0,23.118016284762284,1,0
292.07208457655526,13,26.935196279249727,1,0,0,25.68718312213333,5,0
59.60737183776024,14,2.943235599075689,1,0,0,21.404682018294213,4,0
622.2610801725258,10,12.289476755709472,2,0,0,26.386126119418233,4,0
166.296253235196,7,10.080601509442577,1,0,0,53.442460811531,5,0
120.56256480734983,13,5.933753732109136,1,1,0,182.65063121961558,5,0
197.27610345900828,10,8.046453613420999,1,0,0,63.56246289402279,1,0
32.836846948774905,13,0.6949502187912975,1,0,0,47.21210328966875,2,0
91.50322722986964,9,3.104888790699297,1,1,0,92.50460263314508,1,0
143.2182747776566,15,0.4368209143042995,2,0,0,100.42763781949118,2,0
23.337799965137066,17,1.7409572141282883,1,0,0,107.43743516355339,3,0
165.32223515357933,6,5.205181416977619,1,0,0,52.15262093349773,4,0
106.69502591575782,7,0.8673843144277571,1,0,1,204.54085146353384,3,0
258.9732854192818,21,1.6613598391590922,1,0,0,294.2176947540942,2,0
80.3536433947419,15,1.372811556772899,1,0,0,22.804365903818642,3,0
117.753514671853,22,6.683926019717413,2,0,0,361.4228819010889,1,0
127.56105591022164,18,2.770215074085059,1,0,0,614.9536885032721,3,0
23.32309416700808,14,2.532781667325958,2,0,0,75.78115112385208,3,0
113.49184022319075,9,0.6377144310877061,1,0,0,188.38875391310768,3,0
227.23281320000683,13,3.6395348181690688,1,0,0,55.260915361338284,4,0
90.17884569303217,16,2.0646956728766748,1,0,0,47.93448908675723,4,0
154.9803026298319,8,17.292908815759716,1,0,0,36.82172949881315,5,0
174.98543560277483,12,6.7504980866163065,1,0,0,113.80920476620786,1,0
36.41759973750744,9,1.3686532441176396,1,1,0,223.0270617038842,3,0
329.001747328912,8,16.019656811696112,1,1,0,74.23138958166948,2,0
7.168615052118746,18,14.464109331038962,2,0,0,18.765033615760544,3,0
132.81786177985722,12,5.247196166325843,1,1,0,51.55640005886204,4,0
72.38174339984162,6,0.4612264019560269,1,0,0,106.14366264680854,5,0
14.46300658162745,7,0.24143421583435562,1,1,0,73.30614594377856,3,0
42.11175771118297,19,1.0026461326496148,2,0,0,81.11854036330054,1,0
89.8526621086171,14,1.0205925585714335,1,0,0,140.27015817780443,3,0
113.91536895534593,18,2.21007132857818,1,0,0,285.26628841193644,7,0
42.84186451800115,20,14.13680744566513,1,0,0,50.41247532204183,1,0
86.69849202677622,21,8.908711596368999,1,0,0,131.78777341632545,1,0
462.10761928757285,20,0.16880474865649275,1,0,0,20.85117334225155,2,0
98.6970578829725,22,3.3407479128311084,2,0,0,75.58103638184217,4,0
140.45622789608117,13,2.1580229757401046,1,0,0,109.51667744807031,3,0
33.616159006756774,17,4.637092309638024,2,1,0,183.90058489973183,4,0
366.26970836726764,15,8.265784370684084,1,1,0,201.68338886512356,6,0
35.40644702162206,17,5.003043601808308,2,0,0,239.0449877235641,3,0
375.15101500835044,7,2.3316725136882868,1,0,0,128.64374673706556,5,0
99.82134080827741,14,7.3594552532393465,2,0,0,87.71719693101062,0,0
66.07747231116136,19,0.48791703208798054,1,0,1,65.12148933531688,2,0
45.63930727281026,22,12.348479546715964,1,0,0,147.6428193525383,2,0
18.938805249797685,22,5.143414280330864,2,0,0,34.217955791442705,2,0
267.1233204617988,22,1.9099116893008319,2,0,0,174.6122710540003,2,0
99.3783007014693,10,0.3449050278582235,1,0,0,45.038148412564006,4,0
59.891817475390916,6,2.8443620783730337,1,0,0,27.410066781990295,2,0
74.03701371397959,11,0.8406650676800405,2,0,0,18.158810438333518,2,0
174.52217915811974,7,6.201343786795595,1,0,0,25.490277666933277,4,0
50.315797130057106,21,6.805817331428408,1,0,1,56.64855402815197,3,0
265.9066248246135,16,4.00875380343206,1,0,0,80.90085459109194,3,0
126.26178899016969,19,0.11321928438166193,2,0,0,23.660541775447143,4,0
89.19434552620649,22,5.845834138475122,1,0,0,148.58961466729426,4,0
73.47569078962991,19,1.51491725736318,1,0,0,63.03800646581892,1,0
59.65472711218129,20,11.238980643517769,1,0,0,397.5061171192331,2,0
150.90408645180125,18,5.465775772787365,1,0,0,67.05850216237434,4,0
21.840650696034558,13,14.032380051668598,1,0,0,166.80788761804362,3,0
28.474428035380235,20,2.9611283398021633,1,0,0,85.22465948764675,4,0
198.32750347084482,12,6.471803557683908,1,0,0,108.55558246073052,6,0
151.12415265886028,8,6.860084036056479,1,0,0,76.24464885510682,6,0
23.311006564881886,18,1.1792803343805125,1,0,0,85.10129232726668,1,0
50.24557892271501,22,3.965327336834894,1,0,0,95.45317305888716,2,0
85.36014852558654,16,0.6392919369746128,2,0,0,94.3696209512811,1,0
75.56855392686809,15,4.342622883147571,1,0,0,84.1917911669855,5,0
112.052097103617,10,4.372920444188885,2,0,0,62.808312533188456,2,0
372.20905818890424,12,0.12747696340174786,2,0,0,117.86473820761688,1,0
173.99983377768638,13,0.15748356945465392,1,0,0,55.22090353478614,3,0
73.18682444909703,13,1.818871432691607,1,0,0,242.36871118291884,4,0
122.70961496589915,17,1.6253193350621378,1,0,0,176.22063429337192,1,0
120.77742488473038,19,4.05192634430996,1,0,1,130.22041998884137,5,0
249.98059514492377,10,2.375725187848021,1,0,0,259.04325652440775,4,0
35.75774016756346,11,6.041125574233827,1,0,0,47.93327461448429,5,0
22.644082098477405,12,1.4866417786156438,2,0,0,80.97002074099234,0,0
52.14134484757046,13,3.9750688302275092,1,0,0,45.32419796744955,1,0
145.58273927038775,8,15.872715160397764,1,0,0,182.0651767727654,5,0
38.96787422888096,12,0.13106337920654842,2,0,0,153.75499068243758,1,0
84.55539418777434,6,0.3284988688032676,2,0,0,509.5009709603067,2,0
54.58390087009863,6,0.21698675801052608,1,0,0,277.83392712376644,1,0
339.9958186802801,9,1.6823984338842604,2,0,0,60.69646348099369,2,0
113.05351970274737,1,56.901189920059274,4,1,1,136.8963143735621,11,1
79.75655789882269,10,0.4068904976943402,1,0,0,28.301374417035834,3,0
202.20149459828906,10,6.146891855761533,1,0,0,79.7596850939596,3,0
502.39060071310735,14,5.555979159438159,1,1,0,32.49915981130808,3,0
48.00694533526926,13,3.8865999227506642,1,0,0,36.659329756517096,3,0
108.64366048889232,19,2.917253443192016,2,0,0,303.0759432467321,3,0
104.05169397455572,17,2.595374612140718,2,0,0,79.90389392498992,3,0
67.81490177954379,13,0.3998761047203615,1,0,0,16.285768505127475,2,0
286.60669451136374,9,8.661217756576935,2,0,0,139.9648859053783,5,0
256.4922122655673,7,2.7549572038639427,1,0,0,163.37602536743898,3,0
230.74439454706427,14,0.9818951941514109,1,1,0,178.69379289564108,3,0
74.74449163480449,21,1.848315449553477,1,0,0,76.45658362366241,3,0
126.47583908737126,11,5.8711298725489875,1,0,0,126.6907116459655,3,0
180.95046388470917,7,25.11583540663902,1,0,0,90.9213393410245,4,0
146.039429627378,20,8.11362133411361,2,0,0,70.7840444454789,2,0
608.7569475469002,17,9.964627908801432,1,0,0,48.72246694435014,1,0
29.79365142882427,9,6.119485075236078,2,0,0,190.83855636041602,3,0
19.237890003715624,6,11.411342765787467,1,0,0,50.19499637400524,3,0
29.047509975567717,9,7.973715580418487,2,0,0,26.898696344230125,2,0
20.942631920059064,12,3.591812546756128,1,0,0,263.33052264393496,1,0
46.90685806673886,20,0.09977047268143144,1,0,0,381.1292381085099,1,0
316.77756755612603,5,699.4692201303657,2,1,1,71.6623388827282,20,1
352.97223937879545,13,4.0472938017926285,1,0,0,45.04432192979543,1,0
193.29416573822715,14,2.011032143063772,1,0,0,131.68686395326543,2,0
115.37879514736325,21,14.497817023764654,2,0,0,27.01976450788175,2,0
592.568189553398,3,260.92557103395654,2,1,1,61.809682635678065,15,1
140.73412904981325,19,0.3246256953944843,1,0,0,20.5454303934874,2,0
99.7318059017025,15,0.9544964255884858,1,0,0,34.05194944893545,3,0
61.10770942871122,14,3.1958149938876126,1,0,0,27.455422677550068,2,0
273.062263867822,19,12.15570124303274,1,0,0,132.26222251651242,4,0
19.547201754218467,19,3.7963755058607465,2,0,0,87.30138265489168,3,0
13.397331508773908,20,0.717134593368517,1,0,0,30.287290645880418,2,0
395.41827903439753,15,10.14965386030051,1,0,0,25.004847737925942,2,0
20.604248923546216,13,1.856281144492304,1,0,0,59.811548900819766,7,0
16.896493221115474,8,20.537984603831227,2,0,0,52.28828403828768,5,0
604.3397800852516,14,2.993142145535403,1,0,0,7.979081143517839,2,0
15.201778323766405,19,2.0734992520528785,1,0,0,178.4348099641673,3,0
66.71867925077608,7,1.6020181138782879,1,0,0,90.5165791980028,2,0
789.8181012735193,7,3.426855982559347,2,1,0,47.08385285047231,3,0
14.702398774899962,6,0.06876590648113762,2,0,0,26.29077942655187,4,0
55.4721728772327,15,10.295056537946403,1,0,0,165.50374660462995,3,0
151.58955294361672,3,271.28868615210797,2,1,1,40.4201662676781,10,1
86.01208027465997,8,7.879416266128509,2,0,0,221.20799492566363,6,0
251.40380389099894,14,4.626483436187972,2,1,0,48.51229350590243,3,0
124.46904223300865,13,15.083491878571584,2,0,0,51.279236799063725,3,0
40.94444910386472,11,0.14166715952814457,2,0,0,29.9996734018509,3,0
340.55440890861547,14,0.1625979941628429,1,1,0,67.54810215938981,4,0
64.10163325082067,15,4.770110208336061,1,0,0,39.27353798213191,3,0
420.96395455139003,18,5.090570285200419,1,1,0,40.94810428197576,2,0
555.4462181120539,18,4.689544662287458,1,0,0,51.94844616631536,3,0
106.09073996965672,10,10.021505996443711,1,0,0,51.90234496858429,7,0
33.85128554989374,19,0.2829740002092402,1,0,0,24.809652052896478,1,0
79.49659756640416,18,3.6167941550168345,2,0,0,30.757264858530355,3,0
91.6752518222863,13,5.2252422170395185,1,0,0,85.69838505942727,5,0
71.53596780402732,15,1.56888577617449,1,0,0,30.300574665620257,4,0
348.581608725467,15,5.590779583767605,2,0,0,235.3181828818711,4,0
66.33882327990337,18,0.18907277129043829,2,0,0,508.0889369257336,3,0
30.870728497118428,20,5.864105469579693,2,0,0,140.9227116249014,7,0
36.2562777350638,15,1.0214588280148864,2,0,0,191.59637946458682,3,0
45.12601672421402,18,8.395402427651437,2,0,0,95.9580142927765,6,0
46.37847310492783,15,8.543592423264466,1,0,0,183.21647783097936,2,0
272.26463568524565,9,0.10984481448758152,1,0,0,38.32584369805149,4,0
96.25401794934635,7,5.856384500885552,2,0,0,43.77970361865617,2,0
233.48668347011198,14,9.774107573861055,1,0,0,72.05843342859421,2,0
109.88385957637814,10,45.623665137883116,2,0,0,41.81037332891334,3,0
125.8454229603703,21,8.145020427980889,1,0,0,73.63953633484479,2,0
138.15177695226745,18,6.394730574151037,1,0,0,197.51002726813834,1,0
232.66381820897564,6,0.5879280111262299,2,0,0,74.79542028928843,1,0
104.76900687770966,10,3.555494433416264,2,0,0,57.91374223167818,1,0
216.25443310360572,22,2.1724357507585244,1,0,0,87.33351013372942,3,0
188.9192767929535,14,8.048197748255246,1,0,0,31.434599708593378,2,0
68.99816608766768,12,15.198023246528916,2,0,0,138.43456866739646,5,0
62.98967343294277,16,2.976950958962736,2,0,0,81.8054962269675,1,0
72.3054474337177,6,4.399374388786985,1,0,0,125.13523931758164,4,0
62.80035530888982,6,17.82159727157699,1,0,0,114.20466980422837,0,0
421.07323514583265,10,6.257915158441003,1,0,0,17.91566409410738,2,0
137.75235743950213,18,0.54357556426299,1,0,0,123.65105935540697,6,0
19.968730891743956,20,3.829842415462017,1,0,0,34.92637406848285,4,0
403.9671860264041,12,14.402909301462202,1,0,0,202.32816210000126,4,0
94.38655822386167,22,2.750322224149933,1,1,0,153.53236119406955,3,0
246.1459153204134,18,19.607208573788967,1,0,0,35.82053140560113,5,0
137.2467051970019,9,13.76266798289276,1,0,0,62.05785677618017,4,0
67.78176945092835,8,2.6784496518750207,1,0,0,428.34024925375337,2,0
105.98893275373459,6,37.05868768829603,1,0,0,137.1536426602054,2,0
76.16319084567422,7,9.162632190373186,1,0,0,74.44197434018649,1,0
47.90186549187529,16,3.494251628123011,1,0,0,70.11735120069743,3,0
522.4976489413868,12,0.37532607699015014,1,0,0,74.07592376019142,0,0
73.16256653213597,7,14.112545895265026,1,0,0,161.68047483813262,3,0
171.8272372994534,12,1.2884134166023054,1,0,0,64.38911282265241,4,0
71.77042819367014,9,1.8768362256175992,1,0,0,134.6863292973538,3,0
34.190719291265985,22,2.6755971122138367,2,0,0,100.48106734920728,2,0
277.74547501936354,9,0.9168117970417113,1,0,0,60.00135355545065,2,0
158.4611805463639,7,4.855782988254339,1,0,0,56.065314853380755,3,0
66.07503055703727,11,0.5241499941120608,1,0,0,28.629581558206194,2,0
829.1350146108077,4,350.26785007984796,5,1,0,79.94211946898767,19,1
16.183088086810024,22,1.778520120253111,1,1,0,93.3420127450115,2,0
1781.5855453325432,19,3.6346115945982134,1,0,0,66.97531976882497,3,0
148.43438861708995,18,16.249303855473503,1,0,0,21.489031263127618,6,0
78.94433887264312,9,1.5979497232321285,2,1,0,297.08142083093827,4,0
7.0037828059692195,14,2.314617032151057,1,0,0,65.16668256327827,4,0
241.1573646164762,11,0.20432498094694537,2,1,0,54.173522796822574,3,0
61.247174612397224,14,3.939495667698499,2,0,0,155.75382583445725,3,0
111.11890445682516,17,5.192913047370232,1,0,0,67.2881959770121,4,0
141.24496505713614,20,3.0019179215446092,1,1,0,66.32427410611149,1,0
88.12490831403323,22,7.0978827906851185,2,0,0,55.36300627121767,2,0
50.611648603536324,22,0.03264960242610671,1,0,0,47.61505190829198,3,0
55.72935526443573,9,1.301885758440532,2,0,0,77.01116563469448,4,0
66.28648601975601,16,0.8700910064333232,1,1,0,140.23580076515702,2,0
62.349958043119685,6,2.2575280379381906,2,1,0,31.37685745850676,2,0
224.40977471085702,17,5.005648514703566,2,0,0,174.9906815062485,3,0
28.160891234564154,20,1.1122436654037309,2,0,0,45.113112725989836,3,0
192.388138762197,16,5.94714994714277,1,0,0,89.08053761565692,2,0
120.14431308634022,18,0.00969594073710575,1,0,0,62.7873879010731,4,0
19.576651198107736,22,4.5710379571304625,1,0,0,360.3503397217329,3,0
61.08696105593813,19,3.524010181027413,1,1,0,269.06635780306794,4,0
12.911796367654565,10,0.3077699485871816,1,0,0,120.11390287510571,7,0
24.75574988222741,11,16.898775222631013,1,0,0,93.97810762231828,4,0
122.14918511900991,18,2.0049466531022353,1,0,0,40.68603993092208,5,0
45.650732528414636,17,28.96485886464969,1,0,0,142.1861509687918,3,0
80.26704710965957,12,0.04528711271422508,1,0,0,71.15558051229583,3,0
77.44220053042625,22,8.605385765228466,2,0,0,52.890126823736466,2,0
50.92230486372997,8,7.993558785091761,2,1,0,78.29156198558024,3,0
307.05736814417077,7,2.677380317204077,1,0,0,69.48850237554886,1,0
353.7645424572792,12,0.6224701017983307,2,0,0,146.34553476877593,5,0
38.59822465161574,15,1.5489221435158076,1,0,0,81.57082681294054,2,0
129.90638079390442,7,3.3979933747567266,1,0,0,105.87511137282827,4,0
177.7219695766384,16,9.226751704669052,2,0,0,55.819685495945855,3,0
44.022298548536774,12,0.1431144764952019,2,0,0,167.86116036826922,1,0
913.8228996988804,21,3.933953011810663,1,0,0,53.19899354666824,3,0
2.4569356323606937,21,9.650523046378957,2,0,0,98.57898764418542,0,0
143.06349177067386,8,7.189029121674367,1,0,0,136.4285941625788,5,0
56.88978145000397,14,0.5861003780814271,1,0,0,77.50076082488826,4,0
100.80021182293059,15,0.5152172644121991,1,0,0,185.63068930827797,3,0
89.87126729872806,8,6.150300834775397,1,0,0,123.8254766954892,1,0
156.32923425729527,21,11.412890862819904,1,0,0,34.47149255018162,4,0
137.3366173174801,18,4.435016277760392,1,0,0,41.434615263089036,2,0
9.007691606193799,11,3.390461521547806,1,0,0,37.755330352980806,5,0
189.61682263775273,20,1.1807241536076942,2,0,0,64.40110946987521,5,0
140.85301865741724,8,1.5460401367183498,1,0,0,66.56701879573441,3,0
68.3132864605905,14,0.37964899921548473,1,0,0,28.920948315441272,4,0
53.7291278102402,12,0.9413714839284177,1,0,0,66.70395018697671,2,0
15.474464101495817,6,0.42720411768222977,1,0,0,19.374689602126455,2,0
364.82505111201294,8,6.771033512438213,1,0,0,94.85776719702527,1,0
30.638433637394783,19,5.02344987827695,2,0,0,124.88284546675739,0,0
106.3396158193326,8,4.888456650584795,1,1,0,9.336942176230508,4,0
84.4248385065586,17,4.336383181543166,1,0,0,291.79578983085224,3,0
27.69014319972597,21,19.228239724610955,2,1,0,81.18842953185985,0,0
25.686802730368463,9,5.583748201135887,1,0,0,27.383361830139314,0,0
65.8211996437282,21,6.166225519425917,2,0,0,397.1702142899442,2,0
223.18982946060785,6,11.356020504907498,2,0,0,23.336769075751587,3,0
246.33536423471972,4,732.1807962502993,4,1,1,51.663992713850035,15,1
365.7716845041962,9,4.209841465549955,1,0,0,30.592868119828875,2,0
1122.953298612065,1,297.9104447563893,2,1,0,342.0782850683066,14,1
61.878819196891854,15,15.67038267030635,1,0,0,79.29708738944377,7,0
112.52248347050852,15,9.718454546335991,1,0,0,156.03546515090045,4,0
9.564746173126167,17,7.004277946749119,1,1,0,13.426330383112493,1,0
62.96537372177498,21,2.1730873053454838,2,1,0,170.88343433542659,4,0
17.437444632822462,16,1.0008481552799937,1,0,0,15.89286796043364,4,0
159.13595817458514,12,8.959764009076327,1,0,0,51.716902704708296,3,0
72.00947772088324,16,3.444747043556209,1,0,0,163.08881968239209,4,0
99.22937707284471,12,2.9326393657362133,2,0,0,152.46129329795548,5,0
102.18906593768209,14,6.626110022152416,1,1,0,75.67542274670932,1,0
275.17267670535807,17,0.27356560859971135,1,0,0,34.80245228086755,2,0
243.92450543568387,7,3.5031335433805877,1,0,0,27.480470964670175,5,0
47.29715603983538,10,6.194241124265234,1,0,0,94.67443599069354,6,0
162.04205302792357,22,1.7696432623245313,1,0,0,258.34791102681623,7,0
172.50911791213133,13,1.0836081550789405,2,0,0,269.0294944744917,1,0
154.2284519212032,8,3.063547484296076,1,0,0,61.72064090515545,1,0
581.5951058132325,15,4.59557348125697,1,0,0,60.50396893195604,2,0
47.97976344676059,22,0.8703943710449497,2,0,0,50.86781680534645,2,0
59.535705759484294,8,0.7614226211124324,2,0,0,371.5168545364723,6,0
78.4926123805261,10,1.3834312583607933,2,0,0,16.177719023449182,2,0
74.63958388723057,16,3.0301806117932646,2,0,0,178.9814102488221,4,0
39.17107904935651,9,2.896623469155961,1,0,0,82.84462329138377,3,0
180.15605614399288,22,6.561409638923404,1,0,0,131.38249415660164,5,0
84.51060140338771,9,16.410548734071796,1,0,0,63.15721090886851,7,0
102.3017932750764,8,14.866947362879024,2,0,0,58.620849438333416,6,0
349.89028469828594,10,0.8638300448339749,1,0,0,160.8348422246342,0,0
43.076199932577644,16,0.5718311148334431,2,0,0,67.03402363130613,4,0
60.85110767543593,10,9.04579271258544,2,0,0,50.18231263546517,6,0
87.22417133146422,7,0.030947966195109297,1,0,0,96.11876382313453,0,0
22.544293646951132,19,2.044978459513403,1,0,0,129.69062756421678,6,0
132.74428570747799,6,7.080201178011361,1,0,0,138.4489117301023,3,0
77.46940225171761,17,3.154912542053024,1,0,0,96.56054969085767,5,0
37.4931254000317,18,1.940391944496123,1,0,0,49.7874778163754,5,0
202.99983916442022,13,1.0550047130309574,2,0,0,192.8202487607686,2,0
142.05999786325694,7,3.8348018702355184,1,0,0,451.6808529396477,3,0
105.63800748188729,20,3.4546146326710803,2,0,0,15.126866563513172,4,0
372.5995637242475,11,2.06839251981377,1,0,0,43.48926567864101,3,0
435.3596746583982,7,0.37892751395161456,2,0,0,70.40019875103603,5,0
600.2154624116289,11,6.540029627955272,1,0,0,49.104079401471246,3,0
449.4007645953978,22,13.802544238117353,1,0,0,154.57537965897106,4,0
105.8156603291754,17,4.447801136988831,2,0,0,52.95152747292968,6,0
76.06439528991538,17,18.06850586386792,2,0,0,40.615592198753035,2,0
60.34632252469956,8,0.17029154500257454,2,0,0,92.7288616437917,3,0
55.277534544073795,6,1.1688316540876316,1,0,0,24.163344339992925,4,0
136.0467956396436,9,12.173438477928297,1,0,0,20.489925739008832,2,0
18.43068037591844,6,4.797682539581933,1,1,0,109.52495323562862,3,0
86.66992330895039,9,2.363753115867582,1,0,0,11.521336269394524,4,0
1048.6932454190232,7,9.706489753799406,2,1,0,235.26649720690946,5,0
34.305118630546225,20,4.380310552186681,2,0,0,104.57954317619776,1,0
114.86996089985374,15,24.744074856215438,1,0,0,180.11220103767698,2,0
114.57621656513112,22,3.8843812329613443,1,0,0,34.82930430138384,5,0
71.67252219971436,17,11.299957990894967,1,1,0,97.37967234656595,2,0
17.164725155500168,16,0.11246566747048374,1,1,0,62.439678216393574,3,0
56.88139592775825,21,1.4690988777751846,1,0,0,77.64110417597576,1,0
52.478773799552165,14,5.338049789025563,2,0,0,36.24285350362239,4,0
88.25282048558508,19,16.554794984256006,2,0,0,31.685232303461753,2,0
92.2018337336057,9,1.3200507981359704,1,1,0,34.764685942913324,0,0
147.42475365219366,22,2.3035273113048014,1,0,0,35.00251119205746,2,0
271.49223720050963,11,2.475191307550961,1,0,0,122.686207292266,3,0
30.276352511899052,15,0.6321013081599121,1,0,0,31.44244508011305,2,0
68.8103552996918,14,24.764617606854937,1,0,0,258.9883955729389,5,0
115.22722672275225,22,10.621383864921128,1,0,0,79.3549787439036,3,0
15.614050676102769,10,3.8420215690793746,1,0,0,48.39039356830244,1,0
293.5036403884092,14,3.8079926336210006,1,0,0,122.72440048402737,2,0
93.77748064046988,21,2.6656514195417054,1,0,0,43.49634649630948,2,0
20.554400874022438,14,1.446271283322068,1,0,0,112.63380667116719,4,0
123.58782129836341,21,1.0170951819208112,1,0,0,109.27179480887091,1,0
201.75345186240463,18,8.296852516445828,1,0,0,20.182936409050754,3,0
24.714117840729006,15,7.536184216724423,2,0,0,96.09033559031863,2,0
43.064681551092725,3,213.37572239127243,3,1,1,105.83844152436691,9,1
78.4630812489754,9,1.5479596522732302,2,0,0,144.63899418849755,2,0
49.205962898781046,20,10.515541504754925,1,0,0,105.84505755204324,1,0
121.09519096880821,6,2.9187765393570544,1,0,0,132.4728663613633,2,0
512.2697551660802,7,7.936192268424406,1,1,0,79.94607874174395,1,0
282.0847035077038,7,5.473068600137747,1,0,0,129.03964448149185,2,0
99.64661264262976,11,4.385629563149541,2,0,0,69.61031089329491,3,0
726.6484317440242,11,12.90666909223771,1,0,0,149.23208917770953,4,0
54.74278770402377,21,1.8520620255535334,1,0,0,70.48308356007783,4,0
59.38448945904259,8,9.17321833887938,1,0,0,107.51253284051393,5,0
103.85447442037315,16,5.070573160004482,1,0,0,83.28575968802508,4,0
226.67303757313888,13,6.087540328596058,1,0,0,57.673640682085185,1,0
61.80698726717087,19,1.2682022575454253,1,0,0,99.04094590412728,1,0
85.13437770541114,17,13.605254873716717,2,1,0,51.020293742390955,2,0
27.998045179167516,17,0.3535148761484505,2,0,0,51.829785908947066,3,0
43.46356070702814,15,12.614753654791453,1,0,0,62.83022761671332,4,0
25.62157228579592,7,1.457124449961813,2,0,0,484.67080562070026,3,0
506.5095457976161,17,4.6230946624404545,1,0,0,102.48760562866478,0,0
71.11432228589415,6,4.753803283510316,1,0,0,129.5547453114301,4,0
33.92413632465541,9,0.9823478285863306,1,0,0,117.81106933019537,8,0
49.55215311829899,15,0.6582679066515165,1,0,0,36.520095758230326,2,0
21.414975695362305,15,14.709770492657203,1,0,0,358.47279679201034,3,0
366.40157247099614,2,477.04601755762104,4,1,1,29.809277373668667,15,1
317.95870018506395,18,1.7819608748161708,2,0,0,24.671143722890182,1,0
270.7863584825737,18,1.1238559965613462,2,1,0,81.51912689689087,3,0
393.6082860644621,22,15.555144433534116,1,0,0,29.118752190569364,5,0
74.16857483505184,14,11.017054417090584,2,0,0,88.83295132093963,8,0
31.480763544791632,16,0.7539983524108264,2,1,0,100.6657204010608,5,0
248.48744687700201,11,0.5354538692948003,1,0,0,148.28343583470746,1,0
10.20558330686888,12,8.801832688238095,2,0,0,63.84798010989112,4,0
47.022921785407625,7,8.189392876184465,1,0,0,254.6700477335829,0,0
256.9828177964085,9,5.072667587994022,2,0,0,265.5028604582845,4,0
259.139960915876,15,8.001211789944385,1,1,0,86.95862891336462,3,0
95.18895725459367,16,0.3484279143958982,1,0,0,90.11178739421908,1,0
59.92091644851476,9,4.307965819320972,1,0,0,102.01216446949103,3,0
717.2330327797396,7,4.710005698669978,2,0,0,92.52763779145036,4,0
51.50599692591977,13,7.892002568727201,1,0,0,188.08441578221016,3,0
79.08179947275731,15,2.11585187547259,1,1,0,198.06021742695222,2,0
347.53046516407557,16,1.325655886859586,1,0,0,29.858668786189405,3,0
208.92674652933982,11,4.1842565484305,1,0,0,28.04421677923745,4,0
221.111955747629,16,2.1242041998169277,2,0,0,82.03138701229966,3,0
40.75084407155675,6,6.574376918073053,1,0,0,182.39221980195052,6,0
88.53426548268159,8,0.20776986290027136,1,0,0,148.59130459434417,7,0
57.63075038726523,13,1.3107412206855393,1,0,0,33.69626092438454,3,0
11.4148707117245,15,2.2635293770994815,1,0,0,61.871920468968725,3,0
321.96035816848035,16,0.6028399730664364,2,0,0,83.10079202471809,7,0
77.16934825060336,22,8.50174976546795,1,0,0,61.924981301425504,1,0
18.608302331087554,9,2.817238023043292,1,0,0,162.68342412868765,2,0
60.79629769472112,19,11.304470254565476,1,0,0,46.92311990437108,6,0
18.519223449527896,9,1.006995243052164,2,0,0,76.96913524114538,3,0
60.95136758177658,19,1.1022030204843607,1,0,0,91.50534614239244,6,0
125.50103580694748,19,5.385798662093081,2,0,0,91.81245419071335,1,0
105.69673267045704,10,0.6120618294804068,1,1,0,73.06451426340836,2,0
85.6346308175641,8,2.2291859579140274,2,0,0,97.4524800229841,2,0
182.98624399441013,7,13.815445897170315,2,0,0,225.25210904579401,2,0
66.34120215805483,6,3.0482073236940286,2,0,0,45.65460210650654,2,0
208.04704282279127,18,2.7910897194273683,2,0,0,25.8681228482162,7,0
38.90439887980743,21,3.1313384808256153,1,0,0,224.4523601871429,5,0
506.7226616001225,12,3.084836945532408,1,0,0,74.50354648784035,3,0
140.41504840503575,8,9.645466515395816,1,0,0,32.379899812618355,0,0
272.3480024446182,8,11.582842814695011,1,0,0,78.0157325813696,3,0
62.655561130457954,7,4.723716897337237,1,0,0,55.20042202401412,1,0
120.64216421982604,15,1.3889693324034003,1,0,0,567.1869951097871,4,0
55.299918562966134,6,0.3505242163037473,1,0,0,169.57257864721007,5,0
95.74418066297217,20,2.284218531682403,2,0,0,56.113081784989255,5,0
142.00862171793813,22,0.4412288646393244,1,0,0,144.64728036827037,5,0
41.3730008685758,20,5.844231609995009,1,0,0,140.31547773049164,4,0
84.48805369391667,12,1.05347088174531,1,1,0,49.60890590744932,3,0
143.5138128572624,19,2.3115829651108304,1,1,0,52.23493009019445,1,0
188.44580913990796,6,4.530647599580772,1,0,0,44.463977500109145,3,0
4.395089276726479,18,13.901420988101146,1,0,0,17.722958579148358,2,0
217.52919302432116,8,3.298043998657349,1,0,0,143.34712644443772,4,0
233.99627784140134,12,0.7322459916316024,1,0,0,56.437123560104155,4,0
97.88826037859576,22,1.0495138998790696,1,0,0,16.914207122854627,4,0
434.2994254277036,10,1.7540927322766913,2,0,0,160.65106498322405,1,0
159.2517185759394,6,0.41003088430915635,1,0,0,32.24346978151702,1,0
152.88603191144216,16,2.239852363378704,1,0,0,119.78605228111016,3,0
29.29093195227332,22,6.759487294604778,1,0,0,86.18203382821744,3,0
30.075921850292836,7,0.6141831325176632,1,0,0,41.02155215139755,3,0
600.5026273289238,21,6.987036228330272,1,0,0,643.6026117768456,3,0
730.111989178523,18,14.483358558305746,1,0,0,58.37858492802463,4,0
126.6913635844236,19,3.139568812204713,1,0,0,461.4684439639868,2,0
45.68021950739662,21,3.2669013033726904,2,0,0,122.57519009180085,6,0
50.581223161761834,16,1.9654908851794115,1,0,0,117.16793821615698,1,0
111.49501827278948,22,3.501347148104938,1,1,0,45.46510329623761,6,0
150.08511995653257,10,4.6841924032921405,1,0,0,48.140358170716944,3,0
314.03514321302833,7,1.917494735948002,2,0,0,75.32111503895841,3,0
350.78311651806024,22,0.30727289297448934,2,0,0,55.88545761953951,3,0
131.79460067234618,14,1.9473054090514696,1,0,0,19.092980566189212,4,0
262.9410506954408,12,3.1364329027710935,1,0,0,40.547227092101636,2,0
33.352542252428954,8,1.0832278183154596,1,0,0,46.16329484426933,1,0
219.6072183617255,7,0.41643480938781424,1,0,0,61.84125214288968,9,0
804.1637625628259,13,7.94198437391136,1,0,0,42.17702592582214,1,0
24.70136378905212,12,4.903746792448142,1,1,0,28.2367212948027,3,0
114.41964111586451,12,0.15454672812133785,2,0,0,94.73318374478593,4,0
64.25850116546248,19,1.3663570948494184,1,0,0,19.14155018231033,3,0
136.15570185425625,14,16.323486873904432,2,0,0,94.13384422328278,1,0
77.48305605603345,14,4.247525608681268,2,0,0,105.16193573257291,5,0
168.25959865130875,16,11.632813509152705,1,1,0,284.51823876709324,2,0
15.325511563193286,13,6.338549570514351,1,0,0,19.93437931708451,0,0
143.54821645960746,9,0.3692253949398051,1,0,0,82.05882916382727,2,0
27.935184121016643,13,0.01643593058432202,1,0,0,154.53475237659808,2,0
65.2590640228264,16,1.596441369448756,1,0,0,159.66024686673416,4,0
48.46670424379708,22,1.2531309485415916,2,1,0,73.7640648725335,4,0
104.25012002378614,19,1.1405437709694803,1,0,0,387.8878685590407,4,0
78.46785372354188,10,3.505108695787435,1,0,0,120.1083597499721,3,0
14.850292505874144,7,0.6403841024533361,1,0,0,226.83065576345967,0,0
36.731417524119934,21,2.2293158084211595,1,0,0,36.36339213996282,1,0
53.83432073387403,18,0.2619324800685262,1,0,0,81.8062118042507,2,0
82.40425226936509,19,13.007659090280132,1,0,0,64.3145742621372,1,0
86.3603123089174,12,5.611921540099168,1,0,0,173.65263179986295,5,0
59.85497942635055,7,20.575289963298765,2,0,0,134.44274253595052,5,0
35.07336442843754,7,3.470092050016394,1,1,0,33.3221421338685,2,0
72.23913769299708,7,4.978151444164482,1,0,0,118.0878626411656,1,0
204.41621537342257,18,1.902117079197051,2,0,0,71.67571916531017,4,0
53.21653019386725,12,6.150372337506367,1,0,0,44.21035797521893,2,0
144.10033782455685,7,2.9648969358988353,2,0,0,256.7721839602407,3,0
43.88588465971791,6,2.0264210455439136,1,0,0,61.21373468974212,2,0
34.18050817318169,19,5.2483111704323235,1,0,0,59.09881838676744,2,0
48.843179752040676,15,0.30736910521019056,1,0,0,220.2294542254124,2,0
300.819063633415,14,0.5835322994958074,1,0,0,93.3095570962811,3,0
186.97201932411787,11,2.3107973130684476,1,0,0,312.7182227169928,1,0
81.16930919591357,11,1.6027025791920126,1,0,0,23.446031730279,3,0
461.76975198563946,10,4.489631444178893,1,0,0,275.39668507044803,3,0
152.98546267323343,18,3.388277863591298,2,0,0,98.24639347130979,5,0
4.809298877587092,8,0.9987467730850512,1,0,0,208.07659623826171,3,0
59.42923233077946,19,1.2268417243486525,1,0,0,105.88365184064973,4,0
31.945715491008595,10,3.1104118852460516,1,0,0,54.64179837679672,1,0
57.101376091423305,15,1.6435577407413249,1,0,0,26.587584930331897,4,0
441.17485063246505,22,0.515571731928164,2,0,0,132.45379542074392,1,0
47.4580205870866,6,1.97950922925897,2,1,0,64.41322015819969,1,0
43.08736781677503,13,0.10284569919239009,1,0,0,59.837785087007305,1,0
445.2064521945473,7,1.716647981515587,2,0,0,14.271634798083776,8,0
414.8974409250266,11,4.583254464028013,1,0,0,62.87155645201659,2,0
19.729722465658476,19,4.6115228715784875,1,0,0,20.538848772213118,0,0
57.01431547446087,8,0.4121425288046421,1,0,0,54.76386187864954,4,0
309.7551639822165,7,0.35700838698721876,1,0,0,29.978519251419847,1,0
13.12386908308692,15,2.3940639708573013,1,0,0,87.2032362802858,2,0
45.399825861365464,21,2.68457996399013,1,0,1,239.93457835075472,3,0
9.517294964239897,18,3.1693798651886604,1,0,0,45.050741326317386,3,0
103.50828669805225,18,6.9072732138109085,1,0,0,111.79433810375744,1,0
20.502683435290777,16,2.405504788397659,2,0,0,64.84437649539235,4,0
120.41748301964432,13,3.983174546918422,2,0,0,150.34695078399423,1,0
69.59017980129988,17,14.645699975344083,1,0,0,48.058057234598216,4,0
35.71756792090721,19,4.32461826172466,2,0,0,31.575457101560833,4,0
124.8449259683948,8,4.145253049563364,1,0,0,148.51242317156195,6,0
47.040149396288825,19,3.673187900791872,1,0,0,29.91001128972335,3,0
224.54523166183253,13,3.436321535593536,1,0,0,63.41547476459109,5,0
74.4072820503907,22,3.0994836938906616,2,0,0,357.37553936025853,2,0
165.46101185095335,11,1.1651040256065184,1,0,0,79.57348031752937,4,0
32.266682054798565,9,5.454596573150363,1,0,0,109.7696994406124,2,0
355.54738985780693,22,1.2789992453798007,1,0,0,20.610722291672293,3,0
213.59249744306518,16,21.32690141701298,1,0,0,71.37246327030525,3,0
145.44922190648805,16,1.3258535486542187,1,1,0,75.38187532504507,3,0
111.77172140364227,11,8.25072272205841,1,1,0,74.7674896568015,3,0
28.292145155613763,21,4.198503089813578,1,0,0,108.08731183632031,4,0
13.213364568465128,20,1.1496220133028494,2,0,0,109.97003199976287,2,0
68.20285193063006,9,1.9730156944770072,1,0,0,221.70845147820293,1,0
388.4850174861078,9,28.441569726019182,1,0,0,40.47978090643162,4,0
79.40376140556582,12,0.16220451768050337,1,1,0,53.16387945854332,4,0
738.9996367890612,9,2.345338781386292,2,0,0,80.672078998757,2,0
129.53752802445698,20,7.253431919137227,1,0,0,44.960302770011246,3,0
246.4495237223501,6,6.0879438937054395,1,0,0,20.983871588896193,2,0
175.67835677369166,16,1.4417772898043248,1,0,0,88.02585591185934,2,0
79.8652706058344,6,0.2107939527145779,1,0,0,48.37085671927124,3,0
96.7409571395478,19,0.897777184382378,2,0,0,80.3205975037323,2,0
48.55741020410286,20,4.188202742072989,1,1,0,293.4468721287106,5,0
53.012781056707176,15,3.8704180526022647,1,0,0,79.16693167485505,2,0
20.408333759980632,22,2.4060353233235694,1,0,0,58.31461684889588,4,0
235.64941462181503,20,0.526388040938908,1,1,0,30.00512187023008,1,0
79.69863760554212,8,2.579266204830076,2,0,0,36.78326118311457,0,0
41.561521923122704,18,0.22385683533253242,1,0,0,52.22232860509244,1,0
153.37589221502614,15,5.049451380107419,1,0,0,17.062441577611295,7,0
93.46182616907,7,8.75496704219729,1,0,0,113.49980570737327,5,0
98.7840004310172,9,5.442308013852507,1,0,0,40.151799317927626,2,0
30.844125793816538,21,3.717920923697245,1,1,0,193.51736528699132,8,0
53.63718367163839,8,6.862566129819369,1,0,0,108.88915455836998,1,0
47.64493303728265,8,0.1587260411225144,1,0,0,13.798079284987123,1,0
15.18221826099562,13,8.596400576723932,1,0,0,10.484185053461896,3,0
84.8834868223053,7,7.426519620389492,2,0,0,28.143946598488846,4,0
289.83030323425845,6,4.174549227514847,1,0,0,130.53988403451805,1,0
51.83895294954777,19,2.304263924336239,2,0,0,54.733174780732774,2,0
594.4803468738172,19,5.778763603687108,2,0,0,70.34630092236814,2,0
47.17068835022994,10,3.83412901178105,2,0,0,108.7420050009004,1,0
227.16399680030185,8,4.173866298299332,1,0,0,363.6988150967431,1,0
704.7274815559867,18,11.27381341152489,1,0,0,92.34923834352485,2,0
32.91678198669656,12,5.996662574229851,2,0,0,76.85838683001717,2,0
313.4820409147575,14,9.560307953229731,1,0,0,587.384322355845,3,0
119.98046098540947,15,2.2671525369142715,1,0,0,250.19860417301658,5,0
233.9951896833754,20,3.912566384336726,1,0,0,109.50722861245906,2,0
105.68781677917009,6,0.8821842692287796,2,0,0,26.66254081469467,2,0
137.48404500162064,15,3.955903078659682,1,0,0,78.2850750133962,1,0
101.92993799299595,17,5.1515472717408155,1,0,0,158.99227940059572,0,0
46.76945057911837,6,3.3880195144890566,2,0,0,51.6212327097926,3,0
580.5921496566785,19,8.289561504759211,1,0,0,18.149473646699576,4,0
139.54856815656822,18,9.113070531603114,1,0,0,96.5125965102574,3,0
42.494437203034295,14,1.7269770776648503,1,0,0,94.10058691893674,4,0
125.05609670874567,11,7.256762633644929,2,0,0,126.76303112113825,3,0
110.81481791508554,10,4.565005860338721,2,0,0,51.88511904938427,5,0
99.29225177314716,7,5.935928573759481,1,0,0,36.472998704842745,1,0
477.7413732056556,12,3.4363806788230966,1,0,0,216.85865332105735,4,0
201.4567469089385,8,2.7217565926835445,1,0,0,93.68334548213299,1,0
26.323807261346015,21,8.381433698290778,2,0,0,51.593248316176016,0,0
146.57837921365868,11,8.503671221287608,2,0,0,228.9579125616649,3,0
370.253271241024,20,1.5788811908278368,1,0,0,45.75411889793316,4,0
150.66332117186013,15,0.9923907129332298,1,0,0,28.45210668093075,1,0
130.01110114199187,19,0.5015953931159935,1,0,0,36.19139418925129,1,0
38.53517134931154,12,0.575179730933592,1,0,0,140.28029508772642,5,0
32.13763345545767,12,0.21937725321960258,1,0,0,18.197158460259885,3,0
24.573633527862253,13,0.18245738094740893,1,0,0,110.9973746076853,4,0
92.60270715226406,22,7.109003948024578,1,0,0,33.06799943547597,4,0
63.86735990762655,8,4.151123815433914,2,0,0,41.01740225420049,2,0
251.93109997397542,12,6.542829778310324,2,0,0,24.384968677935728,5,0
453.59855871327494,21,0.8665371887979687,2,0,0,130.75542230735937,3,0
69.08538247312562,15,20.88824862770993,1,0,0,99.4119861234994,3,0
71.0618882791079,9,2.0744369887221668,1,0,0,53.64341776209093,4,0
346.0459821483499,20,8.307460156534672,1,1,0,102.55294035380909,0,0
42.3528371230217,16,11.265755617026699,1,0,0,173.94333949306116,3,0
38.34041339642196,17,0.5751813116702148,2,0,0,203.0283096496462,2,0
35.82152524586974,19,10.905172268262358,1,0,0,118.25355720384182,3,0
113.660522313742,20,0.10239828282598024,1,0,0,158.07631533684147,2,0
820.4522115483574,9,8.595461263206737,1,0,0,49.53536463995531,3,0
66.21795561857127,17,1.0852671396807145,2,0,0,78.36144705683175,7,0
79.79116719312091,20,2.768952405759315,2,0,0,80.33296340277846,3,0
256.7535715355708,10,0.2462812947305468,1,0,0,35.607837055510394,2,0
54.87376959084812,12,2.658855402646876,2,0,0,139.50150414253076,5,0
95.41241616311599,16,2.6296724958346362,1,0,0,156.5549639646334,1,0
123.18942149163571,7,4.224930316364239,1,0,0,63.88666011303296,4,0
200.4774852744065,10,10.885867716339533,1,0,0,6.636637793094933,4,0
109.69190440286732,13,18.82576855983324,1,0,0,32.33765155916799,1,0
12.20443384298999,9,3.571021772683036,1,0,0,103.40874238502143,2,0
130.47033375490568,12,2.668156018432989,1,0,0,64.24269489912315,0,0
38.10656153692194,13,5.562594550196862,2,0,0,156.49308869302033,4,0
187.75390944815078,13,4.317432822286457,1,0,0,32.75741727903064,3,0
367.5777077247562,12,0.5948048693869288,1,0,0,35.821866785637184,1,0
45.306986449074635,15,7.092594254640173,1,0,0,163.7757793017244,3,0
102.62331885650909,11,8.30863470335869,1,0,0,49.07806281962816,4,0
352.2447491864952,7,0.8879761712521068,1,0,0,25.93332970285476,4,0
156.8849362212256,7,4.895832587174686,2,0,0,111.31585469570697,0,0
110.6488608451255,16,14.950837996619821,1,0,0,59.64332765451979,5,0
175.19931208769074,15,8.309339162742301,2,1,0,70.98330624314298,4,0
126.18714705172731,21,14.60006241484532,1,0,0,209.96399245311508,2,0
39.85037641907691,22,5.30501591594676,1,0,0,78.16491367250617,5,0
18.53009300033109,19,0.33127595641922125,1,0,0,196.15650747649732,2,0
203.19208478547645,16,7.08079492712526,2,0,0,37.997768772549676,2,0
25.120784807824418,18,3.186244737627964,2,0,0,116.36526406027524,2,0
121.71716199410312,7,6.218700926401073,2,0,0,145.18304908228066,4,0
55.845519238859616,22,4.226448764596766,1,0,0,35.990614036139306,3,0
83.76287401048057,7,6.197759298874342,2,1,0,165.69718432362384,2,0
212.763801740502,10,9.019768768262775,1,0,0,65.91847792418356,4,0
100.42335448553895,12,0.620827576065659,1,0,0,373.66420497262556,3,0
110.0680759579574,19,8.554204577043178,2,0,0,115.74623949624012,4,0
70.94390991920017,7,2.1651718006320997,2,0,0,41.623295010035946,0,0
159.13618693180914,6,1.1668448031488445,1,0,0,17.10499678319236,0,0
304.354978237153,16,0.20078785639827249,1,0,0,73.49835304490904,1,0
182.79338061730706,13,5.707007892063788,1,0,0,61.112792091349895,2,0
84.80425242042224,21,1.2021021653860502,1,0,0,65.88760900139623,3,0
66.70789768560816,9,8.609296191457155,1,0,0,99.95540169533693,6,0
58.47178647596695,18,0.570444585722595,1,0,0,79.41381133270424,1,0
55.0608017491767,14,5.298191232463056,1,0,0,73.22617072101204,3,0
591.1232239741043,9,4.197230135707432,1,0,0,53.06780119184168,3,0
87.8652502365616,16,2.8956583939345117,1,0,0,171.0511282866047,4,0
27.637876936823954,20,6.925758536723162,1,0,0,14.404615023946869,3,0
142.4769281995107,17,3.4798213011217167,2,0,0,225.12185166132386,0,0
441.3503383895485,9,0.747728100397011,1,0,0,71.17959299231619,5,0
69.61273962551272,21,2.632335389048251,1,0,0,88.62213901984757,1,0
186.35054371637088,20,17.154171060658793,1,0,0,504.0378073053314,1,0
357.1452923999575,12,2.498697041115601,1,0,0,49.18638936991359,4,0
84.95249773705653,10,2.2558314002723208,1,0,0,50.056122837686466,2,0
106.50911210743621,18,9.350674786045582,1,0,0,56.78395266752763,3,0
147.36079564960852,22,3.731235510436921,1,0,0,418.20854829725823,1,0
38.02701886162043,18,2.94480695496645,1,0,0,87.80075271061624,3,0
157.18265815839646,11,2.8843143451097317,1,0,0,53.92274867361258,1,0
74.37324063607325,13,3.784267843571287,1,1,0,64.33814622565458,3,0
7.393448610141342,17,3.770135441702529,1,0,0,169.6429980277534,1,0
250.39922777417524,13,1.6686842825817816,1,0,0,268.90320846428494,0,0
901.120286569921,9,11.114681242907947,1,0,0,22.32305711825052,4,0
799.5881106394604,10,0.7807953335790485,1,0,0,180.0227782621907,3,0
66.5665039013865,12,0.6854062120932278,2,0,0,53.13415119101804,3,0
171.10907779954422,9,0.13969574610787386,1,0,0,156.13050988520527,4,0
42.65210871044289,11,0.0824852496805108,1,0,0,141.91204563830294,1,0
1956.4381106324179,20,2.7048561184861275,1,0,0,91.64865019073208,4,0
154.69612800426327,20,3.9584585651165662,1,0,0,29.754305553747393,2,0
56.56661226722589,15,0.747042769804132,1,0,0,143.0386826349553,0,0
81.04724793356719,9,2.3462789720809973,1,0,0,28.815010077326594,2,0
22.074718199662886,11,8.244280494565515,2,0,0,54.06348058962936,2,0
42.50364649981223,8,0.402891470295309,1,0,0,110.77112788842624,1,0
817.6782974806864,12,13.298165764537721,1,0,0,86.1889013358835,1,0
73.98828643997354,15,0.21828978775901783,1,0,0,83.63017724603698,2,0
30.088083284699607,22,2.3298503928660512,2,0,0,120.52166023384453,2,0
84.47667201199981,21,0.24581354468342453,1,1,0,65.77948941596077,6,0
171.94865928089388,9,5.473022441903836,1,0,0,208.77966992023724,3,0
40.60386247007207,12,0.5210702915619234,2,0,0,137.78688379685664,2,0
187.45668652147796,18,7.140972965525783,1,1,0,43.242013190814646,3,0
298.8909994007575,8,1.7705802559066024,1,1,0,64.69005638343481,2,0
69.04527573814363,9,2.410526058348096,2,0,0,26.924063774437794,1,0
178.8153224352892,7,1.537957630406184,1,0,0,106.99884112649775,4,0
83.45678286091083,22,13.9988726461757,2,0,0,342.72290176046965,2,0
111.79748863983887,18,2.6784950583857685,2,0,0,115.56644172663566,3,0
56.93867531402771,14,9.813272079679486,1,0,1,16.827612577809678,1,0
17.613486545286637,10,8.176857109123418,1,0,0,103.91581559747156,2,0
133.1036139179255,17,1.6974552422170295,1,0,0,290.27731960231415,3,0
904.9830829172637,9,0.8163185414550143,1,1,0,29.748450940310267,3,0
263.62556717160555,17,1.870808426697341,2,0,0,38.34688651233581,1,0
27.67780638098977,7,1.82891788808305,2,0,0,52.577036450493495,3,0
67.75138498075293,14,12.256761462011642,1,0,0,85.90284011675844,6,0
12.599327135965485,15,4.400946995412638,1,0,0,27.041003265166495,2,0
60.35413659192027,20,9.47067631785168,1,1,0,14.047214521848083,2,0
328.9388219199109,7,8.289551391816072,1,0,0,75.59886443332937,2,0
27.549088280304368,10,7.070276702347291,1,0,0,49.66867309318106,2,0
72.60828034829444,18,6.016927106742624,1,0,0,66.48755446626672,6,0
138.15027620236916,17,1.0427567829483955,2,0,0,90.31214786970651,0,0
79.20840433403197,20,3.949677737782484,1,0,0,206.1255693616992,3,0
178.72669913869913,9,4.427296106523394,1,0,0,55.53660537248227,2,0
9.999139054502729,15,3.9899577348765307,1,0,0,318.05010448038985,2,0
61.25087826161247,15,19.427988670257996,2,0,0,61.159957236259345,3,0
53.73661898334179,8,1.535811794464907,1,0,0,72.63035169149758,2,0
184.25857693964969,16,15.860712139901674,1,0,0,44.29477374249138,1,0
94.45135562355286,9,6.35274573636951,1,0,0,147.8111017567382,2,0
471.63635392977204,14,1.4303138797772597,1,0,0,33.17015033375815,4,0
23.37844813036721,10,5.4307621214337,1,0,0,144.64398776467132,2,0
22.632825180050688,11,0.17453894431898428,2,0,0,114.07853950223529,1,0
92.40718660874161,13,7.8265460096891415,1,0,0,354.26187624871824,7,0
911.1053809303021,8,5.881113245405699,2,0,0,186.55170830464817,3,0
82.33503389225214,14,1.5699546086506548,1,0,0,102.90633207219594,2,0
20.02596480071595,8,7.9984885963463705,2,1,0,75.74535716637786,3,0
56.202525543235545,17,0.17174400262648132,1,1,0,63.82868119189335,3,0
104.59917390649697,18,10.635629697617976,1,0,0,83.11750501395352,2,0
168.27361284922873,14,2.127425306823812,1,0,0,113.2972574640155,3,0
156.55211896587045,8,10.116128106452978,2,0,0,22.027853114805268,2,0
427.4791145452039,19,7.122001088050601,2,0,0,32.10760268451041,4,0
136.60524243793824,7,0.7353850552541518,1,0,0,107.92693394012974,0,0
300.82711274052417,10,5.813092817662746,1,0,0,150.42054731845099,2,0
56.47575257390538,18,4.326519551064376,1,0,0,155.26415423948117,3,0
67.0168318977477,6,3.8911410054982314,1,0,0,111.77276477187426,3,0
39.9430316365524,6,4.891842041621608,2,0,0,158.45760780952918,2,0
448.25217396244165,10,5.058583898406259,2,0,0,34.63887158556213,2,0
249.64415075790762,9,1.351123369570533,1,0,0,322.3049539598677,4,0
35.53396998067185,15,1.4730329155489823,1,0,0,45.732495086916465,6,0
62.86827187994952,18,2.9207417060734397,1,0,0,139.01374159040674,2,0
492.47120062237616,15,0.18710433886788835,2,0,0,130.38279441140867,2,0
30.01180433302104,11,8.429790865024552,1,0,0,63.15450151374019,2,0
213.2347075401876,12,13.143016937413636,1,0,0,38.130121185643645,5,0
91.83518345215965,18,1.5743332848156897,1,0,0,101.97219631499537,5,0
71.7739149203084,7,9.099361421087362,1,0,0,85.15026322261053,1,0
6.522012171750996,22,4.478144911843385,1,0,0,54.13562567112098,2,0
105.16300802934221,11,1.4627082631474984,1,0,0,191.46948985113266,5,0
889.4375433190743,1,268.88768401460413,4,1,1,472.6295155840426,23,1
98.29503793888911,7,6.729927869769118,1,0,0,192.86718563171664,4,0
16.026263979746492,15,0.5177939083847376,2,0,0,107.77254716512147,3,0
102.37243126245092,7,10.248143445975437,1,0,0,17.911155956218376,3,0
10.79734043045724,7,1.0665674385459942,1,0,0,21.851410343832807,3,0
412.12061111077503,15,1.040643699094328,2,0,0,70.89690467047431,4,0
56.02633370271116,20,9.494440763797979,1,0,0,127.48048444497174,5,0
156.89934200427368,17,11.044644246929813,1,0,0,51.70998696397983,4,0
60.74356724681062,21,4.782470418042387,1,0,0,68.28414249360443,3,0
83.56749847212514,10,5.474966371458004,1,0,0,307.5467161030945,4,0
112.76027637528337,14,8.953125885500427,1,0,0,140.61360007784688,0,0
136.78334092221965,11,0.8829419963693101,1,0,0,60.52881301955453,3,0
94.87178687530273,11,2.8532165042419457,2,0,1,469.44563339373923,4,0
64.40536986013511,15,6.759359494863886,1,0,0,55.946393136326535,3,0
221.31784377901118,21,6.084768952044282,1,0,0,334.1511715218572,2,0
286.3585072673535,16,7.535239741278572,1,0,0,297.65211850017346,1,0
66.0748125889967,21,2.4327653351959397,1,0,0,74.65341848436753,3,0
38.32785484887337,6,1.065503788578575,1,0,0,44.18264264091651,6,0
60.077656916924816,6,2.593497405640324,1,0,0,27.927176946432297,1,0
17.203495050229545,18,9.80097178053897,1,0,0,134.45372215971506,3,0
131.06560748723663,17,14.213728201878927,1,0,0,52.13135886248986,3,0
61.25571257399067,19,1.477491251041204,1,0,0,84.08234066921912,5,0
320.7575040449104,5,166.2334976844889,2,1,1,70.70911024927301,16,1
127.69569457273596,15,1.8258338434863919,1,0,0,94.22437650468478,4,0
617.8748042746985,17,9.900125357973891,1,0,0,178.34824863046902,4,0
118.20511718753158,12,7.183385774812637,1,0,0,15.514960086864475,2,0
27.20612335696514,16,15.599343908893335,1,0,0,23.83661423221565,5,0
17.716700570735444,16,8.342259065415663,1,0,0,142.46594486913537,4,0
113.1819151061173,21,1.5922159736456276,1,0,0,82.54920298623638,3,0
184.304510813159,10,4.3906764239242015,1,1,0,74.06525511552387,1,0
84.4299533245654,11,6.847016166705328,2,0,0,55.01485126041715,3,0
174.6599766018573,9,3.020850860823095,1,0,0,32.387504955136905,3,0
45.019260294196364,17,7.883334527842798,1,0,0,92.99012361487682,4,0
142.0109539573362,22,3.926924247330929,1,0,0,124.62062137989038,1,0
130.5955930772025,9,3.2972085917602465,2,0,0,257.22527102317156,1,0
22.41606915911297,19,1.378579994354633,1,0,0,137.2251512978809,3,0
21.089466569112233,20,0.10428748192889505,1,0,0,387.94578493516497,2,0
79.4259841979081,17,4.620874213812459,2,1,0,80.08742366909809,3,0
20.80150321182284,10,3.002928555840267,2,0,0,91.86611066389577,5,0
71.45482771202492,11,1.3065471030501277,1,0,0,334.7297899703822,2,0
75.72087939715517,10,1.2816575872003477,2,0,0,107.95521959497573,4,0
167.7617886103985,3,38.62490551380564,2,1,1,53.012044031683544,10,1
231.80306572570854,18,0.5465536080578186,2,1,1,54.86838908359811,2,0
335.46186740148806,15,0.11762495346232082,1,0,0,308.8581002821708,3,0
129.34068363821692,8,0.2178314586646883,1,0,0,49.27258072715069,2,0
41.535320264143074,10,9.064435455363611,1,0,0,156.28228594202426,4,0
29.193498754433286,7,1.3232986431576093,1,0,0,18.48702195521637,3,0
29.106113231048617,9,2.663883234932441,1,0,0,116.29212785511913,5,0
404.38081772062316,11,13.091920850881912,1,0,0,57.16171082454172,4,0
252.74710355867134,12,3.0918986341186057,2,0,0,40.75634051887484,3,0
84.55073580241663,7,0.7200156419644808,1,0,0,64.70786665887458,10,0
38.189383970303076,9,7.361370610188959,2,0,0,66.23279134101197,1,0
123.12307610967304,8,4.420874361788715,2,0,0,81.68654967568126,6,0
318.16945029657603,22,2.1036403471829574,2,0,0,121.60808301071977,2,0
98.82715095881267,8,5.610889474575023,1,0,0,127.50902236068724,4,0
382.5953427715297,11,4.579286246160546,1,0,0,71.67527517650123,8,0
26.19716314824299,9,6.061331913507866,1,0,0,52.119708423851435,1,0
13.118483389934333,15,1.4028083531581272,1,0,0,83.66001319917655,0,0
90.30092706820868,16,1.1138443165871421,1,0,0,73.83962558633415,3,0
369.578338195268,4,307.6993525446194,2,1,1,18.96254729131013,14,1
122.49259014023204,12,11.714731816089664,2,0,1,50.48935441297933,3,0
481.25295565706426,13,3.503291142620762,1,0,0,263.4352265019253,2,0
732.0461085567484,16,1.2376105431361275,1,0,0,36.97118991932019,4,0
282.6736546789937,8,2.5742997817338384,1,0,0,54.357818150254246,2,0
8.880484683867065,13,5.117336224789627,1,0,0,134.72970757733935,5,0
134.93907884994096,22,2.2868878787535634,1,0,0,50.885255702425475,3,0
217.6982168062825,13,3.299467310453158,2,0,0,70.3609259299385,2,0
362.12964618592844,10,4.443833454666445,2,0,1,196.85342062057538,3,0
73.01583408108034,19,4.771837199806955,1,0,0,28.551954878818822,2,0
20.201088133144072,14,5.758978829832234,1,0,0,113.73305109040083,3,0
154.10433961323182,15,2.035391509010256,2,0,0,89.37274094336945,3,0
960.4619474904696,7,2.1320430330355276,1,0,0,112.48059554276225,0,0
30.6149134731157,12,7.584213731412501,2,1,0,34.93969635340621,3,0
27.21568267052464,8,3.707872131403027,1,0,0,98.53728970474347,4,0
33.461488473861046,13,1.099404828916142,1,0,0,274.3733551312769,0,0
30.384889164673428,12,0.06610317124561123,1,0,0,36.31077369040913,4,0
155.51365918839446,17,0.6395640942834222,1,0,0,30.75852125592206,0,0
93.77695798877988,12,5.552929862347954,1,0,0,82.53621757340608,6,0
292.12592613275126,19,2.2114727889371304,1,0,0,59.31228816846252,1,0
124.61880254631824,7,3.1994673306724932,1,0,0,37.94789232018264,2,0
28.469867960921235,6,4.516805546637762,1,0,0,88.01639190160688,1,0
62.22029482222427,18,0.6022376727190258,1,0,0,108.98529927787902,3,0
238.847037669922,8,2.008345071493256,1,0,0,118.39557891514983,4,0
40.10521585723811,10,4.467365960874565,1,0,0,207.2296734607107,4,0
81.84701851299162,15,1.3812336126077756,1,0,0,107.55121759999957,5,0
73.03777278340525,19,6.822802052066029,2,0,0,138.58939874767646,5,0
33.74507459897115,14,2.3425318925068446,1,0,0,270.9055462072512,6,0
360.8050476345167,10,9.118298823563434,1,0,0,104.53914419169402,6,0
108.23546269763543,17,0.6151947395541969,1,0,0,182.28187559066814,2,0
26.519284653609212,22,5.389198346590343,1,1,0,23.858658832987427,2,0
132.60456190052165,15,1.2095588540213833,2,0,0,74.08638932118336,3,0
292.74361272898176,14,0.6194373528351061,1,0,0,129.33525276050685,2,0
164.05684206729,15,9.033945202372632,1,0,0,127.81926558750251,4,0
30.216097973446125,17,1.9852315114794723,1,0,0,77.0846393035503,3,0
429.8401342869981,14,3.509348859043098,2,0,0,31.360037213667006,1,0
103.89579932865024,12,1.117396827082415,1,0,0,49.926382391998374,2,0
33.39722988256448,6,6.320542094329241,1,0,0,43.324566223330116,2,0
87.59250723964087,18,5.5463317050472325,1,0,0,43.24696082031676,5,0
74.92381729124574,10,10.43829063098222,1,0,0,153.04874703735035,2,0
82.48072842650073,6,3.3330070948610584,1,0,0,332.24361024602115,4,0
210.5245128678122,10,1.256359707256497,1,1,0,129.0036994182026,5,0
134.0116920095067,18,9.072564423679973,1,0,0,117.19032111977114,2,0
256.07240601427196,13,1.5566839165376123,2,0,0,254.7550102431764,1,0
180.61856780360253,20,1.7559015101449411,2,0,0,40.76150075747474,1,0
346.1738980741856,17,4.611236017760208,1,0,0,75.1597824319317,4,0
63.74532851648724,21,6.103076438382321,1,0,0,37.65968444871423,7,0
64.40715103703451,8,1.9891556772494556,2,0,0,99.33763478929885,4,0
114.3660764606027,16,4.223977858719648,1,0,0,11.069276337933855,2,0
1022.4510342464315,5,268.12582025136527,3,1,1,49.544978035229946,19,1
87.4252020565941,20,10.964256936133733,2,0,0,62.47505911736442,1,0
103.89882932127229,18,4.931087137073539,1,0,0,151.23443045135792,2,0
257.73904452419646,18,1.082250581129147,1,0,0,83.39064070995082,1,0
66.46330112335997,21,2.685777873722517,1,0,0,130.7170451981326,4,0
17.470536570090534,20,0.0652325194165662,1,0,0,38.84953494497517,4,0
217.90199475517292,10,6.570259619590821,1,0,0,145.08885677086406,2,0
76.07661050421278,13,5.6082436605290695,1,0,0,79.54530562545662,2,0
96.38225712339842,20,5.007723669384169,1,0,0,84.08230985340217,1,0
70.29211377769263,14,1.9632402941978837,1,0,0,153.41929853283946,1,0
135.240177067799,7,5.31801688016729,2,0,0,60.745959527965596,6,0
49.77613940743147,19,6.702131327563997,2,0,0,92.6192930660104,3,0
105.57931873760414,19,5.49024260447154,1,0,0,102.21211743838883,4,0
16.3891177154503,16,3.6036236338925383,1,1,1,42.55294473386994,5,0
4.882922971788123,10,3.2510364471365083,1,0,0,371.33978895477185,4,0
85.36133088456184,6,13.366098571255343,1,0,0,38.77247821045756,4,0
191.47041351489227,8,14.218123612573837,2,0,0,190.6098825421456,3,0
109.29514155065925,13,10.457136785020706,1,0,0,35.734998069565904,5,0
411.6163560870137,21,0.8406844439387238,1,0,0,253.30815636810496,3,0
39.63337391150276,8,3.772294788296521,1,0,0,94.08721107780221,0,0
37.54590627621152,20,2.435423458134203,1,0,0,68.38761256465807,3,0
64.95964919779817,21,15.196897504014217,1,0,0,70.04112197315787,5,0
79.6220501484065,14,6.1941490848026115,1,0,0,176.59453736254838,1,0
68.3094794497341,6,3.9807536486967585,2,1,0,97.5797366960384,2,0
18.97971593405186,9,2.756257119147083,1,0,0,126.26100204561065,2,0
16.025693391153634,11,4.877651063782686,1,0,0,9.870967165116413,1,0
18.73906541855885,20,6.115095379815315,1,0,0,17.720529075343343,2,0
81.87353238443265,18,5.613668596183094,1,0,0,76.63532230752483,3,0
41.92210331957031,13,0.04890778108503878,1,0,0,74.77909276669482,2,0
234.9260599407832,18,9.308972788016213,1,0,0,74.16490011878916,3,0
342.7389482433469,17,0.6401858772676854,2,0,0,37.378979027151466,2,0
19.49632370584435,10,0.07735930606824022,1,1,0,113.89792299445357,4,0
48.150075800661966,21,3.798425619558728,1,0,0,35.91541005015706,2,0
72.71568631941213,22,3.3282644263660233,1,0,0,103.76716981510816,2,0
55.179183160859104,10,11.33716605894202,1,0,0,10.664563403052721,2,0
251.36212243011235,16,9.557995120749606,1,1,0,320.90456949187114,1,0
674.2185352592029,10,13.742282824767235,1,0,0,89.37908658741023,2,0
194.24801672972166,20,2.561136948840941,2,0,0,21.70895179911976,3,0
507.868920074252,5,0.48994772111499013,5,1,1,92.01141175237137,17,1
97.75259569471046,16,8.2708943868413,1,0,0,53.23071166493309,4,0
29.854338464436356,14,2.914495563294837,1,0,0,53.90903889588344,2,0
412.86640962991765,14,4.287527413044087,2,0,0,67.10555407544757,3,0
51.66184509190651,17,5.585180312042144,1,0,0,526.9677688045854,1,0
52.920231056932025,8,0.7295684350536419,2,0,0,109.03678470684147,6,0
20.39715046652985,20,4.465021190893974,2,0,0,99.30379175281296,3,0
193.61628334268622,14,3.9668865390578443,2,0,0,22.05861791342046,3,0
59.46390508143742,19,8.070885586653043,1,0,0,129.84065638492774,6,0
505.06980616951336,22,12.09524629600404,1,0,0,156.0412942855355,4,0
112.62823980404838,22,2.903132637769776,2,0,0,92.08185020621237,3,0
52.93173396906169,10,1.3845986273782465,1,0,0,187.2347638904247,5,0
525.7962632867517,16,2.1772840162288256,1,0,0,85.77744062818317,3,0
195.93787229149368,13,0.2626048363030551,1,0,0,90.4861641294941,5,0
22.974446942533845,14,8.889395022082324,1,0,0,71.25930197535091,3,0
252.29034465796477,7,0.7829244284194565,1,1,0,66.60619546503094,0,0
94.74583657925795,12,0.002245644875855778,1,0,0,14.86632149341574,1,0
529.6686363953316,10,12.821838734932223,1,0,0,130.77847287397267,3,0
199.10224109687974,20,12.631697681576439,2,0,0,96.36284209105497,1,0
118.86429214542409,9,0.1558982346870368,1,0,1,99.4633833690966,2,0
39.71700036312848,13,2.626382177363294,1,0,0,39.26666255309353,2,0
34.003171521009165,11,10.821317992435764,1,0,0,182.34990028799382,5,0
109.56903163494866,7,3.7250660516398577,2,0,0,48.603178751647164,3,0
77.22625165719317,6,0.9235794541091457,1,0,0,77.51091104452757,2,0
32.274472898450696,14,1.5088098444382085,1,0,0,115.40430100934246,7,0
210.65500377390444,20,4.482681546372205,1,1,0,31.192172260806245,4,0
372.26389744987307,7,0.26138246603378285,1,0,0,40.40161084408988,4,0
74.21141104319666,19,9.560446235829179,1,0,1,111.13398608752507,2,0
308.68724283681706,20,8.028899157533449,1,0,0,182.17081888289334,7,0
255.97722459211244,19,10.720759453041202,1,0,0,116.92867353754649,3,0
190.42959703316498,21,3.377928683337143,1,1,0,18.8097693124221,3,0
334.8833213141548,14,5.844801537628122,1,0,0,217.4720878515527,2,0
250.27753247147953,12,3.48944692451628,1,0,0,17.758714254418585,2,0
94.2548936742367,8,5.610942261985415,1,0,0,145.75492051837756,3,0
34.81110700033499,20,10.524358456477303,1,0,0,69.96063466234973,2,0
122.5884748050296,21,12.31499552552846,2,0,0,170.8456197221388,3,0
89.38519053795228,7,1.8736826767815247,1,0,0,55.55504075669209,3,0
127.73064557392136,21,0.34832251617134935,2,0,0,70.60417529281922,5,0
299.54031116139146,10,1.136922173203276,1,0,0,40.52888413804704,3,0
58.218913162612935,9,8.467045285615312,2,0,0,35.48787673404745,5,0
217.03659132819814,19,16.33890518558102,1,0,0,171.50109586364758,6,0
11.482676591757318,21,5.965548002835483,1,0,0,60.75121806659598,4,0
36.833397938731856,13,2.7054206117561708,1,0,0,22.648176555584918,0,0
67.17103187002479,8,2.3188722451417156,2,0,0,550.7403893149705,0,0
53.91808170877152,12,0.18078388239101534,1,0,0,59.57058397662411,5,0
388.4622275578671,14,11.890734064254811,1,0,0,279.92879762958535,3,0
32.46617136953058,18,3.205822879225498,1,0,0,39.31827304287479,2,0
77.07206946405275,20,3.6715772587216033,1,1,0,35.1959745045964,5,0
94.37712681739593,21,4.228866032367737,2,0,0,53.20937084211294,2,0
22.878486627497747,13,13.435451823948458,1,0,0,8.561214147822696,6,0
82.87382862412771,13,1.3113461473335426,1,0,0,240.36460300260381,1,0
148.0785815227306,13,5.593535126721548,2,0,0,88.45318914212253,0,0
493.84166253965185,20,7.219653291113457,2,0,0,195.01855776019656,2,0
52.04426964856466,6,1.7462571836660659,1,0,0,48.09750131241537,1,0
52.070182769057446,10,5.049200150719127,1,0,0,26.596110675556368,5,0
21.269735930019213,9,5.284434866639641,1,0,0,260.1319848713561,5,0
26.903075406622378,12,6.809396483297686,1,0,0,15.454876906190208,2,0
240.88566419192654,22,12.15634191342955,1,0,0,45.539694892199485,3,0
1362.238134214602,5,154.30726944982052,2,1,1,16.642508190795915,17,1
501.88147978149806,17,6.5606658847355455,1,0,0,102.34883609500281,4,0
129.6140874350638,10,6.36385620814925,1,1,0,104.64039328694287,1,0
22.818925614161017,22,4.9808873471117385,1,1,0,255.66590579865286,1,0
263.56974311561424,19,12.478617626533559,2,0,0,255.0879584435045,1,0
35.40598633366802,13,3.6067436198841305,1,0,0,359.01211243343766,5,0
304.5912731317263,9,0.515195618091837,1,0,0,28.103492666417136,3,0
108.29496417286907,6,3.2508656245781102,1,1,0,140.4573541901399,3,0
52.702970176581246,11,3.3123643763539503,1,0,0,48.15338284141467,2,0
51.22744620947169,13,1.8707859552904345,1,0,0,53.650367534436135,7,0
361.6379582155412,13,7.984681111306155,1,0,0,144.58449704429856,3,0
90.11710080722229,10,0.8450270362378749,1,0,0,44.73912068164136,5,0
4448.52407351293,3,855.536275972534,2,1,0,48.26512779446417,9,1
55.66911956376164,21,7.761925206991782,1,0,0,185.1132092328031,8,0
159.35608747346657,16,9.956953063712488,1,0,0,190.30309926665512,2,0
206.5073110849827,15,1.8182675637954648,2,0,0,287.75102587007837,4,0
634.7677205261452,14,14.94730912680074,1,1,0,26.62958165671603,7,0
44.845721203109754,10,12.630612149866508,1,0,0,138.1123460819949,2,0
60.56821932301442,20,1.4018557395976075,2,0,0,110.11648445957196,1,0
204.90468342379683,9,0.3706611025534785,1,0,0,173.6641184961197,3,0
49.37090633341974,10,2.528955445106078,1,0,0,72.53604404285639,5,0
90.70025607122642,19,0.8667352188680904,2,0,0,37.29834135777382,1,0
126.33989996373795,10,14.124749044217317,1,0,0,66.1811292497194,4,0
241.61233412250064,21,0.8143303214708895,1,0,0,52.092565143890795,3,0
35.57823809022872,17,1.3671290181744307,1,0,0,297.2448890270923,6,0
65.34068832068652,15,0.1982194681045315,2,0,0,15.106911559557455,1,0
272.7903579489924,13,4.430129704601931,1,1,0,38.733054532497704,2,0
337.30777400226367,15,10.213694059164817,2,0,0,157.79278473879924,2,0
19.125824214108547,14,9.607213868137695,1,0,0,115.449408655197,5,0
170.18874383163322,9,2.8546133309004924,1,1,0,123.09038402231272,4,0
139.04116836356394,7,9.205889513932425,1,0,0,26.95650761973294,4,0
354.14311378118003,17,12.490624322334082,2,0,0,50.37426559823992,3,0
51.58763965086019,13,0.39969291515402794,1,0,0,95.35067419643363,5,0
100.89713093586721,22,7.5448825915704205,2,0,0,29.798601206805632,3,0
104.0699996159415,14,1.1486698427348245,1,0,0,92.85046956775916,3,0
116.62112450580399,10,2.527151173723878,1,0,0,126.72472697739111,5,0
312.14540732033385,15,3.0130136724062835,1,0,0,16.65466361790034,4,0
126.27774968164617,8,2.2733807448046086,1,0,0,70.03518921350813,5,0
186.97980694742148,18,4.207131895813084,1,0,0,131.6049831563486,4,0
17.94450838929647,15,5.182506640320152,2,0,0,110.42685649266117,2,0
111.18654754953931,14,1.224634402726852,2,0,0,27.76367136437168,2,0
5.973825062308993,14,7.09636282468853,1,0,0,22.16207146469967,3,0
30.81066782649088,19,6.474714644514377,1,0,0,20.699126614923685,4,0
659.4264344114981,12,2.878598871200883,1,0,0,163.53429572550723,2,0
37.29770002941002,11,6.783901743863039,1,0,0,37.30355085595292,1,0
65.6760068391025,15,0.8839323854182071,1,0,0,65.94551102994461,6,0
91.39428439565924,13,4.497274949235818,2,0,0,29.34127542046247,2,0
62.96346120027913,18,1.0941190828599576,1,0,0,103.68724328724916,3,0
479.55960918709036,9,4.701514891598913,2,0,0,45.09432461040051,3,0
105.42231302708205,21,5.528164534878056,1,0,0,103.82920387082446,4,0
238.99231036241392,9,2.3663900156443223,1,0,0,54.85546170278555,3,0
75.92467673271123,22,1.3699556846062257,1,1,0,158.44015119537497,3,0
517.7936186045506,7,5.1593969867693446,1,0,0,56.81327822281418,2,0
520.786850772638,21,4.9581748769030884,1,0,0,35.927461842207336,4,0
42.46390964718564,6,0.9252238778494428,1,0,0,28.90689251271937,3,0
176.3681728375098,10,4.649623572688644,2,0,0,37.65152620671537,4,0
240.27052763059046,9,4.4923989129109385,1,0,0,39.580730476250594,3,0
165.12835145950712,22,1.0338013549739455,1,1,0,117.16497519831275,5,0
90.94301131176633,6,0.0649408970683368,1,0,0,92.7787789553579,1,0
39.81284962305317,22,6.423672221819375,1,0,0,32.50310023960276,3,0
82.02760142633296,20,1.669385777802718,1,0,0,146.8169835146212,1,0
243.97343744909065,15,4.269984956750433,2,0,0,88.73825739313185,5,0
219.85184113756603,22,18.821552714985565,1,0,0,79.75063812041755,4,0
119.24640921497553,13,1.2769911308000583,1,0,0,105.8956888133095,0,0
375.14227885375647,16,0.6412510334305488,1,0,0,72.44762423629754,2,0
195.89838125399203,9,0.2871153011442331,2,0,0,113.14861542205657,4,0
188.07557882919005,13,3.05817703455793,1,0,0,281.60940618400207,4,0
19.990949096889384,16,0.5638993972388655,1,0,0,89.73083804098455,3,0
131.94824286452067,14,0.701261444243515,1,0,0,238.77964607101083,5,0
76.57209526788806,14,8.20022603543595,2,0,1,80.22367629918476,3,0
572.1276560464596,19,6.244503324237199,1,0,0,201.24263242386232,2,0
108.97288262492678,11,1.2908515104052474,1,0,0,386.37376981959204,5,0
82.54130740494223,18,16.289619444061255,1,0,0,147.88370822774988,4,0
225.52436385115814,2,130.50155764781397,2,1,1,267.9282830269325,14,1
44.25571683447059,9,0.7574862797445512,2,0,0,89.53954913449289,1,0
121.72834720972426,14,1.2713721067304977,1,0,0,124.32746546554874,4,0
90.06466919015814,20,4.4301002703451955,1,0,0,245.11311411516417,4,0
91.29849342256404,3,13.549760040340917,5,0,1,90.2830877140058,7,1
11.222282343261403,14,6.804461080379006,1,0,0,48.88136910091951,4,0
191.51358884743175,13,8.202240604471605,1,0,0,53.70338499363101,2,0
21.5655124635612,12,1.5459234237374533,1,1,0,131.13938777862188,0,0
41.95236033187336,21,14.916648096606817,1,0,0,24.520628764478978,5,0
74.18577138083015,19,10.578759215067228,1,0,0,85.52439371333801,4,0
166.04682221243982,19,0.015203185904454136,1,0,0,27.00352754171818,0,0
60.346378524796066,17,7.985673267741814,2,0,0,31.097893454911166,6,0
62.146338444483725,18,6.6149199507453815,2,0,0,209.88970115611377,2,0
319.7858366236854,19,14.69068533386328,1,0,0,173.20073797374693,4,0
60.15557553437965,21,4.332290233407125,1,0,0,171.47839864457706,4,0
236.73861574243335,12,3.205002919376056,1,0,0,818.6502334726355,3,0
58.19136452211792,17,2.652994529904978,2,0,0,105.34448601492676,0,0
200.03679765659038,13,2.658072154602631,1,0,0,110.99424309184123,3,0
19.91441879226394,21,6.134540155557625,1,0,0,75.816164685852,3,0
48.60073197274016,19,3.1882509049524606,1,0,0,44.63054844516583,3,0
377.77911363411124,21,0.6129157747708182,1,0,0,61.031530040090274,2,0
76.84928419500396,21,0.8521230379881501,1,0,0,62.990323698550235,3,0
140.98249933939144,19,0.4521732855702232,1,0,0,52.573712288431295,3,0
43.96643542550312,19,1.0115166945258685,2,0,0,217.86858921660647,2,0
468.47413606833686,9,24.48241438048578,1,0,0,140.03524593493182,1,0
133.54682192473655,9,1.897287966965324,2,0,0,82.3925566865668,3,0
96.33565638887143,13,11.235796306662301,1,1,0,150.86152922156862,2,0
428.4849134203813,6,24.531581438294797,1,1,0,148.96510744021265,3,0
70.19723156207516,8,0.7129384681898416,1,0,0,980.3844065570536,4,0
37.940123905159524,20,1.0537187684582852,2,0,0,65.0575393632487,2,0
59.69126603025941,12,2.038304141995445,1,0,0,280.89862777546773,2,0
1251.8554188468074,12,1.997069571633129,2,0,0,46.84664534536313,6,0
27.685028664017935,21,4.933870561774956,1,0,0,329.25071494260754,4,0
43.03195229335989,13,0.8268032043971354,2,0,0,26.80419448733328,4,0
53.46522533194044,22,10.753964439875904,1,0,0,97.71067790555406,2,0
310.33543395668636,22,10.65229137562043,1,0,0,33.56793737444496,3,0
6.9425305540505,21,0.6474820753781549,1,0,0,32.79849568000207,2,0
41.55302366594553,9,1.0580377944910824,1,0,0,89.69279222282844,1,0
463.7086830234651,20,1.026358692146048,1,0,0,171.70088276196313,1,0
607.5391639050139,18,5.373431769331587,2,0,0,197.5005017384959,4,0
64.62799660687281,7,14.588881672841012,2,0,0,216.76644896747968,3,0
108.62936603576827,10,0.4103237728046861,1,0,0,186.13261847188787,5,0
5.092341715335537,11,1.231946577428255,1,0,0,143.28682625652985,2,0
85.97625652877828,12,0.14978153833052896,1,0,0,63.91839618675217,2,0
45.01945826524173,7,15.165866140436286,1,0,0,247.17751093240216,7,0
177.9734218454446,9,0.07782812892173378,2,0,0,61.77557053201624,3,0
63.89955554740643,8,6.116504406552208,1,0,0,81.94874233265598,3,0
34.31086970843207,16,10.00033480274122,2,0,0,139.07843786629363,3,0
28.087837444582345,19,14.828947467804745,1,0,0,118.24642440810294,3,0
50.37406957873717,16,1.275088709396863,2,0,0,125.63049906601724,2,0
49.33493032618513,12,7.93831566676051,2,0,0,66.94201358179214,0,0
25.6832496033987,12,2.653703658034088,2,0,0,51.450217425234875,1,0
66.15270064563232,22,25.3364436326431,1,0,0,40.58488388437014,3,0
262.0091256013461,22,13.82120548094106,1,0,0,70.61798261285723,5,0
40.14141763068792,17,1.1049862238133865,1,1,0,113.88232533444047,4,0
55.30562472223186,17,1.5241595207429184,1,0,0,36.493976785850855,4,0
71.35921568146755,22,4.248437432574629,1,0,0,102.82919651591594,4,0
49.77964053104138,19,2.0809704394392754,1,0,0,75.83637451883615,5,0
188.69381295502242,20,0.6180825202640896,1,0,0,84.63520163955846,4,0
74.84718920686628,22,8.213800469134137,2,0,0,84.21418320723485,1,0
172.83378255803214,16,5.884813455310339,1,0,0,72.58735589216543,2,0
126.3421261102216,18,14.912577477402087,2,0,0,27.346357479090763,1,0
109.3558731400331,17,11.019479048855263,2,0,0,12.335993984525171,1,0
92.05067487989191,16,0.005765026248712425,1,0,0,47.17732742477743,4,0
54.78783961633402,7,5.451342637874345,1,0,0,51.478944349561424,0,0
177.94965930017855,22,2.2102222186741485,1,0,0,47.15297481279275,4,0
112.75943797598228,10,2.6811749212160447,1,0,0,79.70637224349159,7,0
300.61140600157887,10,6.562752643444939,1,0,0,40.75355323809229,0,0
62.39548890867806,6,8.820467409680132,2,0,0,48.89586583117477,6,0
30.018492734136572,21,0.24948197383996612,2,0,0,59.59810035813373,2,0
70.86147060195084,17,5.701818170832237,1,0,0,145.24237957304987,2,0
205.49389983367476,16,0.9972897349592279,1,0,0,20.23381458029273,0,0
108.50180019231112,11,12.320525025109887,1,1,0,52.86031268203819,3,0
222.29771783349034,9,0.6021095574152882,1,0,0,27.556252545949118,1,0
138.32669177328955,21,2.8673580532261966,1,0,0,138.2902415404588,0,0
71.45969797923348,10,6.373198186053896,2,0,0,93.1800216624882,5,0
129.27142591215403,8,1.2298191123627722,1,1,0,21.032526455990624,5,0
93.52586181120287,21,12.377231738715455,2,0,0,28.253911999307615,3,0
26.658373120721873,10,13.00093176547348,2,0,0,31.992164991998635,3,0
149.05089926014432,21,1.5137684483827654,1,0,0,20.069323930276944,5,0
281.50467038878116,10,6.604809371537548,1,0,0,48.974732074539,2,0
32.85592476390755,19,2.1236563698129567,1,0,0,19.10241932515497,3,0
125.50835539697007,19,2.35558299581301,1,0,0,56.26520298901552,4,0
38.87215396124255,18,0.47225971245171405,1,0,0,22.94567101153075,6,0
49.38572135385983,15,3.5099087518179672,1,1,0,86.50953665006939,1,0
89.4723007417384,9,0.8855947418185832,1,1,0,120.29835818434147,6,0
170.3833846026817,8,5.8867879480515946,1,0,0,89.37480519653242,6,0
131.27580518042924,12,6.086015395343118,2,1,0,33.38249062685345,2,0
40.449710775183725,12,11.340975721758962,1,0,0,280.22237592283443,8,0
463.29302268427506,11,7.1486125439924475,1,0,0,76.90287388302829,1,0
109.33147269933464,6,0.6080637189365339,1,0,0,78.4516898220902,1,0
1695.3727418381243,21,15.790056271690405,1,0,0,139.58076611581163,4,0
80.671890695053,9,0.09672985937651425,2,0,0,112.24043693517909,1,0
167.59860922880262,17,2.8917848413363343,1,1,0,38.56819383399102,1,0
22.51117961528718,13,7.997854639393865,2,0,0,193.7573644277027,2,0
270.1516201354411,10,2.619835723878667,1,1,0,332.10832500621746,1,0
15.275112466264813,15,5.4309169262801715,1,0,0,61.054191831040264,4,0
41.7898061221021,12,14.340064128690145,1,0,0,34.98952311966891,2,0
73.89621285051972,6,1.949524723917211,2,1,0,283.1951325030072,5,0
70.84526113246343,16,0.8977775772727934,2,0,0,102.85682427223709,1,0
150.828591979294,19,0.9676030048824111,1,0,0,124.36671807148088,1,0
613.1479947993191,15,3.418523248081444,2,0,0,74.36149560242322,4,0
131.55241924237424,11,0.9501703602126548,1,0,0,72.7346642668535,4,0
390.11532135196416,21,5.355068612498073,2,0,1,195.83969091273804,1,0
49.14837403680602,17,20.940047139714608,1,0,0,75.1772435707205,6,0
48.9215060186129,21,7.43592597169634,1,0,0,32.21484750358022,5,0
67.73583432157149,17,0.5002617731443921,2,0,0,36.3331015022236,3,0
121.73826614929519,17,7.641700670970932,2,1,0,54.884836038795356,5,0
112.22900003355024,14,13.95468545577514,1,0,0,50.32449748531074,2,0
413.441976232097,11,0.14160962924703116,1,0,0,85.18734466453095,5,0
440.275471417835,22,9.202761002499976,1,0,0,83.26626625183006,6,0
101.91872528645534,14,2.966874024635552,2,0,0,33.051568726587,1,0
34.781626399053074,6,0.4496448600854487,2,0,0,30.065727571209692,1,0
14.970459412045473,9,15.547386742070238,1,0,0,196.09249979806538,7,0
47.94118851731851,18,2.626005662685102,1,0,0,41.39496905279927,2,0
138.68659715652828,20,0.4914155276564859,1,0,0,248.80117855775924,2,0
20.673932240666474,20,10.225717089728857,1,0,0,94.85665779744414,4,0
181.0765165093665,10,4.0766303034367635,1,0,0,139.0899903674836,4,0
16.62349343580174,22,2.0639576740192425,1,0,0,40.536120677765844,2,0
357.84193056018734,18,5.787563295296868,1,0,0,221.4603155886215,2,0
69.1786433667337,10,8.416424716438101,1,1,0,197.5831022458654,3,0
91.9360059807779,13,9.627144176948384,1,0,0,96.80541722600067,2,0
56.89020345108992,21,4.2442810832024636,2,0,0,203.56708139339318,2,0
1421.7731074983656,20,12.738769032943084,2,0,0,114.80204759989579,2,0
45.200785157324994,9,0.08818962556095186,2,0,0,164.72661318478987,0,0
36.64218563936252,13,3.4023485254996064,1,0,0,176.1831286550702,1,0
10.367709431413216,7,3.8257847224253356,2,0,0,52.35470463256249,1,0
173.45197788140072,22,6.234870635527296,1,0,0,108.21661905517706,1,0
165.59185321983153,10,4.705663616465701,1,0,0,145.05221167300246,3,0
203.9530169040383,21,5.097195659215751,1,0,0,252.00308259502359,3,0
162.8007318906557,22,8.812890666773818,1,0,0,83.35357204892395,3,0
54.63924434729238,7,13.30451401899123,2,0,0,24.896731757252926,5,0
68.79364073191952,22,2.9202514616877737,2,0,0,203.13586177834827,0,0
36.98400679353804,13,1.000836102259335,1,0,0,120.48199207712716,1,0
71.92910845062771,15,4.38927512493489,2,0,0,121.79860073597244,5,0
149.15518574028664,8,1.7176847105795068,1,0,0,19.34791697596188,3,0
98.20100803131282,11,3.7621157410891652,1,0,0,82.68726274256443,2,0
609.114016289434,9,2.877187870558915,2,0,0,84.03075605113008,4,0
109.40154189886866,18,0.5983823214584945,1,0,0,48.50068277103163,2,0
107.80185655066417,15,5.861968915684969,2,0,0,108.52174744876439,0,0
23.34136084943771,14,4.59574489966624,2,0,0,26.144446181330075,4,0
166.62922754187065,22,13.620930868662844,1,0,0,30.58121138185842,6,0
218.37006917668327,22,6.927828079096421,1,0,0,75.00819696693368,2,0
64.34256467238338,15,2.1538325205905413,1,0,0,690.3569968057868,1,0
92.73965557894263,18,1.9568545030181614,1,0,0,131.59156401983236,4,0
377.5237983987408,12,0.17096696074343495,1,0,0,26.592218151321287,3,0
31.055626297822656,10,5.050663342717395,2,1,0,58.926096604737516,1,0
70.9654374880013,14,0.23566976204521142,1,0,0,17.5671791227971,5,0
52.563474173223774,17,1.4445155276617814,1,0,0,104.0795811923934,6,0
10.196375028944537,7,0.9617327298176095,2,0,0,23.30667361349736,1,0
125.34111026922992,6,6.661178007958352,1,1,0,86.68025156767708,2,0
51.148914014777446,13,6.542177803148861,1,0,1,57.298573275247755,5,0
166.21224311517622,18,4.294736851660358,1,0,0,70.95867222460636,5,0
27.261543885619442,9,1.2324302243023146,1,1,0,158.30675883546093,3,0
76.7018258666501,16,1.4346120902773827,1,0,0,181.1392596429281,1,0
61.04754957190596,14,2.429565148103827,1,1,0,115.49263751579892,3,0
64.34217337106794,9,13.388400834526163,1,0,0,57.831227924487465,5,0
268.0866155360765,10,4.552081931676498,2,0,0,173.227461845336,0,0
84.6255135828499,6,0.01124116931249538,1,0,0,133.24359820649403,1,0
186.26455258504157,7,12.819312552260396,1,0,0,57.30663733000517,2,0
40.88084002660432,9,0.17166887420220736,1,1,0,85.33686691428481,1,0
66.54107412576523,8,0.14636260150818908,2,0,0,33.42760285269231,1,0
56.48434375841976,16,1.8165897188100122,2,0,0,77.7352158592264,4,0
26.730664437510246,11,7.097872466207664,1,0,0,61.99419289613858,2,0
90.65518727079638,17,1.499515683503928,1,0,0,29.414524314740948,9,0
351.624151143967,22,2.004109027231218,2,0,0,133.20679855554403,5,0
43.22927523965691,9,8.085895793703873,1,0,0,505.8467051405447,0,0
32.46961342020862,15,0.6275865926366574,1,0,0,29.939252827143758,5,0
34.67644300943008,18,9.33524472938117,1,0,0,190.62791723673368,2,0
13.001124877538379,6,6.440059720024442,2,0,0,66.85071290869017,1,0
35.69726889364854,22,2.5507943620756404,1,0,0,87.62381272262296,2,0
67.68778551979649,20,0.005921974186527488,1,0,0,163.64814082806177,2,0
48.77467920819398,13,6.946670086634898,1,0,0,109.6015723138063,0,0
582.5773720433853,20,3.4180500162992318,1,0,0,14.057400810430332,2,0
71.72891846900446,10,1.448426520802438,1,0,0,45.924817194242735,2,0
18.973607096601576,16,0.3604374605586986,2,0,0,101.94970924468569,1,0
148.11637631815614,18,9.233530050922354,1,0,0,60.02893426442613,4,0
35.54728064422954,8,1.8007347289270446,2,0,0,214.0834875149101,4,0
135.1820021050381,15,11.466372446514637,1,0,0,103.56481342872162,3,0
49.21319125529102,9,12.869286852777668,2,0,0,55.35669356833461,3,0
268.2194098608196,20,6.683198466113572,1,0,0,235.3263266565889,0,0
133.1969297234128,9,1.4232475459563323,1,0,0,49.11690124178237,1,0
603.3866520373139,18,5.017183370573379,2,0,0,19.11691474897067,5,0
47.97771375448541,15,3.479943156781017,2,0,0,99.92107620078653,2,0
412.91370389127275,16,1.8413957509476233,2,0,0,51.758458035986635,4,0
112.07298688461468,7,0.4219073484689054,1,0,0,110.65532409146023,2,0
84.70295424683798,9,22.7253762682679,1,0,0,129.5884402229234,3,0
204.93286272042005,10,15.22766444138135,1,0,0,181.03643636695296,2,0
88.62703186462736,20,6.498529186820124,1,1,0,84.99645655161852,3,0
157.41107434822558,3,240.4020168642075,5,1,1,235.7341180871841,19,1
34.78014287581669,12,4.003415672060167,1,0,0,53.40010118071919,1,0
167.0124722784374,19,0.8749110100409421,1,0,0,47.53504817135661,3,0
38.89206839994881,22,5.690931433567055,1,0,0,75.00688389516873,2,0
2150.4744885081304,3,634.9251030866617,5,1,1,31.52064509086298,10,1
275.7721307357615,19,1.6370201595256044,1,0,0,91.78874572417169,1,0
87.1165371498205,20,3.2283031742116775,2,0,0,39.30111993885696,3,0
56.759910073701334,14,4.82334812334226,1,0,0,25.513661937370752,0,0
81.55511958241712,9,11.15048704367725,1,0,0,19.479523585018264,1,0
280.39277123596383,9,8.334031567424635,1,0,0,91.54034233597042,2,0
29.072603647746917,17,1.4887563306350033,2,0,0,50.46453006915046,2,0
257.405946226335,14,7.273375170288049,1,0,0,86.82786660981479,2,0
69.67351413631188,19,4.519284789509094,1,0,0,51.34961415365154,1,0
465.9778418171354,2,317.8824658199005,3,1,0,276.39953461533935,17,1
64.7096155738756,17,1.3920708487032152,2,0,0,37.644601866550715,7,0
110.02401875650489,19,1.0199553344049808,2,0,0,38.5791099507111,5,0
184.78050594918292,16,2.4249785355535365,1,0,1,155.64222182728895,1,0
38.693667757741544,12,0.5207147655644215,1,0,0,45.67689635458969,2,0
21.69589543487125,19,12.207114522843575,1,0,0,84.434668943106,4,0
464.33884889228847,11,10.834260486366103,1,0,0,23.843960621950643,5,0
31.88094975405657,11,25.088541491513247,1,0,0,16.9688964028038,2,0
111.6530734508455,11,1.5818985826908538,1,0,0,176.85445905803363,2,0
168.280281856393,20,0.3551433200679924,1,0,1,105.0510739429265,1,0
382.7207838379979,18,0.20963773893016685,2,0,0,216.11316712938932,3,0
680.3383381747519,6,18.491883127579747,1,0,0,80.57769451539048,4,0
61.233008772131505,19,1.3339148736826467,1,0,0,23.937005158605746,1,0
483.71333946377104,18,5.3690522913839756,2,0,0,422.7679010165723,4,0
36.768651706605986,6,0.3264235820498922,2,0,0,18.103154663552466,1,0
698.3415136653996,9,0.10881451722839901,1,1,0,16.525834634332593,4,0
102.14359113463976,15,14.70885384882023,1,0,0,257.04314314528716,3,0
72.02219379954876,7,8.102293787742223,1,0,0,34.96635326093326,7,0
360.08834253024264,17,0.11449508030593442,1,0,0,206.41199796925451,2,0
116.98746696312665,17,6.429252269555925,2,0,0,49.79327953568311,5,0
42.2879052328723,14,12.212924332917904,1,0,0,116.83781851446075,4,0
225.8501025029078,7,11.527126293542395,2,0,0,127.89174785853739,1,0
237.53528997107387,11,2.2629244286714285,2,0,0,88.37389233749072,2,0
438.9977883595195,22,2.7990150253315242,1,0,0,32.34600899766539,1,0
61.1840921728429,20,21.42080348641606,2,0,0,120.99985158072488,2,0
31.340482479736632,8,17.241415459122777,2,0,0,125.13801064924112,1,0
10.261803409873448,8,6.594625113731858,2,0,1,165.97952628403593,3,0
288.98377528937283,8,0.12767547712403815,1,1,0,60.612543440108205,2,0
89.95336824322331,21,3.5003624664079385,1,0,0,170.97056695292093,1,0
43.32567568400513,12,1.8241976733694334,1,0,0,110.7128622775535,4,0
153.42430492865992,22,1.8939843893947816,1,1,0,23.914687499098157,3,0
71.9907194855449,17,7.265083974600165,1,1,0,53.428474170054365,2,0
149.45872565465274,20,4.79551680323897,1,0,0,25.10176151532711,3,0
153.08229643254543,21,0.33852824191446973,2,0,0,15.145902828823582,3,0
259.8063079712477,22,11.171755369106272,2,0,0,98.49996022848256,6,0
116.09639568470338,19,1.339795967232884,1,0,0,336.64565009334655,6,0
34.06893464150431,16,2.532142809352881,1,0,0,124.22432866349581,3,0
189.06585093263567,20,4.054157798729717,1,0,0,140.40424045761415,2,0
72.52987735561372,11,0.917444109078091,1,0,0,248.5651363388585,1,0
1682.7563007999793,5,122.0741736514106,4,0,1,112.62645255592923,19,1
122.40063045934579,14,7.843240246014441,1,0,0,84.69444553654529,5,0
82.34188924261008,8,14.654971757038544,2,0,0,84.76795549955348,5,0
91.65644122176309,6,0.9019867394207258,1,1,0,59.97109462878594,3,0
300.03059031329065,13,2.6220214593022235,2,0,0,295.7007662524622,0,0
104.73228170268858,13,2.8377496209370396,1,0,0,230.2165777800425,5,0
246.53739598765048,16,2.7044275175336603,1,0,0,183.82387468872005,2,0
394.2299727171634,17,2.0842436339662065,1,0,0,120.45247185381513,8,0
225.53028330067906,22,4.469185119115643,1,0,0,158.4177510497805,1,0
87.7780365773906,9,0.6975947862298248,1,0,0,105.22631326887674,3,0
40.519928857532896,18,4.107092598642483,1,0,0,127.17650635431568,1,0
221.78949185821295,7,4.479857804887914,1,1,0,79.6737833490837,2,0
107.52787392340619,21,3.0358227535307107,1,0,0,39.193583234976,3,0
137.09849800235148,18,7.075401795944394,1,0,0,53.47664074690605,2,0
119.18017271236116,7,1.5886851536378557,1,0,0,41.0381664298216,3,0
137.26601441952855,20,5.499088348016338,1,0,0,306.92861127975135,3,0
168.6130251893057,17,2.4345715669565045,1,0,0,241.91077614626292,4,0
99.18590971040918,15,2.7828507197313224,1,1,0,104.87039672385606,4,0
498.55229077647573,21,1.468439743015334,1,0,0,76.57584962412834,2,0
17.887697974703777,17,1.0117463009245071,1,0,0,53.60040309896774,4,0
96.00569594152536,7,2.0234299407655705,1,0,0,26.956258721360744,1,0
101.84782720536451,6,0.9324539688538842,1,0,0,169.38037172269858,4,0
189.8536602197686,20,2.2501694090946023,1,0,0,117.06813269582803,4,0
33.854135540869486,8,16.696222313511853,2,0,0,288.5349984933013,2,0
150.7004846507764,10,4.218247114990378,2,1,0,82.20301235988173,4,0
72.232224478624,13,6.893322709226773,2,0,0,105.62218672170961,2,0
126.31239479645008,7,18.32229411816783,1,0,0,37.258251845105036,3,0
30.58369879311958,16,0.0587771431715648,1,1,0,129.36046066643522,0,0
101.07113614844349,20,0.13002485842060144,1,0,0,84.47416365298702,4,0
76.50042515746037,13,2.370060380192451,1,0,0,203.63766109459112,3,0
48.08196579102156,20,3.1151425612091814,1,0,0,29.324955510735066,3,0
51.47406830138639,15,5.8071367588547504,1,0,0,28.194007049482533,5,0
178.27450254244144,17,0.7512250996576644,1,1,0,34.74319829267536,3,0
51.301114175371275,13,14.623683625842824,1,1,0,89.31967744136057,3,0
108.27062268524291,18,0.9783270266185994,1,1,0,105.20227223968601,2,0
273.8795400838531,21,0.0371443265601231,1,0,0,124.44189246201844,1,0
54.408715144021194,8,1.328688776544177,1,0,0,141.96153165246216,3,0
889.7518223882079,18,0.6220837767196278,2,0,0,551.14312845316,2,0
612.3225268959966,9,3.763522509984968,1,0,0,117.05389438404644,6,0
21.00888397954558,9,5.012795653076097,1,0,0,81.24496726242226,5,0
76.8805575439677,18,1.6085184742733214,1,0,0,28.52837781900122,6,0
85.21876360221853,7,10.36254942499274,1,1,0,165.80175760756296,5,0
61.51226563450589,7,3.692285644898941,1,0,0,21.38253212079691,3,0
51.30724516144049,16,3.1049793707222313,1,0,0,75.67411242185109,2,0
92.33178242549907,13,1.4905121695248713,2,0,0,25.043528230297625,0,0
111.92201562924677,7,0.7988876360707566,1,0,0,30.417841861614054,5,0
370.0986709359614,8,1.1188949250737947,1,0,0,196.02681670848847,3,0
225.4991988133586,22,0.20004132260839994,1,0,0,127.70907931381319,2,0
28.58381043917763,20,2.120528294411763,1,0,0,295.96985231190774,3,0
96.01514820891592,13,6.73645603687865,2,0,0,73.12533836005474,4,0
192.27537509882825,11,14.338811058887666,2,0,0,108.872654865738,0,0
75.1591840443445,7,8.633068653792382,2,0,0,24.109995626659984,2,0
27.24053813476909,6,6.0406724186434495,1,0,0,191.92112956066327,2,0
73.52761817553612,16,4.850249949232634,1,0,0,52.62695068759493,2,0
116.78350531125783,12,6.7106895827490245,1,1,0,124.91650232606682,6,0
55.93579728617936,14,4.7079238393595615,1,0,0,53.66897010478151,1,0
55.95835524718983,10,3.4360340585695113,1,0,0,242.95929494339504,2,0
125.50892022294371,15,1.2578738377949918,2,0,0,39.714781261991654,4,0
24.838496214077054,9,3.966682007922956,1,0,0,199.87186576367264,7,0
83.44006163068083,19,16.55283373139652,1,0,0,47.03495937615386,2,0
1402.2032712702735,3,759.8744951456711,4,1,1,60.296440133752924,9,1
209.03754907109138,6,7.979995991607245,1,0,0,97.94818403441845,5,0
48.80501543303417,14,2.925929519863289,1,0,0,47.24305449624529,4,0
587.6730989992157,9,3.2331643404736985,1,0,0,253.93505489170005,2,0
95.55403324044026,11,2.8002837798177245,1,0,0,47.34088062268457,4,0
134.1854935047892,19,13.709724908768342,1,0,0,255.63559002646392,3,0
129.05336965728986,22,8.405786375582894,2,0,0,363.3360893509816,3,0
50.89099193784222,15,0.9734673315868385,2,0,0,57.19963782210552,0,0
590.6106900339767,8,8.359418339053036,1,0,0,122.0585148706048,0,0
82.4266457974882,15,10.277879917662256,1,0,0,62.86864238816594,2,0
286.9562609757972,18,7.9636098296899345,1,0,0,139.42549155039495,4,0
180.6069028621141,17,11.099177853510351,1,0,0,36.889226944398295,3,0
80.53413656147602,22,3.752989878717907,2,0,0,220.71117492804143,0,0
67.91217940362722,17,5.7110541085389634,2,0,0,84.577546958244,3,0
74.95212144466046,21,1.4534466212354544,1,0,0,191.98999494162373,2,0
164.21996003681693,15,5.045996908314876,1,0,0,58.59066544573449,2,0
15.51474905379657,18,3.8895764317658226,2,0,0,38.70338380485174,4,0
20.521600403458063,6,4.766448307519596,1,0,0,159.0307468511121,4,0
41.57218239828114,10,1.2687993084041602,1,1,0,98.18357684715764,5,0
43.00440282239541,16,0.00010259085695605665,2,0,0,42.94070023678681,3,0
109.39389591551729,9,5.161578713593151,1,0,0,132.61516876267976,1,0
64.29278458674014,16,2.7468419670466138,1,0,0,141.09547303813744,5,0
69.48741101093043,17,19.43259709418367,1,0,0,388.0401651722816,4,0
327.223839415076,15,12.72727239653003,1,1,0,63.10780418914066,3,0
71.90651337634611,18,0.46739505107957763,1,0,0,82.45190801728648,6,0
759.7833863209414,15,10.43808110357233,1,0,0,128.80566118262198,3,0
66.6413755769338,9,5.801929271678031,1,0,0,104.91878034792448,2,0
97.92170494125362,16,0.8100302198880098,2,0,0,86.64374076596907,1,0
81.90346400910002,21,4.180866632127917,1,0,0,262.001297013931,1,0
32.93047840795519,7,5.668849505526349,1,0,0,25.78571817398644,3,0
74.57002858701077,16,0.11019803459532693,1,1,0,147.4367381378178,4,0
30.671100901092654,20,3.9535096619558745,1,0,0,25.547298799247738,1,0
55.49999110291642,20,2.192881158465102,1,0,0,65.7749549665458,4,0
187.14768588283715,11,3.313176110316559,1,0,0,26.11061008181442,4,0
44.29975038430925,14,4.391482399601091,1,0,0,298.99784787635747,0,0
78.49307641048243,16,3.681098350132866,1,0,0,68.84985046955569,3,0
13.735585762785854,13,1.6694312869518027,1,0,0,62.98299620229411,4,0
103.98571378794932,14,3.296878178034979,1,0,0,43.639049883550726,4,0
21.525211969948284,10,1.7478388792979334,1,1,1,150.41238508455714,1,0
198.97430349455698,18,5.420653534149512,1,0,0,35.23893894945305,0,0
19.625173319889992,9,16.116357197003538,1,0,0,268.03750389589146,1,0
311.945000969567,8,2.1149672134006896,1,0,0,126.14914369726908,6,0
237.50177154123338,11,1.3189959690954405,1,0,0,378.07430030360246,2,0
220.88799689042926,18,7.133951023686665,1,0,0,23.704768930536442,3,0
207.1273687019995,14,3.4286372991695484,2,0,0,419.391481982801,3,0
112.01797021325793,9,3.1759673767463314,1,0,0,92.11516799187274,4,0
7.442371146856762,8,4.404456828421809,1,0,0,159.61917467942033,2,0
99.16200416996608,10,0.0469101515092044,1,0,0,31.267916523003386,3,0
160.30402746300024,8,0.040040735642450635,1,0,0,115.75152453847497,5,0
324.9972952064981,22,8.728032033245267,2,0,0,91.00570455251194,3,0
41.84110248315552,20,4.801410365518366,1,0,0,68.85878730758938,2,0
35.14917276358733,12,0.1641005071303353,1,0,0,41.34579554020329,2,0
27.830336693722945,21,7.3725776828324765,1,0,0,101.2908478394049,3,0
39.08258434165318,7,13.133007278548314,1,0,0,234.7503487227856,3,0
343.93422958373804,15,2.977318523201187,1,0,0,16.78169544799879,4,0
804.6577254205175,9,1.8668941256712879,2,0,0,105.99822253963248,3,0
109.24465533579756,22,2.4630595365841903,1,1,0,143.12835652746136,3,0
109.8021389766571,9,1.4015728790090614,2,0,0,80.99123397435947,6,0
290.94220453094323,16,0.5349006445291471,1,0,0,73.03198794628517,4,0
61.896637037070846,6,2.6314581356072027,1,1,0,130.10359459000145,5,0
24.009371024410044,21,1.0945927898768801,2,0,0,81.16141692439838,1,0
204.77309334343687,21,7.108313657101909,1,0,0,12.95499666468975,3,0
269.65752063540907,7,9.205168660816573,2,0,0,402.56665207032586,2,0
8.295334192140317,8,0.6171361218884158,1,0,0,41.82031228123314,2,0
27.57036564399482,12,2.7409486248063026,1,0,0,158.7340727979668,4,0
250.0136191008507,19,0.2958822523719162,1,0,0,30.822296586162203,3,0
106.32338721481872,11,0.5307131477701009,1,0,0,24.990436073551827,3,0
92.14700798808234,14,0.9440960061534082,1,0,0,63.59555837979171,5,0
107.9964380774361,11,3.627134223753183,1,0,0,71.66398330079488,6,0
32.69936172360547,6,3.032672813283595,1,0,0,39.921008142015744,3,0
39.37454911214635,9,0.9241463389731137,2,1,0,53.5308481804515,6,0
40.75095445280493,7,3.759194576168473,1,0,0,191.2716361993067,5,0
165.7674239288616,16,0.0736601420442302,2,0,0,119.08367926727271,2,0
520.57453239553,19,1.3430708613506996,1,0,0,296.63284114328,4,0
7.973477117404686,21,0.35477974297016723,1,0,0,185.3231960698007,6,0
56.45843031787734,22,3.4866830882064996,1,0,0,47.47380038052509,0,0
9.493122089304752,17,9.789831334542793,1,0,0,94.8769252540908,4,0
27.413527075730745,22,9.550171575965424,1,0,0,86.23899915556343,6,0
100.81331201290897,14,0.7452943765871403,1,0,0,58.43447923597491,4,0
18.15772375671053,9,4.91041264891299,1,0,0,221.92234563825264,3,0
84.71893972670432,9,0.36943859832468123,2,0,0,241.1311419205956,2,0
83.44900389306139,8,8.711616873779118,1,0,0,207.9910089817852,2,0
496.37406686938994,6,5.199542390334779,1,0,0,52.96819833041608,3,0
88.82741809050869,22,0.11348125120699958,2,0,0,283.63258777086924,4,0
133.19363949172848,19,0.8899548567010036,1,0,0,38.902216306895085,4,0
243.6404942003835,14,13.106553669754874,2,0,0,89.82801102954534,3,0
356.8019751784457,16,0.930662674848725,1,0,1,33.48843497864037,1,0
457.7992341426224,20,4.7888840159705905,1,1,0,20.648839664913964,2,0
109.32591462106673,10,0.02297536269532066,2,1,0,23.751662423212146,5,0
163.6159513872081,4,593.752759121332,5,1,1,102.5524259437315,18,1
196.3362284411639,20,1.9383921977580072,1,0,0,70.78790951067792,3,0
99.46703821895404,16,0.16393398759724956,1,0,0,559.0956391515696,4,0
69.94061311340683,19,14.21532528857063,2,0,0,150.9121511876711,3,0
255.11761243418246,20,4.144055713299268,1,1,0,191.49628742611532,1,0
119.55637624181286,14,6.871972407926235,1,0,0,76.29829989934375,1,0
118.09569977648846,19,14.98904770305417,2,0,0,46.08930311458262,2,0
12.135531481130563,18,8.071205034250804,2,0,0,70.94767887007072,6,0
77.68481237809698,14,0.837494548313862,2,1,0,32.621168199052626,2,0
30.098658755811734,10,1.6664861705932712,2,0,0,39.05578703096997,3,0
723.8523734969507,1,167.11961010500474,5,1,1,28.1033412850353,19,1
139.9530699401734,13,3.0163452831766624,1,1,0,197.00306448674573,2,0
161.88028714180157,14,6.152597010433998,1,0,0,112.87252466897199,5,0
149.85815767571785,21,1.4362496021989657,1,0,0,32.085561493409635,1,0
42.14134398067809,12,8.581862916015634,2,0,0,341.8680985618307,1,0
28.454857694356097,11,4.118892091098535,1,0,0,44.44697803844473,4,0
159.77508537827944,17,14.027121678105708,1,0,0,61.43073859717907,1,0
70.62037659541139,9,2.8840204490761625,1,1,0,35.60192966671991,3,0
57.72594581359358,19,4.456557276477093,2,0,0,186.5219198883704,2,0
69.20749533112856,12,15.512624321143749,1,0,0,208.89741905981498,3,0
96.14828244630121,14,11.94425444689693,1,0,0,96.97765463064991,3,0
221.90989030449205,8,4.910419871484519,1,0,0,69.24306097353468,1,0
28.414957193151093,17,5.1861008205367565,1,0,0,253.4816901556368,4,0
119.265052413165,19,2.980622923834686,1,0,0,142.62237883071313,9,0
91.75736694738235,13,8.660076640723263,1,0,0,160.24636410425666,8,0
107.90499484307165,15,5.301441481641513,2,0,0,32.43736776645859,1,0
126.62321205789641,15,3.6663127128853845,1,1,0,64.86559813152998,3,0
14.970887802722304,8,10.501554108133407,1,1,0,183.07344507510805,1,0
42.31466868779583,15,2.367442367026408,1,1,0,142.9194321595097,5,0
74.88972241219535,11,10.750182493711325,1,0,0,83.77456411721664,2,0
56.83972040135274,21,0.9347730363541117,1,0,0,18.30679927951779,5,0
18.469065114799843,11,1.179279114082363,2,0,0,96.32375014564366,4,0
316.00439621834846,14,4.819817224104875,2,0,0,126.79669855069234,3,0
61.58236230502479,11,9.070200304903747,2,0,0,89.92289323891069,2,0
172.1352377477975,15,4.546567555182915,1,0,0,213.4716667405762,3,0
140.01460468927726,15,0.05798511503638006,1,0,0,75.00103604409912,8,0
93.03942305913213,7,4.028774199945219,1,0,0,232.53717692437215,5,0
121.68151149767186,9,2.9128995905452157,2,0,0,175.0333950638114,2,0
94.56697669203137,17,5.624596149176795,1,1,0,150.8117655823587,7,0
331.15627596633425,10,3.310910370389114,1,0,0,194.89708087758785,4,0
227.74935209869105,11,2.250926503677725,1,0,0,44.51545445237988,3,0
463.6439022070236,6,3.1957952605433664,2,0,0,82.22432259010321,3,0
79.05780551444555,16,0.5757538181209081,1,0,0,134.18000624022142,6,0
97.89275099116531,18,4.921038823139146,1,0,0,185.31082813298312,4,0
56.671041707434554,13,22.63246026565273,1,0,0,154.85920310134708,3,0
432.52000815826017,14,0.07132230445389162,1,0,0,11.397516267483626,3,0
234.6117582111865,14,3.387224533799511,1,0,0,81.16114410622954,5,0
23.749266649911004,13,20.039653959139127,1,0,0,38.005281282952915,2,0
53.27951182451428,6,2.6155306620417518,1,0,0,153.12979926913903,0,0
162.11682324505574,22,4.208071770340888,2,1,0,140.0042001225235,4,0
18.185148378689437,14,3.958687591036858,1,0,0,56.76694772633285,5,0
128.0607765922873,14,2.1893219024426678,2,1,0,48.16771106430871,4,0
28.37865652359699,11,3.5984337567441225,1,0,0,121.75292127109047,4,0
52.039559098929324,16,15.93382250385031,2,0,1,337.23517672086126,4,0
79.1703400278879,10,8.568497036432985,1,0,0,56.71268745045414,4,0
336.1634619653749,9,0.7674903404447303,1,0,0,158.2933251856388,3,0
61.03707991227621,6,4.237628420454568,2,0,0,39.94621427661045,5,0
32.984660759056865,7,11.413680888340297,2,0,0,802.8334255135388,1,0
33.59153006069905,22,3.155431762718571,2,0,0,133.54391065438435,5,0
59.44691455033436,20,14.177900650056783,1,0,0,118.28004875910544,5,0
149.92834334387987,19,3.4052599441322022,1,1,0,191.92675824663092,3,0
60.73196368290221,10,5.872790854229716,1,0,0,126.90011734291103,3,0
70.17806876882842,13,0.7683360142946345,1,0,0,161.63824987887284,4,0
66.71638592554787,16,2.787902576949726,1,0,0,40.800784446113234,2,0
87.8714466493062,15,7.186913034988294,1,0,0,155.17221481642105,4,0
35.23621621637218,13,7.6306412151986525,1,0,0,101.32938806719312,5,0
36.49557692239593,18,3.6825399178236062,2,0,0,104.08363000630354,5,0
30.045036492116257,15,10.629859282316644,1,0,0,29.425859521723524,3,0
821.1368035950549,10,0.6262987733802108,1,0,0,197.7138701595015,0,0
753.3698153105317,18,5.05275776526589,1,0,0,40.924850000234876,7,0
226.92820340939065,21,7.9801326960047785,1,1,0,57.55806247274951,3,0
4.447613500529209,9,1.204497683840437,2,1,0,29.44055827530666,2,0
133.04613142850909,16,2.9582064158943777,2,0,0,132.30820993867746,3,0
51.48055590397021,18,6.729678333395569,2,0,0,144.20312436370955,3,0
238.34667485037966,15,8.134940599645974,1,0,0,81.46132212736315,2,0
56.65954635762659,8,0.5127982526214457,1,0,0,171.46889980842766,2,0
340.07035753623273,22,25.27467207474888,2,0,0,115.84993202463322,4,0
110.00977189225708,16,0.3447516527321861,2,0,0,19.420003609219,2,0
146.60982716658182,15,1.0195623017065722,1,1,0,115.0047344859726,1,0
397.0713663097417,9,1.236124934891294,2,0,0,329.40325455605216,2,0
26.06027143659539,8,8.758842878089329,2,0,0,55.16900815476572,1,0
159.36930950940769,15,0.7289483129535823,1,0,0,282.1745449657691,2,0
349.1748975236168,12,3.438962351777342,1,0,0,40.60364128305421,1,0
108.29252427523146,18,0.4810107717410619,1,1,0,169.4466808884334,2,0
56.576615022676215,7,1.888017629901889,1,0,0,63.65414281918105,4,0
6.004181508752602,20,6.218451842150668,1,0,0,54.560972550989966,4,0
120.90093070243049,10,1.285235631526307,1,0,0,366.9629377796027,3,0
170.9791543927894,6,4.722217556434818,1,0,0,170.23576327311306,2,0
55.770852614655645,14,1.5961930290222246,1,0,0,124.74653070708696,4,0
286.00424960011605,21,1.7152052711065808,1,0,0,102.7175246304627,2,0
26.16171226365366,15,5.08353669716017,2,0,0,66.51551243084434,8,0
10.636864876406905,9,4.954395967147571,1,0,0,224.6550281160429,2,0
117.15375476186581,17,9.814354471231127,1,0,0,93.9340256118887,2,0
33.782323697338256,17,4.503781912798272,1,1,0,27.737762661746576,5,0
88.05573158476099,8,1.5994813473037393,1,0,0,61.2280270889835,1,0
94.05021102148093,19,5.728321452640649,1,0,0,19.30636807676799,3,0
52.10807438825714,15,0.038775673630620885,2,0,0,107.05586254198197,2,0
24.95334236652291,15,5.89014465633397,2,0,0,118.67017162394409,4,0
273.71861310178474,6,4.84996336470476,2,0,0,70.51454181219533,3,0
14.26918371589475,7,3.4172756549245342,1,1,0,50.64314581762725,1,0
162.96564835253793,14,0.1625447059552632,1,0,0,33.11134593454128,1,0
121.56807082621985,21,8.85227331423264,1,0,0,16.690483168589875,1,0
193.22597359376098,6,13.018518814894385,2,0,0,73.31166399691998,3,0
203.0151092478908,11,2.3810403002474705,2,0,0,13.349451013481815,4,0
364.75574947856285,10,1.5396898208465544,1,0,0,60.87579159376997,6,0
118.81320019322101,22,1.2543032964924758,1,0,0,63.765731284949695,3,0
28.957488906321483,7,7.124570572318021,1,0,0,54.575408952191545,6,0
33.32830367111973,7,15.519929304417923,1,0,1,110.70750032023713,2,0
227.7140353872514,21,12.825245422451125,2,0,0,202.89730416312815,2,0
47.137234131577586,7,0.6414240458336544,2,0,0,142.08288250373906,6,0
54.60519176464802,12,0.9891298422019241,1,0,0,28.037595310401063,4,0
74.19492662815117,16,6.488715031610494,1,0,0,56.963250464576454,5,0
54.00144631432832,11,7.538163445236583,2,0,0,165.34030276509753,5,0
168.4457327793503,18,11.510390571261578,1,0,0,166.02406666835822,4,0
108.68738793276795,22,3.4026537959321517,1,0,0,166.86708206227664,3,0
228.74110813819337,8,7.384426877826594,2,0,0,66.95667306014045,4,0
47.584761107277345,15,1.9090527637338952,1,0,0,23.747370076168508,7,0
156.99752005580584,7,1.4372319217161391,1,0,0,59.91651646403691,3,0
15.35720237923303,14,0.8183656151160558,1,0,0,107.71216614103248,4,0
491.0060101200824,15,3.660554344231749,1,0,0,63.53269010524147,4,0
441.8309896667493,5,1510.3336483347648,2,1,1,33.482603777398744,9,1
21.286852825120924,8,4.284282053016766,1,0,0,46.37451491694079,2,0
61.696987976155114,15,0.8657957137014753,1,0,0,90.70045841947977,2,0
195.4208609283384,10,12.547488328713792,1,1,0,48.66748893468123,2,0
213.56122291863457,15,1.9352052787177323,1,0,0,162.76250421855016,3,0
41.31241074723538,12,3.9938922239701196,2,0,0,1241.6100643672648,2,0
78.71390231568178,18,4.328700360893593,1,0,0,175.6935529534764,6,0
31.22104582058415,7,2.5781439129589327,1,0,0,438.11311132985225,2,0
122.61468977257233,6,4.232438193594444,1,0,0,122.10454370737355,2,0
43.14083763375139,15,11.1354466052133,1,0,0,212.76438699738284,7,0
145.80191481944303,7,2.8226116465251403,1,0,0,127.14173635618477,4,0
12.587130911329162,18,0.4720713536786416,1,0,0,29.03487743837236,6,0
57.97173205071614,13,2.595908618948431,2,0,0,36.90677088707855,1,0
753.5319377369696,19,0.4233835175769811,1,0,0,178.4022981456198,7,0
93.133093812583,17,2.9731619162228595,2,0,0,63.98185906670002,4,0
4.691493891717898,10,2.775331508089115,1,0,0,100.83645177128956,4,0
1665.9878921112834,22,12.570805028114533,1,0,0,184.5596108092327,2,0
95.43539063761229,17,6.86509074936901,1,1,0,88.92002052423325,3,0
209.5909913209699,13,1.0919788807002744,2,0,0,16.781807486350196,5,0
62.73947135403972,6,15.198129213208071,1,1,1,55.90428798605738,2,0
38.24130346733413,21,10.062201413805381,1,0,0,18.044946561348127,2,0
212.32944852456686,18,0.21261263607244058,1,0,0,25.355359635259745,7,0
39.73838524842422,16,9.334425313946278,1,0,0,121.91041238362718,4,0
47.93043577310645,16,3.052200435332817,1,0,0,72.71321182685979,2,0
411.55884286228394,13,10.206233056108076,1,1,0,103.4800091724237,1,0
61.71806025572905,15,1.888764047601341,1,0,0,47.694623977274006,1,0
43.80675279905127,12,5.991649704976152,1,0,0,249.29099198424683,2,0
382.58243500031773,6,7.479427631322487,1,0,0,65.21559494661274,3,0
111.01434367649604,8,9.311818928262886,2,0,0,73.11023423309327,2,0
89.80414064406041,22,4.408655998074934,2,0,0,80.67087076233926,8,0
519.1902796461113,13,2.992340083842943,1,0,0,98.11928585898045,2,0
22.09128211077354,14,1.5732087708983018,1,1,0,48.5214957648997,7,0
82.41091993753581,13,3.071536813585011,1,0,0,387.4603302328542,4,0
97.47281659161908,10,12.754832920558785,1,0,0,23.09140680186936,4,0
66.83345936090348,21,1.5092648035248417,1,1,0,37.902234753368276,1,0
184.14697964798842,10,3.363145754013495,1,1,0,45.605474068778776,3,0
495.0169940024064,14,3.765383712512552,1,0,0,41.524639392518374,2,0
87.92180581009715,12,1.2009067523365,1,1,0,43.554692623169615,2,0
80.95628880737141,13,0.6003630519800608,1,0,0,33.436830605494926,1,0
63.80949295865596,7,1.1051484336079265,1,0,0,36.986608289653,4,0
364.25140672025634,6,19.116587466286074,2,0,0,52.61923974177704,3,0
18847.426127821505,4,828.1985954882325,3,1,1,42.021873420184534,16,1
76.16346758281229,8,1.8629457367986648,1,0,0,48.97217566992336,2,0
18.855585656576817,12,7.289772410824922,1,0,0,67.79531956806349,4,0
14.44456450243583,20,3.7148177722632596,1,0,0,10.814284893574847,3,0
103.75625835967213,9,3.2160067149066505,1,1,0,29.160948728590267,6,0
49.122638611854974,12,11.015054104475766,1,0,0,57.55996209882121,4,0
93.19683377587003,20,3.634148599282292,1,0,0,51.071529692555586,2,0
61.03404233095083,8,8.81601021143109,1,0,0,31.400351643729,0,0
136.42878075041082,9,0.2419421766484735,2,0,0,177.00524819889145,1,0
21.216830019768725,22,3.2545462417505666,1,0,0,52.2998275279192,3,0
596.1192227048494,12,2.412781203142984,2,1,0,29.556604590262417,3,0
12.478868579135078,19,8.724802899134538,1,0,0,41.061668822006645,3,0
204.4824558212227,21,1.1282023608766174,1,1,0,197.2293342186215,3,0
38.549163549638585,18,1.30254401164538,1,0,0,207.7979916644154,2,0
110.54864905772078,14,2.3065666383187784,1,0,0,23.18964285155676,4,0
70.8983667946635,16,2.541108244513546,2,0,0,15.631622306034158,2,0
63.69338244722927,20,3.48455769690138,1,0,0,40.688634613515525,4,0
115.29344196460609,11,0.7711485221021601,1,0,0,40.07971388120474,5,0
27.88722502415874,15,1.9571560986508982,2,0,0,158.89193785528764,1,0
121.64504529180634,22,7.995737473819791,1,0,0,67.10920192560597,3,0
107.97138680791751,15,0.7073697335280832,1,0,0,64.30712611002903,3,0
113.45949744446958,11,4.326501715736175,1,0,0,74.74326264388392,2,0
218.65692903101757,17,4.237891871879158,2,0,0,55.46845269265459,2,0
157.3270740462513,20,0.8993182638186599,1,0,0,142.54661321975314,5,0
437.9552566115894,21,2.7226559684110847,2,0,0,47.35559407750905,8,0
72.40814526854437,8,5.12691547624736,1,0,0,73.86179293193545,3,0
278.0464058038085,16,2.1190365717169617,1,0,0,65.37626114042229,2,0
44.77894947701543,22,1.0367952784215164,1,0,0,41.27522820916085,1,0
60.372548677112725,6,1.2587594416042849,1,0,0,181.04761569574978,3,0
176.3187449720809,11,2.3244022069870547,1,0,0,30.35163778333594,2,0
38.23801429252729,11,0.39019308749032483,2,1,0,156.91738305408222,4,0
33.62753465490987,16,15.297821672519685,2,0,0,134.9988393768065,4,0
27.876003985908337,9,14.428432013389372,2,0,0,86.73302677158485,0,0
257.1225232158242,17,16.205113215963753,1,0,0,132.0253973837297,3,0
807.101593183122,21,5.359690287108515,1,0,0,111.96509891612185,1,0
417.1449241280909,20,4.343776004575287,1,0,0,68.38301405570115,1,0
94.34279478882583,21,11.119922705997071,1,0,0,24.96127861337651,2,0
41.15760153204875,20,4.949128838039104,1,0,0,33.23275211826494,8,0
161.96685245262472,7,1.7149732201156265,1,0,0,37.354004391679595,0,0
18.152690764102996,9,1.9824522840200975,1,0,0,50.911481984145,4,0
21.856009828599817,8,3.312964001488943,2,0,0,111.86988586874588,3,0
41.34308655605042,13,1.8606542510172202,2,0,0,69.01805677372082,6,0
20.14069418803652,20,6.183482915355233,1,0,0,74.02342070142335,4,0
110.04012732288301,14,8.098011424371496,1,0,0,278.173950849801,3,0
99.19400205900997,6,0.9840162866684261,1,0,0,78.69839964153746,4,0
140.7495003369867,6,5.098750264167911,2,0,0,67.49072088008583,3,0
147.14897528259348,8,8.252933100650473,1,0,0,58.76206936469442,2,0
453.52251908639124,9,5.649488007333358,1,1,0,88.92960538508461,4,0
149.9850134019574,14,0.31564742573624205,1,0,0,58.60296561841878,4,0
33.30310465060804,21,6.138210863702067,1,0,0,93.95590957218539,2,0
71.55392381207845,14,14.550535173286645,2,0,0,217.5965588237582,2,0
584.6857259670937,21,2.038649820347877,2,0,0,69.17753294669129,1,0
85.82313800513529,7,4.500013119431414,2,0,0,79.57108496491975,5,0
654.3442914326604,6,2.7478723722365923,1,0,0,60.719914832644605,4,0
762.1576114936535,5,399.7826130498808,5,1,1,119.26370297612465,16,1
115.8435294424761,13,6.6423388562196966,1,0,0,409.75768480943265,2,0
185.38726940643883,15,13.173640011090955,1,0,0,44.83825529178224,8,0
187.84590965319398,11,3.92478597207909,1,0,0,272.81138132969124,4,0
56.754386555228386,6,8.01790279018914,2,0,0,55.55228203112912,4,0
76.38990754714546,11,3.8757494514006114,1,0,0,116.25705347054152,1,0
9.154291223338891,11,4.522893424673365,1,0,0,29.547716394602435,0,0
20.52108846504324,8,7.446751832893287,2,0,0,94.43922446422,2,0
79.37735133564631,10,3.4277399820785726,1,0,0,125.14302746720871,1,0
65.83578443792648,10,1.7638608444041295,2,0,0,173.3526560467957,4,0
45.43877056021692,13,39.628372567664925,2,0,0,145.58377242872118,1,0
115.53207414062543,19,3.5374857112623537,1,0,0,32.144261964142075,1,0
56.5386261813978,18,5.862045997735079,2,0,0,121.91803831092207,2,0
99.79498441753536,6,7.444157505562177,2,0,0,139.4199067390626,7,0
309.8515076725172,16,2.9306218958412664,1,0,0,87.58041991009823,3,0
99.44963798154174,6,1.5563326330163858,1,0,0,73.80953852920734,2,0
145.5597650203168,18,21.893498935864123,2,0,0,102.4140924449107,0,0
79.80760782356016,20,1.7243248575217638,1,0,0,119.22003089859845,1,0
21.83973769842907,9,1.6866679990789555,1,0,0,51.819616608956856,4,0
27.675300466269903,19,5.6025798435757865,2,0,0,325.850381579595,6,0
156.9648816928338,8,0.1182765775171736,1,0,0,42.844158087230575,3,0
110.74910519607691,15,5.0189628972640135,1,0,0,17.06893330530178,5,0
179.09796955208046,16,2.431735146938609,2,0,1,48.13310683995408,3,0
251.04497688918133,13,6.80033867149816,1,0,0,93.23490236706658,7,0
56.60773125510212,17,5.887449934707755,2,0,0,202.26122358047508,2,0
33.70049772245917,10,7.792875990999795,1,0,0,364.4260112208795,5,0
268.85697520634017,6,5.104666772509799,1,1,0,21.422905589145692,2,0
34.6003672801806,16,4.972923652638263,2,0,0,70.57062859752462,1,0
145.32943681168882,13,5.558781000501591,2,1,0,71.31222683000632,1,0
232.18314123391616,18,5.173990601094632,1,0,0,50.34122066166044,3,0
3001.0118945834784,3,1927.8259565511928,3,1,1,58.033214601056194,15,1
809.3432709082136,6,1.84366862692947,1,0,0,47.54844188698611,1,0
125.75392919227167,18,3.033074228554458,1,0,0,226.4695442974409,4,0
118.98786650501903,9,1.6260009994279407,1,0,1,131.48865092290754,2,0
36.65434657669139,14,1.0145228037186118,1,0,0,40.17032108991764,0,0
364.85004260014904,21,7.714366209530549,2,0,0,92.9848829214148,3,0
298.04572777574714,16,7.516735028451102,2,0,0,75.2763848679669,3,0
653.5835991746574,16,2.5016682819792857,1,0,0,132.53721312114115,3,0
65.6010400539428,20,4.151215144076547,1,0,1,63.2335589098476,4,0
143.51572295672483,12,1.735657058239941,1,1,0,11.73404309234642,7,0
159.67297434283364,6,0.2589882289521479,2,0,0,104.24888892242883,1,0
298.9911301631325,7,1.4121782420425812,1,0,0,69.07264757992891,5,0
142.33281954340544,19,3.6353286475231266,2,0,0,39.54480979016243,3,0
145.83449972956822,14,18.521158285630435,1,0,0,104.13509198824816,3,0
40.205679588465195,9,5.266848253756432,2,1,0,158.1008330421822,3,0
152.01215915333597,20,3.4143578316389354,2,0,0,219.46625823429997,3,0
88.31216085429404,14,3.376360329509401,1,0,0,107.16086094475288,6,0
108.3062202088178,14,5.958610765459609,1,0,0,39.06223843553,2,0
37.188558369366,17,2.434459855547444,1,0,0,97.7148417836333,3,0
728.5776965533049,17,2.28106937792584,2,0,0,17.700442167837632,1,0
26.332828749385364,17,2.409838312471108,2,0,1,110.78493314653285,5,0
257.43680962455556,17,1.5174993178058924,1,0,0,173.25940396959516,2,0
30.20677085066079,6,10.169062751623354,1,0,0,109.47976448159952,5,0
69.0571900851561,6,2.7003499927809282,1,0,0,99.03947643776861,2,0
67.17589924571269,15,13.087641598764106,1,0,0,182.54188841356336,2,0
119.76770497706123,18,6.500060094277194,1,0,0,15.678395647803068,4,0
79.3192702113254,11,1.429048014879035,1,0,0,53.70175939075382,2,0
12.161312815648202,6,3.9607219303786234,1,0,0,122.14899774365927,6,0
383.58076541572444,5,134.41486921131107,4,0,1,44.00054179064931,20,1
207.1677728000449,22,2.9642685221350993,2,0,0,61.81501807591355,4,0
20.763877314593636,15,17.935091314541253,2,0,0,61.09408764585148,5,0
335.03217624444255,16,1.1846750580134848,1,1,0,119.00848984821673,0,0
70.97421790807071,12,4.636552303075722,1,0,0,143.17192802957456,3,0
40.086359208359234,20,5.301327407697983,1,0,0,33.18542338839723,0,0
32.35429493124927,22,0.598764985952362,1,0,0,65.61183249013885,3,0
67.48876408871931,15,0.3983946844065142,1,0,0,124.85710551356601,3,0
9.461269827275709,6,12.205317882900852,1,0,0,67.29336224603873,3,0
2117.0338974836495,12,3.1040318019706077,1,0,0,172.6247670350693,2,0
2.2515856662785647,18,0.24974733718076125,1,0,0,307.7567092432134,2,0
97.95684100750337,12,1.5760126425335284,1,0,0,251.77615329274178,4,0
547.6160664213202,9,2.1758339518138725,2,0,0,61.61960726369491,2,0
133.72741790627126,7,17.392635769091754,1,1,0,8.274665645079766,7,0
258.26489194639737,12,4.561187141781769,1,0,0,37.71684318339374,0,0
1088.095281620963,19,2.5640709058966413,1,0,0,318.9795719149918,4,0
75.74488108793285,6,9.578272345821063,1,0,0,59.92382555370754,3,0
288.0585482918891,13,0.07039566286243545,1,0,0,80.84708594849863,5,0
53.29868195492644,7,3.5950179437028367,2,1,0,139.5173164813959,2,0
132.18494917140006,15,1.0744253912151565,1,0,0,100.64609459073017,2,0
440.7364934065158,18,2.4539731995486536,1,0,0,628.6168750932756,5,0
974.2944146476174,20,16.63379917955515,1,0,0,222.4330072600676,3,0
206.2623774018593,17,23.726275919053954,2,1,0,133.52138682588938,2,0
252.215392362055,13,3.452923694178795,1,0,0,25.286030317572713,6,0
7.840448075566611,6,0.5589546004396015,1,1,0,52.904842526906734,3,0
60.089964076698145,19,5.772315384551217,1,0,0,136.33026835938793,4,0
143.816784777571,6,4.697519267733421,1,0,0,38.310828696212475,5,0
46.854630671234965,11,3.189521791558929,2,0,0,80.47586681698127,0,0
304.9911916693369,7,10.322760299225472,1,0,0,30.580321540416648,3,0
14.317482982831716,12,0.3223764771080969,1,0,0,123.01334255951336,1,0
120.70529983844574,19,6.155058747630536,1,0,0,139.60491764602887,2,0
9.800260046104231,13,6.577014655217573,1,0,0,35.18843998881784,3,0
26.06094188335375,6,3.3721505838251464,2,0,1,242.84452272341017,2,0
49.92628412542746,7,2.835095851645393,1,0,0,170.2028085139736,5,0
216.31035094394448,12,4.458052632908437,2,0,0,30.897878146935792,4,0
86.59630134466943,14,3.2172363495829304,1,1,0,26.09507775201285,4,0
27.6539414519314,17,7.945048969574113,2,0,0,274.9989583170244,2,0
49.78726135312371,8,4.165494130339986,1,1,0,32.10717753694577,2,0
178.4753466430313,9,5.527169884355158,1,0,0,20.949245527069017,1,0
285.31400432200746,11,3.6460803666560917,1,1,0,99.76495635763541,2,0
50.49063642588774,13,3.4670056490195083,1,0,0,46.29708406757765,5,0
69.22350549177348,13,4.6794321863854185,1,0,0,640.6193114358043,2,0
108.8076469695665,11,7.340954857638806,1,1,0,57.490768579487884,6,0
135.40262614046182,6,29.27632733183699,1,0,0,154.22785214354832,5,0
132.90228744819677,6,4.103013627499549,1,0,0,442.80227565632674,2,0
31.934622071077122,8,2.0671415352028695,1,0,0,93.54826548047264,3,0
36.21070932608445,15,6.673428294795585,2,0,0,195.41164263505115,0,0
163.56790386109225,12,6.512967490616502,2,0,0,38.907088264849065,2,0
52.826147216781536,7,24.32501372156195,1,0,0,20.858140667050602,4,0
32.97367238405708,13,2.002188862748092,1,0,0,36.48761014170271,3,0
26.85690787983266,11,3.700240516372392,2,0,0,219.04296453699956,0,0
32.273527636047106,14,15.306674263698877,2,0,0,94.32077128756426,4,0
232.65441042290695,16,6.157578328956848,1,0,0,274.07654150469284,4,0
161.8538554914449,19,10.129451218921773,1,0,0,45.27500529051071,4,0
123.27832338651085,6,9.46307635721553,1,0,0,98.89441745937661,3,0
62.92355354702104,16,2.9440101530073672,2,0,0,196.64393611694027,2,0
523.8409589867007,13,15.70857551407514,1,0,0,30.812981734955205,3,0
75.930266837466,21,0.24739346444809024,2,0,0,66.43649356453047,1,0
117.58090513871835,10,1.5638211463220495,1,0,0,364.88216833723976,3,0
51.114226784061096,21,2.5466386222600046,1,0,0,26.04525000112458,3,0
440.9538971817791,21,7.696201435694783,1,1,0,61.83647807741809,2,0
59.595864363140365,7,2.83051029640999,1,0,0,51.37285902524986,1,0
252.044172895949,16,5.234099252297948,2,0,0,38.83808335778911,2,0
56.05618785969877,16,7.055146830082269,2,0,0,312.8151729240617,2,0
36.54792160339795,16,1.1286304351842997,2,0,0,30.133129877919714,2,0
49.52715683055238,9,0.9082128975553876,1,0,0,47.630069966173025,3,0
350.47788165592107,13,0.4162920928407928,2,0,0,432.1804971820109,6,0
237.33133446888542,10,5.309175085201316,1,0,0,300.19035033487035,4,0
49.94327529081974,17,16.47850576060253,1,0,0,71.42121697964775,2,0
32.47061937742827,12,2.1028754998204278,2,0,0,230.30705432251293,7,0
396.21649580237226,18,4.165344894559298,1,0,0,24.878086362080637,2,0
138.23677123414726,16,11.282748661659987,1,0,0,36.73883227600892,3,0
289.31319556448955,6,4.877356591973957,1,0,0,160.081097538698,3,0
18.038651574906954,16,6.5648575238189055,2,0,0,28.98509877857664,3,0
237.79580843518997,10,0.8555706883898151,1,1,0,13.17257006041735,4,0
35.72074446244542,9,1.9641575462053362,1,0,0,41.489128760931344,2,0
296.2150926452665,17,2.7107212811776242,1,0,0,70.17033743625868,8,0
697.0535211712308,6,5.7219721989352585,2,0,0,26.90087425539268,1,0
84.97704854966784,17,4.249354364343739,2,0,0,139.677282613277,3,0
78.45706130363754,12,5.8206257597412,1,0,0,36.44639178688709,2,0
74.41528184699423,11,0.6760375721608008,1,0,0,74.31644772145079,6,0
404.2174457370284,21,8.366498179717354,2,0,0,45.7859536028747,3,0
75.41851278322777,8,8.964503866769464,1,0,0,268.6212627880963,1,0
10.710942747744681,15,2.948314249469013,1,0,0,72.00647889347555,1,0
115.51306999744445,16,0.7327890420535887,1,1,0,32.5721020540483,3,0
16.278278428431477,7,10.544106894727982,2,0,0,224.24839219113633,4,0
15.237411191936136,16,2.7777824112505627,1,0,0,70.74473945596372,4,0
324.6196965003111,3,510.7052484458522,5,1,1,65.8660440409839,16,1
161.4068482649878,19,2.035937513823353,1,0,0,59.42417164312455,4,0
314.92873095735786,12,1.6076097522054256,1,0,0,9.596794430378518,2,0
69.40533583720479,13,7.6864667007724705,1,0,0,47.12053011901392,3,0
8.198225362735366,8,8.381472254500151,2,0,0,128.74960374637962,2,0
305.2202647670571,15,0.6505996562697304,2,0,0,165.06075567243113,1,0
104.27971201873424,10,1.4688662150832656,1,0,0,40.10943849337007,3,0
114.58557627867326,6,7.45910615402877,1,0,0,37.07066295608785,3,0
296.21652288559017,13,0.5135341923430644,2,0,0,117.47759204609147,4,0
24.462840122923723,17,20.148713435517397,1,0,0,140.31268542789076,1,0
332.1141739225184,11,1.264412962614292,1,0,0,144.8600570962286,1,0
91.95613305083488,20,1.1091009807152072,2,0,0,162.45870892976018,0,0
198.67348414269028,6,2.0873563476196857,1,0,0,26.510341369769503,4,0
5.296094752762259,9,0.09678857499815431,1,0,0,82.92826845392193,3,0
100.53795495772319,17,0.15780427045689469,1,1,0,48.1670606494445,3,0
59.65075797103654,17,3.1859589895486984,1,0,0,103.47864773662124,5,0
39.41581874674052,16,3.5995964496919424,1,0,0,46.48407971704261,3,0
200.08519507632363,3,429.09269343761576,2,1,0,68.26054142439054,6,1
675.3797399985717,19,5.16406982856373,1,0,0,120.94387159251518,3,0
20.786965729427436,22,0.08598790182372157,2,1,0,147.12395858891884,2,0
21.627851013002687,8,1.3269887557462,2,0,0,341.877338289194,3,0
109.36995246470667,9,2.3805910645116564,2,0,0,121.75480363895679,3,0
39.42904798667995,19,3.4397868680381216,1,0,0,117.77186526728303,8,0
115.95071591652045,22,2.285517191417181,1,0,0,160.41751644379872,1,0
355.05450631605635,21,1.1796132489732574,1,0,0,44.779182351007165,6,0
142.89405395860265,8,9.394355482032408,1,0,0,59.674611801049814,4,0
34.465323572136285,14,2.4106488283116763,1,0,0,43.30433488636895,0,0
49.029943740916806,8,4.479101680088027,2,1,0,163.4625741953221,3,0
51.14204870184375,7,5.047821666781918,1,0,0,70.80897180834276,7,0
10.961104567628645,12,13.348386807206513,1,0,0,64.97442779988134,2,0
37.789246479079715,17,2.1317503714877377,2,0,0,116.09701075223592,3,0
80.3885656256342,15,6.585544025146662,2,0,0,171.7195160462555,2,0
51.95924833140034,8,3.8962707905980434,1,0,0,34.26703539301841,4,0
65.13649903843933,21,1.599253708644559,1,0,0,145.4078071385258,2,0
39.404814658224176,9,0.2372082975100142,1,0,0,86.08283052578307,3,0
376.58813786629065,11,0.41031570339069856,2,0,0,43.34568662731755,6,0
208.66591540490995,9,13.18862030616842,1,0,0,40.385751602730465,6,0
49.82060289191526,7,9.388756479725332,1,1,0,75.88496212965991,3,0
161.726106078998,12,1.0229149222950795,1,0,0,98.15999848378802,1,0
43.88426285683339,7,7.189542705319253,1,0,0,33.47113221467835,0,0
436.8422499070476,9,1.3348239206971821,1,0,0,65.23520931856325,2,0
337.8841955258257,9,7.366578898645427,1,0,0,16.696712874640177,5,0
38.66156838271546,21,16.701386618846744,1,0,0,113.23952764664614,3,0
48.98460652820563,13,3.242824345821988,1,0,0,141.3306054654017,3,0
107.6294938748034,8,1.997535815401417,2,0,0,183.2591105082117,3,0
17.853496764026733,12,0.614650144505012,2,0,0,91.24895277937149,3,0
130.36526839199846,15,3.052397287062144,1,0,0,49.894900457770206,1,0
66.43831819090069,8,1.0236159544291887,1,0,0,47.603203114548535,4,0
419.0694116506067,16,12.166229904820627,1,0,0,82.17777820072705,3,0
7.158000511119529,14,9.414663372014306,1,0,0,30.641881527252362,1,0
58.422367064580214,18,0.09824449327755869,1,0,0,375.94944445022713,2,0
515.357794800204,11,1.755432353976113,1,0,0,154.7013087399055,2,0
52.23244500816114,7,7.433332498601512,1,1,0,42.92674577117434,5,0
33.13856691510573,6,6.62434281057825,1,0,0,36.532528400502244,3,0
104.3573157667495,10,0.9126871740316274,2,1,0,79.07044992563713,4,0
296.24092081451386,17,1.945112137553967,2,0,0,107.49715135949123,1,0
25.326801808431718,8,2.9472909501941995,1,0,0,219.59494042325142,2,0
46.92934187715322,6,0.15557387556027283,2,0,0,86.64257604370867,4,0
136.4334344926589,18,7.403456090818774,1,0,0,178.23199252007066,1,0
68.2454417460624,10,0.8500885426607827,1,0,0,35.50496079614491,4,0
625.736276668546,8,15.160046363071002,1,0,1,36.13463618834652,4,0
194.06772898824158,15,8.859597326752995,1,0,0,34.681846866564875,5,0
143.51362557490262,10,1.6900120932625229,1,0,0,105.19335843982557,5,0
323.3921952136831,8,12.773304060297395,1,0,0,103.40917487752361,1,0
209.95266570057456,21,4.254225514743481,1,0,0,81.22477024879088,4,0
146.16451717744744,20,12.76920062112401,1,1,0,21.21742309429394,4,0
99.66238597407754,8,4.6328780213669445,1,0,0,53.437050657809095,3,0
452.85990789003193,6,1.9157191082315945,1,0,0,145.9814644177814,2,0
344.7163349714739,12,7.133422428316033,1,0,0,53.64834815712396,3,0
163.8749000001839,20,1.2261937412227712,2,0,0,94.3245996127011,3,0
47.57274512053803,13,1.0747889255306253,2,0,0,61.09410353016604,5,0
324.5141508353359,2,285.68246296656645,2,1,1,21.279698780050484,11,1
87.96591799200633,20,9.44921802881227,1,1,0,48.899822421868684,0,0
61.157859623464276,18,9.433054609164481,1,0,0,37.91006745587013,3,0
46.16493113602196,22,7.15177282615022,1,0,0,200.98790254441226,3,0
144.49394803628093,8,4.829628104197535,1,0,0,54.760855788175284,2,0
82.59344402413582,15,0.7727955566532194,2,0,0,73.7885623691575,5,0
182.76742140585506,16,22.589616617685383,1,0,0,224.2332705325434,2,0
474.81794039784523,17,9.22053330192343,1,0,0,60.93295001939057,5,0
84.31752790972527,11,7.838886008730732,1,0,0,168.3750983368281,2,0
222.8600859105532,18,7.376122241918869,2,0,0,190.65400776018083,1,0
40.29895072568856,22,12.490437407536152,1,0,0,889.0750516658853,3,0
109.40722451509286,8,1.5348705999933285,1,1,0,94.44894632397745,2,0
82.11783563391795,21,3.384968500763936,1,0,0,24.795375004944628,5,0
129.87835038669897,6,1.6162673820181228,1,0,0,55.23763898321643,2,0
106.31987175775095,19,7.988078225336658,2,0,0,69.92921379311962,3,0
20.02443225300264,12,2.0233772164421646,1,0,0,38.14475506516454,5,0
153.60200878207914,22,1.0849483871291057,2,0,0,133.31335688589803,3,0
517.7973265474997,10,4.702352885607795,2,0,0,43.34974435876016,3,0
262.59437992395505,6,8.287541635701201,1,0,0,37.05939546802257,1,0
157.0987710282492,17,14.081183451847313,1,0,0,8.294755271809018,3,0
57.17453367905835,7,7.1137082264248805,1,0,0,86.73848295576374,5,0
75.48149795620702,22,2.610795586297937,1,0,0,18.596771986697604,4,0
97.69294626568012,16,3.3940811498664862,2,0,0,30.990544961899797,2,0
394.67865349917327,13,3.3568499935405423,1,0,0,114.17204138208425,0,0
16.434335106474958,8,2.9255479405034164,2,0,0,81.95851280858803,3,0
449.2494522459109,21,9.36870052779866,2,0,1,47.82035112718655,3,0
103.64615058617528,11,2.121797009629407,2,0,0,24.288474187167743,4,0
141.72736246645084,7,6.074294866704953,1,0,0,26.48592104217941,4,0
71.82217345877744,12,6.344352159773846,1,0,0,110.78884747214327,0,0
260.56534988984043,10,1.4896283763722757,2,0,0,36.221257712953246,4,0
43.50443227029095,22,6.310865300282723,1,0,0,118.3829788038549,2,0
116.61612010766086,18,10.81800659823333,1,0,0,18.790155640606855,3,0
113.37499969200356,13,0.7437223798620587,1,0,0,43.56742752098922,3,0
475.1986048600103,12,7.026370234419322,2,0,0,58.36560589549389,2,0
85.947683756478,7,1.9161178906724998,1,0,0,120.31746936983096,5,0
77.97735088765009,15,0.7440128059019799,1,0,0,162.5817371948951,1,0
164.44567425609534,7,4.601166584354371,1,0,0,156.74387581065972,8,0
246.26570139424015,12,5.945405836775257,1,0,0,118.09438435566422,4,0
47.61533083415,9,5.704017431952711,1,0,0,177.20542308055911,2,0
64.66439724774969,6,6.683117024866872,2,0,0,75.68019145910407,3,0
219.2160410733454,9,2.2154809155248354,1,0,0,59.530670419461686,1,0
139.3952170885821,15,2.4425551508035075,2,1,0,45.32122860213758,2,0
130.2250070345788,11,2.6523492766139665,1,0,0,53.73955377931003,2,0
10.455303974834036,18,0.5497705974712881,1,0,0,371.19929534381276,3,0
33.63159489906342,22,12.60503036834999,1,0,0,47.98414158637456,4,0
45.88828677168233,15,7.714347774880389,2,0,0,202.55340997747564,1,0
85.73270272082112,18,3.134345500041875,2,0,0,28.608444356527016,2,0
43.04574103488811,11,2.820816416560523,1,0,0,181.46666193260515,2,0
1702.637235549142,0,90.61694479643766,3,1,0,40.65610019130208,12,1
67.07138462426691,11,3.5541815670537003,1,0,0,60.497467252308056,1,0
37.30942256372488,13,8.606079712517671,2,0,0,181.90110188746092,2,0
385.2298761911783,10,7.198513192723964,1,0,0,124.32203187759349,7,0
122.86792416128812,6,0.7549463310941618,1,0,0,69.91800467005001,2,0
40.210571492491205,8,9.160043514537824,1,0,0,109.46281177966375,4,0
153.77011807726532,11,7.295243311643597,1,1,0,17.26861477402092,1,0
31.092409663997987,13,0.5455163999715114,1,0,0,52.67235228988726,1,0
27.952855830814045,18,7.564800354632807,1,0,0,72.80273024979613,4,0
35.94079554889955,14,4.589518924101871,1,0,0,59.884815722657024,5,0
60.73754883257049,14,0.9573144724509891,1,0,0,65.88789238636093,1,0
43.44685114523419,7,2.057470052512904,1,0,0,34.98845189898114,3,0
33.62824413038021,18,0.11538259173002535,1,0,0,48.14959671689203,3,0
90.22332053271313,22,9.568545471754643,1,0,0,116.02795262836491,1,0
26.422986630207962,6,1.96725935365455,2,0,0,40.707008368476394,2,0
205.03292663283605,17,9.331718401415609,2,0,0,145.89380073058692,2,0
37.68538028354593,10,4.8105742724528024,1,0,0,213.7725518588808,2,0
80.57492039350338,8,0.8240373186695049,1,1,0,148.11638163840286,3,0
63.612723469373925,19,0.892568091236966,1,0,0,42.57546905952027,3,0
718.1999294503976,13,0.19521885226732705,2,0,0,29.69667931105694,3,0
19.77178427991867,20,5.657106106168244,1,0,0,84.05100800098673,2,0
323.2583544897713,15,7.396428572013827,1,0,0,207.27770916247948,2,0
211.96025789165807,6,3.1713060216363473,1,0,0,151.61148694825627,2,0
83.5590931738199,18,5.507991558915567,2,0,0,134.83410995909352,3,0
120.14844296549612,15,3.267355846970454,1,0,0,177.61896821686088,2,0
117.81633646191642,17,6.23025250124142,2,0,0,87.17353673912909,1,0
9.741799284509193,14,5.1903344238174,2,0,0,395.1460559610331,3,0
28.39768758134803,15,0.4543607278116158,2,0,1,17.896029126607505,1,0
23.05670529124682,15,3.4225157038942973,1,0,0,26.393310821489333,4,0
44.93813961929807,9,5.010091168925118,1,0,0,22.84078181917989,1,0
185.76660247952887,15,10.895859875363564,1,0,0,389.3319803162624,2,0
312.1326563650232,17,1.4525567828771522,2,0,0,117.43077007861984,3,0
35.16263692516087,8,5.515061632980009,2,0,0,227.0221284926843,1,0
40.35518846168476,20,2.146227356314821,1,0,0,208.9661779355714,5,0
12.851682204653635,17,18.856013389892684,1,0,0,14.618355256288616,2,0
67.70259476813331,14,4.221940346210617,1,0,0,56.84918458583563,4,0
6.483560784161598,16,3.7954435665005537,1,0,0,98.58576059541309,4,0
480.33915789839295,21,3.038592989137769,1,0,0,219.37888893540688,4,0
1164.543610112324,16,3.0676010945516157,1,0,0,157.17359188092263,1,0
97.70918397417118,17,15.296802682565557,1,1,0,148.45981666181274,3,0
419.0255591470106,15,6.624066241065202,1,0,0,100.43246563007929,2,0
187.28660249166762,7,5.897102442127928,1,0,0,70.41822553040032,4,0
24.034890767159,19,22.114507847603146,1,0,0,202.4549354440337,1,0
25.240541187613815,13,1.4309730730109018,1,0,0,14.384520354948314,1,0
33.082037306498364,20,9.75776401882439,1,0,0,24.865255767856752,2,0
140.1904885723844,19,2.9384714891026213,2,1,1,101.50984824129006,5,0
47.56947657570243,12,3.5348416762160446,2,0,0,71.81825694258029,2,0
148.27902696836424,7,5.4281547204923495,1,1,0,129.59170809889432,3,0
150.44754184085792,18,0.39143071019098585,1,0,0,52.20683657153687,3,0
178.01921423845965,18,1.9123888635150679,1,0,0,120.29023685126148,8,0
46.62633201060004,7,9.305121527411458,1,0,0,68.60392010843768,2,0
105.77344999048992,16,4.6529539084759355,1,0,0,30.001796453860536,6,0
289.2006645010078,22,1.2925055222030761,1,0,0,189.88156384828707,2,0
113.87886541424129,20,8.853997698427591,2,0,0,34.1601509332775,2,0
18.76534343740958,6,9.091021769152766,2,0,0,181.45434164489086,2,0
270.8967797482587,20,10.467398506317696,1,0,0,300.711426854625,4,0
34.772110032524886,22,3.5737337449174045,1,0,0,103.20833344659519,1,0
348.4356789075468,12,1.2443704797885007,1,0,0,87.38375149381123,5,0
13.694804856038555,9,1.6730972812717573,2,0,0,65.382138031783,6,0
184.88942471675466,7,16.267569277477673,1,0,0,92.92175849391235,3,0
38.06301966431563,14,9.839126466030987,2,0,0,35.40063224683039,1,0
393.81417087188566,11,3.526746108983103,2,0,0,345.81952905015555,3,0
154.2779726362471,14,0.2994857447645359,1,0,0,42.1353258626964,2,0
113.37622906418356,12,0.06254107435610007,1,1,0,173.26326675077675,1,0
13.605297909487648,9,4.905766310853081,2,0,0,297.3015059748337,4,0
79.86840762387715,22,0.6436158797515203,1,0,0,209.30577353893062,1,0
54.53081159085175,18,2.2089631178157485,1,0,0,388.66291956915137,1,0
215.39150555785878,18,1.5618404063934757,2,0,0,175.5578676667238,1,0
66.44906236886268,11,0.7879057877994753,2,0,0,48.01996149493896,4,0
35.722003938329415,17,0.4062057257782191,1,0,0,32.1695962570475,2,0
56.682585736198256,9,6.6483344039944035,1,0,0,13.801407982268092,5,0
43.15866460215668,6,2.2580272226921947,2,0,0,263.5443719767467,6,0
204.36860540733778,20,8.901919921396868,1,0,0,27.246896596834073,3,0
189.9216017428069,20,4.793084637256381,1,0,0,30.416153952766898,4,0
191.99995724346783,8,1.42572121842773,1,0,0,227.04317101034863,2,0
14.24215767347545,11,19.312709587991662,1,1,0,171.51199111384693,4,0
205.7863779950698,7,7.203873617480358,1,0,0,21.678998365713447,1,0
46.78049904448171,10,0.07348651505220741,1,0,0,186.83632620239527,5,0
171.72432343504735,17,8.593362675892521,1,1,0,53.643333851330006,1,0
107.92392924603364,14,0.18353297237827731,2,0,0,49.17158046157794,7,0
570.5706475322647,14,7.036410548339816,1,0,1,58.90504247370579,0,0
158.3450106806304,15,0.33368382512202743,1,0,0,98.14929074339736,4,0
70.10215149738725,21,11.45017398717454,1,0,0,126.60281372566945,6,0
80.85208559847838,21,1.8664179726175445,1,0,0,236.27175095336483,6,0
73.67381336921576,9,1.41074914580123,1,0,0,148.09160902167505,2,0
145.4198854570246,11,5.007673722265959,1,0,0,89.76810768543186,1,0
104.38535833692458,17,6.6166400525363676,1,0,0,17.305214693962782,2,0
32.567565553034676,20,1.619984837590244,1,0,0,59.629073980464675,1,0
239.6692251780778,9,2.9714538863104862,1,0,0,197.33757591978517,4,0
113.53312424691286,19,9.389286641657238,1,0,0,94.47284110756219,2,0
74.66628839342076,14,22.321455223838868,1,0,0,140.76067711736766,3,0
240.12262144918247,8,1.9214738942795146,1,0,0,237.73536584776218,0,0
730.5855882134797,1,751.8919254254314,5,1,1,315.96974394276475,11,1
82.10863745128262,19,3.764752994693874,1,1,0,153.03546467803224,3,0
351.47282744101307,6,6.665330059304494,1,0,0,25.220478602042537,3,0
22.425974361908214,21,6.375104720772376,1,0,0,132.03774825848566,2,0
57.647662354592924,9,14.206845963674876,2,0,0,74.45904381319356,2,0
323.25288996933756,14,2.049659643893054,1,0,0,60.101969087475894,4,0
24.913647216175082,22,2.268018280672653,1,0,1,206.33017928059377,2,0
22.817652118094124,14,1.6388633666731276,1,0,0,196.39109730307334,7,0
99.26701027997045,16,1.8479257125591606,2,0,0,143.22265143129837,2,0
385.00667173560834,13,6.009373045414144,1,0,0,918.9707889499293,3,0
110.97987264352398,16,6.075927089357273,1,0,0,124.51148391150737,3,0
89.86296027878605,22,0.052218981847284615,2,0,0,164.47631592981426,1,0
134.28978043878016,22,0.1260955882644869,1,0,0,109.24455568439546,1,0
31.841798215829034,9,3.1554567242025575,1,0,0,83.31401118686772,3,0
64.74851071548068,15,28.840964980778672,1,0,0,405.37783145374516,4,0
12962.319269453303,0,1425.19761831516,4,1,1,19.896335177151684,20,1
105.99165397377976,8,8.80308626000098,1,0,0,74.15450769802167,6,0
333.7221451876659,22,6.693855672187952,1,0,0,112.41444113536224,2,0
35.61001769868647,13,0.8791536343577766,1,0,0,99.71763963350094,2,0
327.26113301590186,8,9.481593683432235,1,0,0,44.24538042078876,1,0
219.0179795367206,19,5.236070784330079,2,0,0,76.9195472498189,1,0
19.743539093651716,13,8.837864536672882,1,0,0,45.410073638799936,4,0
91.69046368921512,19,3.419419552763228,1,0,0,37.579675033506724,3,0
310.5307938305496,17,1.6221502562336259,1,0,0,107.71334692650998,3,0
353.5692451123537,21,4.564934964516912,2,0,0,11.288100247925026,5,0
341.2282020441046,17,7.186694404400576,1,0,0,275.7715488083427,2,0
321.4090895351763,18,1.6545534403479236,1,0,0,144.1485577617414,1,0
1516.591143276544,7,7.829280546797925,1,1,0,117.52685167355943,2,0
1540.0917134687788,0,776.3867219721951,5,1,1,72.46412777517514,14,1
38.59601504150089,21,7.546213324933946,1,0,0,40.71513681536987,2,0
159.56819916017213,9,0.25985635910488586,2,0,0,46.83066502964366,1,0
158.87269245573097,22,5.70791003180423,1,0,0,38.44503303648246,2,0
109.71835435197899,12,0.991057119009878,1,1,0,139.27241893012283,4,0
26.949847227266797,17,0.9806016256219916,1,1,0,49.70171262977885,2,0
76.67992337967425,6,4.3836950945924755,1,0,0,134.38990116021716,2,0
32.886842016123495,17,10.002643019296233,1,0,0,33.09877971304965,2,0
84.60522201340369,7,8.794394939233706,2,1,0,29.72848215324957,6,0
192.44054270500905,7,1.972555050001026,1,0,0,124.20741861835025,1,0
183.35250915241392,14,4.279601762350531,2,0,0,15.073543808773188,2,0
61.05793584981388,11,14.223431535120923,2,1,0,63.779273347369625,1,0
36.429745500390254,15,0.33758030119442195,1,0,0,25.938994914472946,0,0
87.8474188407051,18,1.2612992818661013,1,1,0,59.318108182144755,4,0
239.3369214051207,10,9.492538673211559,2,0,0,33.73890689790437,2,0
571.895392805926,13,2.5500822399086513,2,0,0,87.06250617678451,3,0
50.91548349814222,12,0.13352947014202926,1,0,0,8.982254098545226,3,0
6.657780317721291,12,0.6624173415346946,1,1,0,29.23075723735775,3,0
80.65137689491353,20,8.553893038714495,1,0,0,26.742553700185734,3,0
7.4389460559948715,12,2.7195099003211043,2,0,0,29.253451704558294,1,0
308.23870935152735,9,8.188989652863919,1,0,0,34.655761869892245,0,0
79.1586215208452,7,5.597469888885098,2,0,0,222.49609001898142,1,0
22.32048643906928,22,1.6410454562603929,1,0,0,33.51404577460977,6,0
167.19390740229528,12,3.273173078472614,1,0,0,120.107868916892,3,0
61.28975029949811,22,4.964124502934894,1,0,0,102.8936060032123,5,0
269.4732786377844,7,1.6060500575199608,1,0,0,331.23455514302066,3,0
47.78771524792859,8,5.40617734740612,2,0,0,48.526499621712546,1,0
183.5912885105979,15,7.610739729450655,1,0,0,150.9383646192028,3,0
32.58996988628361,19,0.33411648333938665,1,0,0,97.11591995879076,5,0
72.59428500766074,15,0.24068290134960216,2,0,0,97.01686737575173,2,0
1178.4971658508932,14,6.044242011088835,1,0,0,55.58933478792477,1,0
44.47770908542936,21,4.821344232706678,1,0,0,139.54792038113348,5,0
25.46309691798065,13,1.303819399797338,2,0,0,170.282247333869,1,0
11.684522836232313,11,25.688976379339373,1,0,0,69.30170370228521,1,0
54.50082325701805,15,7.0467116836510835,1,0,0,76.8867001986762,2,0
1057.0550992681628,11,0.5520070036535947,2,0,0,37.99632199398591,4,0
109.2993002325786,18,13.291349984185798,1,0,0,68.5174444123223,3,0
23.987720252379813,19,1.7497837837106147,1,0,0,46.91426456731732,4,0
167.9264017888277,7,1.5004895011712471,2,0,0,79.62485798200143,4,0
136.01714268358015,9,0.16744937780123004,1,0,0,234.50552019458203,2,0
136.65576366970996,17,4.694382159252407,2,0,0,35.09546820750168,0,0
334.18457138196743,6,2.514167460824623,2,0,0,61.55439335577494,1,0
114.81698768895792,16,1.312006082566314,2,0,0,44.14103551270607,6,0
89.28975881545698,13,4.462439182958741,1,1,0,54.98672853544653,4,0
71.47970773211273,19,3.1053425150034766,1,0,0,85.02646490153613,3,0
245.13886690889117,6,0.9705710809096896,1,0,0,174.10697854095523,4,0
1718.3063858264259,12,3.60492054245732,1,0,0,48.073039312747966,2,0
94.26210203440479,12,6.7797427801974885,1,0,0,149.43378012722349,0,0
52.02535547738602,21,4.428579954626483,1,0,0,859.9417559278031,1,0
1094.9133248412127,11,11.390860618747858,2,0,0,52.11408135408443,5,0
95.76366687740405,13,0.42164977857717245,2,0,0,94.34940249657178,2,0
98.60955332948396,15,0.5295413518197699,1,0,0,10.598214382081427,5,0
37.40247008064073,16,0.5814575774789623,2,1,0,56.03572729696826,4,0
295.478720700383,16,4.332378793271474,2,0,0,55.77098432957157,3,0
70.12956514150676,19,1.017646094797794,1,1,0,52.956320224947,4,0
39.43246532471328,10,8.514608779124824,1,0,0,348.06661838806764,2,0
104.62880594316086,8,1.4190338543989673,1,0,0,56.59461349349552,3,0
106.5539433889065,9,2.386862929910294,1,0,0,176.88351134665072,1,0
202.93020837879425,8,7.61479078220953,1,0,0,19.190195297997306,4,0
65.21434961185787,11,12.753189442185038,1,0,0,69.84123881767584,2,0
441.67842525551305,21,11.9424851639044,1,0,0,793.229350776182,3,0
52.93311323927286,16,11.497898420357544,1,0,0,103.78464069699103,1,0
113.77914723737226,10,9.227786653835615,1,0,0,13.502717515936418,3,0
109.13623003917047,6,3.4910389663759394,1,0,0,193.51292346288065,3,0
44.333481292807015,5,1824.2113123106915,3,1,0,83.71850875056049,12,1
107.35600399177032,6,0.7079542112187591,1,0,0,80.53476320645335,3,0
253.73816581152278,10,0.03443309504170169,1,0,0,54.78325272906736,4,0
212.68954376789142,22,8.88899615891524,1,0,0,37.36824599651277,3,0
168.90908868852392,11,5.277196326936634,1,0,0,95.62392573325683,0,0
362.5568385251229,9,0.65070559943915,1,0,0,32.06410637302671,4,0
135.69141181145775,15,3.7747757807642484,1,0,0,188.2279930500802,1,0
96.51556294945415,11,2.0936064270650374,1,0,1,345.2858395245337,7,0
277.3928644023189,22,1.9340936667144368,2,0,1,51.76212874209206,3,0
38.79061624921117,10,9.860368057108802,1,0,0,96.792551952503,5,0
33.427428535960956,17,0.49482536630545426,1,0,0,67.96737603941575,4,0
250.04096499031962,18,0.6418117020046139,1,0,0,220.94576270523928,5,0
100.33952707064108,20,5.203197624065011,1,0,0,130.19426970058066,7,0
132.79663664639082,10,0.1304534417198591,2,1,0,24.604363218391512,5,0
39.43714107572836,7,2.049764952525381,1,0,0,22.254534532987364,1,0
123.98838041973553,19,1.6022254214428635,2,0,0,57.00396399061875,2,0
25.928566036440113,17,3.8565238157933184,1,0,0,108.47892576981974,2,0
74.86683470741353,19,0.7654005724409407,1,1,0,24.374726397620314,4,0
94.81673145290253,22,1.345039054473654,1,0,0,43.561261022338016,5,0
21.709942829039267,18,4.620734793447055,1,0,0,121.17765511967765,3,0
69.54364105736447,7,0.41546409612213375,2,0,0,19.81721845034252,5,0
175.39936729655477,12,0.3416299874029604,2,0,0,69.89063775144565,3,0
50.505347570855555,6,2.473234423721595,2,0,0,63.20248020359604,2,0
33.96458383380014,21,1.2183672701334658,1,0,0,30.911773673159065,4,0
258.2174480988025,10,3.2376578652627472,1,0,0,109.1337194014159,6,0
193.71509101091902,20,0.5912147195886198,1,0,0,35.22209103323137,4,0
19.682171141296127,16,30.825541936067662,1,0,0,152.77420437172844,2,0
276.54518316663604,15,14.124645842211702,1,0,0,95.02384596553838,2,0
216.16603490784033,15,7.803453413275622,1,1,0,95.06640593130402,2,0
57.08451812596894,8,2.1844374568869775,1,1,0,32.14210528775718,1,0
62.207344475995626,17,3.130227391677749,1,0,0,60.83191735061854,6,0
51.547732083369525,6,6.040544696827562,1,0,0,120.88001662048558,3,0
221.8699305156024,14,1.2157231200877328,1,0,0,106.68303507516022,2,0
286.8828846213252,21,2.758291068295227,1,0,0,145.1617924979536,2,0
137.03940730885878,13,2.327710002640326,1,0,0,73.87578241721035,4,0
54.05143265848756,10,5.849644967281446,1,0,1,83.55286695912962,3,0
32.14650579621495,20,1.0969869858989678,1,0,0,61.84427269595914,3,0
122.29679826095769,8,2.0043550918643933,1,0,0,271.52417094909663,3,0
111.12641922744753,7,1.3644593138879104,2,1,0,71.01078983016062,0,0
109.22166618566946,10,3.3820462471104524,1,0,0,102.5426570227409,3,0
126.21962953797919,18,0.3146101667188805,1,0,0,184.09444346174163,4,0
40.069649560098995,18,19.483234970248347,1,0,0,67.97023613637113,2,0
15.535555506632202,21,0.9639805849495331,1,0,0,97.75167148497817,2,0
149.69626979311175,20,11.431542340381922,1,0,0,19.06791476005035,2,0
144.46514713468378,8,10.876803155692972,1,0,1,79.51086298619626,4,0
40.60681307585651,20,3.7460409382549416,1,0,0,38.406006063941646,2,0
114.77856174377986,18,5.7134079892097045,2,0,0,171.20640573532984,6,0
41.62911076121789,20,6.579646575503623,1,0,0,25.67340857416356,3,0
59.926256950554816,14,3.3836807968539113,1,0,0,59.51945616811801,5,0
41.60531995427838,20,1.426811253753577,1,0,0,128.3611019923655,3,0
144.23090991979402,16,2.6067423867387824,1,0,0,28.45217862026017,2,0
50.451666555516816,19,5.113540735018906,1,0,0,25.892660736503522,5,0
73.27065151290662,21,2.208696421011378,2,0,0,118.82436071196956,1,0
98.07055429312113,7,0.908360266561744,1,0,0,119.64479779809454,7,0
18.16921894460048,11,0.8945807266001454,2,0,0,68.24941547443227,1,0
549.6635422831575,17,18.640093879139,1,0,0,94.76276826415085,3,0
112.95944498867128,8,0.10353261691924937,1,0,0,24.274029818385905,5,0
133.67627052719266,8,4.909619286015281,1,0,0,88.20582004800379,4,0
37.986249385246026,13,22.634350453181597,2,0,0,73.91903021851664,3,0
180.58586387706237,16,1.213641676199271,2,0,0,234.2518664995694,3,0
47.004097236337095,13,0.6749092368308124,1,0,0,19.72047381281372,2,0
78.97048656444437,18,7.741644443883456,1,0,0,68.31927867645898,0,0
89.19642510327887,19,11.621028959299373,1,0,0,45.868850827403804,1,0
140.56610932058962,17,0.11043339716220932,1,0,0,249.08143874649429,4,0
23.583096963178125,11,7.379629648305649,2,0,0,48.97827450447979,4,0
102.43425539183986,14,0.9506511938645372,2,0,0,77.33753801145593,4,0
40.99408993725394,14,0.44973282533120074,1,0,0,68.2715157243126,2,0
29.607655931634977,22,7.608919406445848,1,0,0,204.12445460735069,1,0
165.9482991332134,13,3.820872155985654,1,0,0,159.28109578712164,0,0
182.3775363016878,22,8.627118918390176,2,0,0,17.668551553409607,3,0
35.43247444464065,13,52.761682021482564,1,0,0,285.77908753267286,3,0
70.72098492798091,7,1.186947466520401,1,0,0,229.68368486897782,3,0
81.27975268796374,14,5.374278669649428,1,1,0,54.579409532389,4,0
32.87804180064571,15,2.6280241213382234,1,0,0,278.17077349520633,4,0
108.26168473663027,15,6.883793212406273,1,0,0,52.214708255282176,4,0
1657.277764205517,0,196.48763560968558,2,1,1,28.48483400721463,12,1
104.73182631511996,21,6.658261329852909,1,0,0,147.24466501483906,3,0
56.697193451284825,12,9.18303982032076,1,0,0,108.21535066953234,1,0
237.35787558299515,21,3.7368904494659274,1,0,0,36.80250414236922,1,0
89.15135815509976,7,8.960818441049396,1,0,0,30.35451693615151,5,0
169.56313072211645,21,2.3128294139375987,1,0,0,199.75253481034804,2,0
110.87271237496209,7,27.505124413634366,1,0,0,222.6456675436994,4,0
55.08328170893857,6,6.930044393220279,1,1,0,51.17437388402364,3,0
232.32632356595045,8,1.2872917688244945,1,0,0,152.19567818678203,7,0
71.58739200019482,15,4.183552947971045,1,0,0,74.07353243248242,6,0
15.679646815889503,19,1.64360229851538,1,0,0,51.265778619987536,2,0
55.572386325498805,21,7.926286740024012,1,0,0,71.19608937579564,3,0
113.73430849391883,22,2.2087487612423646,1,0,0,40.75596890762769,10,0
97.69732113570909,6,3.2270530180206904,1,0,0,48.6811912712084,5,0
205.69681592679453,6,1.9944635286747685,2,0,0,52.437822303528954,3,0
29.863392339896517,22,8.675097322314343,1,1,0,140.82062651147712,3,0
44.94320721617912,20,7.81895510651432,1,0,0,26.448572189173184,2,0
213.03075088322413,6,5.417050855984465,1,0,0,36.90574170682636,4,0
142.2065253161087,21,0.1987489716166865,2,0,0,159.2676706327183,1,0
75.25683386474466,19,2.998635105700021,1,1,0,36.54358964345464,2,0
66.61277023332617,11,8.44679073205035,1,0,0,53.593050586030515,1,0
93.86859898243591,22,1.966429040222595,1,1,0,29.716142013793036,5,0
115.53915284725636,15,3.6834046420282327,1,0,0,326.8220874522643,3,0
116.41937465308585,21,5.5420816904847126,2,0,0,173.74838925187476,4,0
334.28159566956936,7,0.9545897375598834,1,0,0,85.22108018373439,2,0
430.9738815287558,2,589.5848425536465,4,1,0,31.912257274436794,9,1
89.71388425955969,13,11.191976388576435,1,1,0,70.05576454402507,3,0
97.083979566638,14,19.99561537841554,2,1,0,19.248471173478592,2,0
715.8967750445522,3,103.75184756993336,4,1,1,161.28478733775873,14,1
120.62848882492854,13,6.235061824834318,2,0,0,70.22417766697143,7,0
58.18421566644713,17,6.691191032903183,1,0,1,375.5519970128639,5,0
17.908046513045146,19,1.0764493365039192,1,0,0,115.23384860017067,3,0
28.967358966408334,8,2.43197730041039,1,0,0,67.97121236679263,4,0
355.8246641775507,16,3.846812627388034,1,0,0,44.41824089299521,5,0
77.43090461776251,16,4.637571077430671,1,0,0,362.7625292373637,1,0
122.40627274820791,12,6.406460019784705,2,0,0,85.09451614500534,0,0
49.38339860715188,16,8.325711285714785,1,0,0,63.711621260489515,2,0
57.21247395075217,21,1.0297735606036813,1,1,0,246.97209267658909,1,0
312.963068791638,19,0.27467615838179776,1,0,0,120.0702375893031,4,0
19.342257137646442,9,0.8565502599852264,1,0,0,18.88351232179636,2,0
16.022426247592648,17,7.117814228739095,1,0,0,96.04087212631141,4,0
104.2418506534361,19,7.99018014547515,1,0,0,33.724471275543536,3,0
442.03999648234424,6,2.4500921749208264,1,0,0,35.78269090238725,1,0
210.22412272191212,22,2.199558298907812,1,0,0,43.61433361473773,4,0
48.53854978081572,6,5.077279061999463,2,0,0,76.84081792865993,1,0
103.67459918856126,14,11.589039731259387,1,0,0,51.40472774330705,2,0
140.35082361542555,15,3.9053659576977133,1,0,0,37.94090663533409,2,0
198.15641377129674,13,7.4977275977769375,1,0,0,43.58165650620833,3,0
281.48181538206876,18,0.16319555977952055,1,0,0,137.7042955033702,2,0
79.58801885684524,6,2.8690704037148365,2,0,0,37.56383666398264,2,0
172.03338178035605,15,7.561354016397931,1,0,0,128.13389470154155,2,0
77.02282619882088,10,2.001042034111214,1,0,0,86.81438791476303,1,0
64.20764114259563,22,5.94240875996346,1,0,0,358.86315659556027,6,0
156.2543887216269,18,0.5047260556256737,2,0,0,36.53750382406427,2,0
256.7759635816835,18,3.0952369493676195,1,0,0,84.48314249090906,5,0
101.14736491485371,22,3.8021322764169616,2,0,1,46.64318834333159,1,0
17.089768271485557,17,9.877844124400518,2,0,0,56.661586678934405,6,0
78.38751897875133,6,1.506975723564433,1,0,0,344.18696490369274,2,0
29.218502979108273,16,3.0219771807409495,1,0,0,19.041849240477607,1,0
36.52537960337703,12,1.9692056756528293,1,0,0,149.92374923591277,3,0
66.53516520140492,21,11.30507507200755,1,0,0,187.6393266872629,3,0
55.503080080223974,6,6.94463637041037,1,0,0,178.76393022756758,2,0
31.957150031964364,20,6.920643502330406,1,0,0,36.12545980467375,2,0
33.839447994474895,18,3.618169951522614,2,0,0,27.85247818915049,5,0
178.05090455662906,15,8.664273946978065,1,0,0,98.93895350238553,6,0
46.51053567226809,18,5.826754656189658,1,1,0,81.3856279082846,6,0
306.08288109888684,22,1.4780879918666268,2,0,0,29.976508723226278,3,0
67.49772699288937,17,5.730943652430338,1,0,0,27.581038855300434,1,0
59.853455170553,17,1.8092484481152398,1,0,0,78.66493451748322,3,0
24.88837646749317,14,3.2762715658534134,1,0,0,202.86056678100266,3,0
163.85736793314138,11,2.463990565731527,1,1,0,197.11207732551878,1,0
119.67199118177858,12,3.098041463221274,2,0,0,50.33869150630887,1,0
66.82873782847132,15,1.0331709628165822,1,0,0,104.12939330363429,3,0
330.2953889997234,7,2.7368031979360286,1,0,0,441.08000811422613,4,0
96.91782305223971,7,9.159812417772724,1,0,0,150.900849577688,3,0
36.10897395175903,16,1.3036554380859087,1,0,0,39.66848549346529,5,0
26.852501472019977,12,3.0052938107143916,1,0,0,43.09528698882516,3,0
27.401235596297564,6,8.494185883096568,1,0,0,11.613923675596956,3,0
166.4915635939513,18,0.20022023002970704,1,1,0,121.81652388385784,4,0
207.88627068947048,16,3.3784897360576123,1,1,0,21.01222388485002,3,0
151.525832256585,16,3.6132599778218024,2,0,0,40.63195613648082,5,0
173.92635331235144,10,0.6188374587264404,1,1,0,152.89995680591355,2,0
46.64787834615934,13,6.0083892891979,1,0,0,54.27794393789516,1,0
400.59567335192224,15,5.626602136673734,2,0,0,51.82833014122693,2,0
69.54621278797732,17,6.42849131939964,1,1,0,88.61112698166765,5,0
91.78586002362964,8,2.01291008655603,2,0,0,25.80949487591962,3,0
1681.2117505234544,18,1.0278534209403336,1,0,0,63.73205645803738,2,0
51.775143717462946,13,1.370654332272718,1,1,0,206.57046929957176,6,0
32.76634036426181,13,2.0358473051106527,1,0,0,688.9636130436111,2,0
133.2805118031116,21,2.901115276949854,1,0,0,29.61836953333106,1,0
74.16516905333708,16,0.3456576004304857,2,0,0,46.770300999786656,3,0
61.386062261529325,15,3.7054060777735423,1,0,0,53.11425241206934,5,0
85.4127110848229,22,1.9299707266562516,2,0,0,88.49303034866287,1,0
105.6644870191689,12,7.6568234684465475,1,0,0,55.50679140675652,2,0
84.52996890643179,6,3.166868603009233,1,0,0,171.92843745098602,3,0
177.86524299312492,2,1074.669855117904,5,1,1,933.3106127996032,18,1
21.364315317984868,14,14.553084993674448,1,0,0,96.36627588272029,1,0
100.97218574765367,20,9.065519235559984,1,0,0,78.08717654356344,4,0
212.08253967363373,11,0.36773465467452476,2,0,0,42.04956647444672,7,0
243.51235127509858,18,5.29714576182919,1,0,0,112.58797210263528,4,0
33.89880232568352,12,2.193578061925937,1,0,0,41.837699473847145,2,0
97.38139639651415,21,3.688765780192606,1,0,0,90.72128901361978,0,0
67.48085779846608,13,7.047453012387102,2,0,0,63.716046966531174,2,0
58.25044914121208,12,4.289820281079725,1,0,0,123.51315121493349,3,0
26.110501185259164,21,6.173493059064406,1,1,0,43.71752613260728,2,0
13.380031111353157,14,15.325796862622628,1,0,0,60.533812084692215,2,0
123.86280111433494,18,7.9662492178557205,1,0,0,159.51431541445487,6,0
25.511161076093718,12,5.486028788407946,2,0,0,57.487797507890214,2,0
233.70477154367532,0,668.6712379762811,4,1,0,115.77143881124807,15,1
30.680240412455777,11,0.15229352590395046,1,0,0,137.92140340287744,2,0
276.8365575498052,8,6.682699371716981,2,0,0,190.8593184300055,4,0
111.50771085176046,10,5.870064911158192,1,0,1,46.38950788144919,4,0
53.66234525629857,13,3.2975123839456577,1,0,0,83.41982083051629,3,0
993.8473873643372,6,6.299647132311335,1,0,0,40.0595497660936,3,0
133.56389605661917,17,0.9313521816277797,1,0,0,47.47054549789635,2,0
121.25262644970407,17,1.5146576052999683,1,0,1,67.13663167364506,5,0
58.80602968723521,6,0.5540697545607837,1,1,0,22.10008256847036,2,0
146.5409976936092,9,13.279193605686126,1,0,0,135.94143624285948,5,0
45.95241551124666,22,1.036869277138602,1,0,0,52.492396450481515,3,0
23.790702870569476,19,19.35575538600698,1,0,0,69.22893168403081,2,0
66.86154045642978,10,7.923389671965513,2,0,0,213.24391996383943,4,0
315.17650800595845,9,1.116327913291319,1,0,0,23.365481630750516,5,0
19.383610255231986,20,8.482535983314207,1,0,0,62.17309538007762,3,0
150.6386008211249,11,1.79222800060469,1,0,0,22.468428990965254,4,0
312.1256394159424,20,2.3768874033908207,1,0,0,23.329401942325735,1,0
456.34846281735315,22,3.3505634491548,2,0,0,59.14804583265409,4,0
114.2689583897167,6,5.505474054492509,2,0,0,283.75523407416506,4,0
149.85723545410158,18,9.017352583536123,1,0,0,62.92718601253199,4,0
9.918819804523437,19,1.2992529593833164,1,0,0,374.6821527697015,3,0
65.16728839024006,13,7.157933138804862,1,0,1,53.53399306856926,3,0
46.44243251669034,10,1.4541797484608934,1,0,0,43.99779162806129,7,0
50.44460938085217,16,8.021790875192616,1,0,0,177.0334057739865,3,0
165.84786713586362,6,6.540468547113287,1,0,0,89.33862751249825,3,0
38.616668996178106,18,1.340332232844873,1,0,0,340.325292111155,6,0
212.03204554300015,16,3.228620269977288,2,0,0,65.48311767444709,7,0
477.14327677166096,3,600.8485935358924,4,1,1,106.88738088944064,18,1
54.587350653844084,13,13.282408935673509,2,0,0,82.04774061141532,4,0
30.874025561033534,15,5.32495691641532,1,1,0,81.93590254121294,8,0
31.308462575057273,11,3.6066253524308953,1,0,0,123.69870551295557,2,0
40.22438152973341,10,3.4694549847071525,2,0,0,572.1630312677471,3,0
29.31938487653702,12,15.666315355934657,1,1,0,54.53701115239815,2,0
79.31818490958645,14,1.3333552649837301,1,1,0,39.540660292823055,2,0
554.9613835854195,21,1.4719477430818617,1,0,0,34.01667488704548,3,0
127.32081169190906,22,1.8567652801489785,1,0,0,88.6765123296079,3,0
799.7372772034125,5,3865.517049426657,2,1,1,79.75660383217371,15,1
28.40790912731307,19,5.728660968832843,1,0,0,155.58024038766368,3,0
177.06333199194813,10,4.048370231131955,1,0,0,111.40695049802399,0,0
204.1342047067912,16,4.915891155157121,1,0,0,309.3728359269827,3,0
117.40353212353334,18,8.150674174420017,1,0,0,75.59432212921541,4,0
142.36426364834065,13,7.119212362478247,1,0,0,149.83492294030145,2,0
2104.970505779376,8,1.5469950445049638,1,0,0,88.47690538953555,5,0
26.129090942384277,21,2.1067554021317156,1,0,0,184.3332882537484,2,0
272.1168470680776,19,2.105708308027234,1,0,0,168.95864007695016,3,0
39.23446593147889,21,6.174249977535672,1,1,0,169.28011303185767,0,0
88.93547014069037,10,31.112737220070823,1,0,0,127.6840108371375,2,0
100.62216906626864,17,0.42358983462852884,1,1,0,143.54208130381545,0,0
287.7982165240066,17,5.676954761755279,1,0,0,135.72414214570182,1,0
31.384607975054447,17,14.640928474318201,1,0,0,209.78117148950525,1,0
90.21823984140399,17,2.2171054572866904,2,1,0,77.31037570309776,1,0
38.879706938831745,12,0.4827070161614966,2,0,0,380.6054413572099,2,0
74.2649448758871,10,6.936113934354584,2,0,0,134.33334682596592,3,0
121.01726729661878,14,2.0684046442914155,1,0,0,30.825323505609518,1,0
230.1290003265713,20,4.630085199793005,1,0,0,324.63156486295105,3,0
70.55084270269295,2,1862.269314501981,3,1,1,85.54945667985345,13,1
37.50153054269122,11,7.375336442578933,1,1,0,174.14389391700422,2,0
54.91628731564729,13,0.10043661305375194,1,0,0,84.64605586879048,3,0
122.46212137363605,7,6.942746479646976,2,0,0,166.36990546380628,4,0
50.17912097782763,16,4.163912493604864,1,0,0,81.38468355761304,4,0
67.55151521290298,9,6.1288024465753335,1,0,0,132.33468075784475,2,0
77.8762819066033,14,5.364319085447696,1,0,0,130.10878797561364,0,0
103.91652540380979,7,4.347547162564624,1,0,0,39.07508190746709,5,0
84.99585887732478,8,2.961582124986296,1,0,0,49.322305424185984,4,0
250.04357778894644,8,4.772831016941693,1,0,0,220.17068330979643,0,0
26.490330243725403,11,0.027112776237837186,1,0,0,36.4457156766537,2,0
68.72582681176034,17,0.675136842692561,1,0,0,312.2282595056764,2,0
28.316503095427965,20,5.277529954649806,1,0,0,97.977632943894,5,0
188.33781352357946,18,1.2404221355885223,2,0,1,26.522128710323784,6,0
211.53743937050874,17,2.9359200780998735,1,0,0,86.76775266490418,5,0
199.25798316594404,8,9.516992978651277,1,0,0,97.3664759695404,5,0
241.2249729281437,12,1.229214047447567,1,0,0,73.61960235190926,2,0
185.42951279240242,11,5.658000495190329,1,0,0,72.52132453323487,3,0
116.43964922967739,12,1.3495727892548295,1,0,0,30.117777346563685,3,0
132.5299318526429,9,2.0539167509487557,1,0,0,150.01130503314565,4,0
40.387328233069944,14,2.677955972545341,2,0,0,57.48723880630607,3,0
127.82090433627202,11,1.0943035334412115,1,0,0,44.63094143046127,3,0
127.4083759713284,9,1.8519385777018138,2,0,0,106.55604128503052,0,0
38.41546143995148,14,11.58693188751348,1,0,0,87.74111419719628,3,0
15.81240641145719,6,0.3308375461887256,1,0,0,20.638414015859375,5,0
191.21863770840517,22,8.22755640161637,1,0,0,60.34267418815245,4,0
170.79769658048943,6,4.370318313796984,1,1,0,239.2530489905014,1,0
21.306631567907637,15,0.4788251762002046,1,0,1,66.40225061815038,2,0
224.84294082934642,16,4.384369162697569,2,1,0,53.96672179085325,3,0
153.62362976241812,15,3.6968862686050525,1,0,0,53.01329190654412,4,0
18.825215640706237,21,1.890956948646327,2,0,0,113.25683179720401,5,0
397.61228383902653,14,9.130040974547674,1,1,0,31.886167629473608,1,0
106.32422233918123,11,4.558611812482,2,1,0,101.22447093388696,2,0
210.27808777579358,6,13.25012296813194,1,0,0,22.75565347919627,1,0
20.516365324005804,15,7.899260035076802,1,1,0,208.74441367719334,5,0
32.36920263519045,11,14.787612560130707,1,0,0,99.52172179860955,2,0
41.1303671042217,19,3.2656983002292455,1,0,0,115.71847863756385,5,0
42.49006963554483,12,0.7081466913741816,2,0,0,94.92242812423748,6,0
101.2495872957722,15,3.2520121449104473,1,0,0,44.668530173491014,1,0
304.2832929896714,13,0.5666972170436838,1,0,0,44.3223337807643,0,0
216.19248977184608,9,11.898131710727542,2,0,0,19.282839201160506,3,0
102.0256755460863,21,0.8483018314746648,1,0,0,302.1618559881661,1,0
294.19906945535524,14,3.6200200757634837,2,1,0,104.83877671392034,4,0
296.05038034748907,18,7.076033057270373,1,0,0,190.51051140818515,3,0
14.292481291822105,19,4.742357712228978,1,0,0,6.7888657263290435,3,0
11.72678410021536,20,1.0541532864008278,1,0,0,8.966504058261771,4,0
22.745467873821656,18,11.2752999430943,1,1,0,49.225970047292414,1,0
45.32914680731619,15,1.2293383562664775,1,0,0,66.37883482697748,3,0
142.94838543154336,14,5.620740567589926,2,0,0,50.27958925087227,5,0
403.53959388338177,21,1.8564788646520491,1,0,0,58.51338844852126,1,0
106.67083323817425,13,2.6999002284929254,2,0,0,68.1455859927194,2,0
55.821558582474616,15,6.543949689215044,2,0,0,87.65836915850373,2,0
767.3991380353613,20,9.172096769938358,2,0,1,71.44060380746677,2,0
204.4448740321803,9,3.7562640815113024,1,0,0,42.480145805986176,7,0
119.3471186485769,16,4.289555737215132,2,0,0,50.7057325086949,1,0
131.37374290895656,11,1.6320958661652665,1,0,0,46.32697751755013,7,0
67.08986922568438,13,2.51994163710802,1,0,0,49.14244995294192,4,0
144.81117936439333,15,1.114164232520682,1,0,0,207.2317757871941,3,0
68.94766032668349,7,3.989676154913112,1,0,0,99.11285080845335,3,0
132.3324583098173,11,2.9082671700080613,1,0,0,39.85181104733426,4,0
172.2388068714258,14,1.5153381186548451,1,0,0,127.939401085721,1,0
180.1740328917978,18,4.1975260682973605,2,0,0,48.67828118898069,5,0
58.91583839660009,11,5.602949124795379,1,0,0,36.99667211123496,3,0
99.09914136217938,20,0.8631261132494601,1,0,0,31.892536552017663,4,0
54.62812211002887,15,9.883444495357779,1,1,0,42.992096997163316,5,0
416.616634432454,1,1616.4832613358922,5,1,1,112.3856210076011,20,1
373.4365595137819,12,6.655787557278208,1,1,0,22.5707050789127,3,0
78.12712972208983,6,7.979692515814778,1,0,0,28.559213878009366,3,0
700.116635474186,8,2.3561748868390433,1,0,0,637.2840325058975,1,0
70.40448270431567,9,0.9794051630412044,2,0,0,37.33772646321482,2,0
40.07101741253795,7,1.1085129816893171,1,0,0,37.104045468115515,3,0
97.33101893340532,11,4.369572753488031,1,1,0,150.16857886241417,3,0
86.78293714369805,11,0.3437945489046397,1,0,0,25.206763369623495,2,0
137.49658295939926,14,19.69713768417008,1,0,0,50.99272572824536,1,0
198.54821096649198,20,13.186782470379697,1,0,0,136.39562915344268,1,0
321.2930066554748,12,6.019403540726688,1,1,0,80.56582934946572,3,0
120.20320349500574,12,2.4486876479990913,1,0,0,91.63189578997205,2,0
43.24869261975423,9,4.794295646186314,1,0,0,190.22099779655304,2,0
66.67774327287367,13,0.5711931056270512,1,0,0,57.21993238212895,9,0
97.47518788396245,17,6.814579617677112,2,1,0,81.30774006910202,5,0
50.72395210289374,21,8.74485601770559,1,0,0,166.50743559236818,4,0
567.826326854767,10,7.440458184339906,1,0,0,122.17710412978684,4,0
415.1948177921084,20,1.7346390435689134,1,0,0,14.189168860824566,0,0
77.5206464615493,21,2.875384252330181,1,0,0,69.05238664847616,3,0
35.894201551087036,20,1.6341957592416303,1,0,0,163.93726318897473,3,0
114.8325611220887,13,3.7215744044391057,1,0,0,48.538345636769854,2,0
109.77068600737239,15,4.562672850618257,2,0,0,206.05224814856982,4,0
16.425902765180602,14,8.903810938175017,1,0,0,14.656912073665906,1,0
103.8997577836475,7,11.571563732945048,2,0,0,11.31108768882723,3,0
226.8457201584825,19,4.094775756849402,2,1,0,22.807799866816772,5,0
29.77487824290785,7,2.0551475024623054,2,0,0,31.150628392506544,6,0
20.513607188163057,20,7.216604678319213,1,1,0,124.81762045167424,3,0
298.02221396916235,7,8.411144930288474,1,0,0,113.63207295692943,1,0
93.49779334684138,15,5.820448434697506,1,0,0,165.9077711926919,1,0
321.0365870532975,8,0.06955899175552849,1,0,0,48.41105432993912,1,0
433.71958608660503,11,2.9456745087695406,1,0,0,78.6061371765488,2,0
25.038710148513633,8,7.011254847036509,1,0,0,15.465989166672653,6,0
38.41076756652157,19,6.370194351598919,1,0,0,30.693264530182763,3,0
147.22963147776116,8,2.9485771576287503,1,0,0,139.22818670074506,4,0
74.99571852852242,10,0.656527605242817,1,0,0,80.6196595957032,0,0
24.423126712596908,19,10.94556128606074,1,0,0,114.57309503818523,1,0
47.94006422264449,22,1.8725120878264931,2,0,0,41.6025050623524,4,0
294.92899137958017,21,3.334747268743209,1,0,0,118.77678731658213,3,0
56.18693625212325,7,13.609776300315552,1,0,0,136.74643178661123,0,0
196.30322542923162,12,3.173190785917842,1,0,0,140.20541997318634,4,0
70.3628003099022,21,4.214895542990604,1,0,0,110.78238105449492,2,0
49.072544597345626,21,9.562321141761387,2,0,0,27.668120396437537,8,0
108.90758513174109,20,3.098870925876125,1,0,0,35.45052719471641,5,0
43.33860136172985,12,9.935975691088785,1,0,0,290.8298816860453,3,0
28.000446283148662,21,0.10219460313533288,2,0,0,265.41961684115563,4,0
69.42172502504829,16,0.46746423046228397,1,0,0,111.19508618776649,1,0
44.19173611663044,19,11.847101361915461,1,0,0,194.88685390124425,7,0
29.596985955846545,13,0.2047328208272267,1,0,0,158.5493956473665,4,0
22.119097384878614,7,0.5753110666170711,1,0,0,123.84435302309217,3,0
96.438561107418,18,5.912392266532544,1,1,0,37.55795950057944,4,0
217.3784311338578,17,15.131391654479039,1,0,0,106.23616950188915,1,0
38.042950534654274,15,0.3695716201949877,1,0,0,13.025363032786878,6,0
62.74217281281325,18,1.1394273481753552,1,0,0,169.22475528024427,4,0
117.83610903768148,6,8.055001680788113,2,0,0,20.404925333860614,3,0
214.7782112499318,15,1.6156764017775258,1,0,0,124.72934559855177,3,0
838.2363876399331,12,2.4309145030176587,1,0,1,64.97647287891745,5,0
510.7926848890869,13,14.672140089013128,1,0,0,346.77167197912433,4,0
76.81979140830877,18,6.757455116763013,1,1,0,165.62187717973018,1,0
182.78376592038916,6,1.082724863777963,1,0,0,75.86634448761464,1,0
17.75411766347372,8,1.1874971625660116,1,0,0,85.4116150280058,0,0
693.7252856541264,22,0.658767460924474,1,0,0,77.39708092310848,4,0
52.678032969350326,10,16.82909172735102,1,0,0,93.22572712320229,7,0
163.95262944375827,15,2.532183826097297,1,0,0,22.812233157121057,2,0
15.764779518048595,8,0.04210923120000598,1,0,0,66.37428911344652,4,0
74.51390127822347,20,1.4739606864787944,2,1,0,37.799601511788076,1,0
92.96146821562832,7,6.2230038657525375,1,0,0,40.60131563071766,2,0
160.66018778842178,6,3.134596591756682,1,0,0,64.03279089363181,4,0
10.360160200417688,20,0.34067686318783036,1,0,0,79.08730521515704,3,0
592.6395104302836,13,0.8560664647302731,2,0,0,115.35839036743867,4,0
77.9379069001339,21,1.2529860666030928,2,0,0,24.075724886842966,5,0
38.93227186716278,13,23.150560007165804,1,0,0,65.81426718773493,2,0
70.84144006066012,20,1.1492156391634454,1,0,0,83.24587005604626,4,0
73.42953580340641,22,3.4480047819432076,1,0,0,66.15064114086508,3,0
289.02937779645055,10,4.866103789385897,1,0,0,75.86179495337096,2,0
391.862402211856,1,1648.954530948595,4,0,1,111.75329272280013,14,1
66.52183991457404,7,10.179829812717555,1,0,0,705.7532895459993,2,0
79.03886602178953,11,4.174284926827933,2,0,0,73.56480948637085,3,0
81.97085942683044,15,12.335551332625293,1,0,0,36.36586919189053,6,0
16.572242684490153,22,4.815688720007509,2,0,0,105.11185573916312,7,0
22.961104193148895,19,3.9340563111824576,1,0,0,79.06287487104838,2,0
79.23759571992304,7,16.027675421613807,1,0,0,169.47762835832978,4,0
315.87601540712626,12,5.292858186351809,1,0,0,114.53920521879606,4,0
132.04835612186335,15,5.118739401268275,2,0,0,200.88377881489077,4,0
55.7658984675501,6,1.158956083222906,1,0,0,40.45844444490669,2,0
38.733377216882616,18,2.1804971363174483,2,0,0,29.88151967663594,1,0
189.64442364181397,22,1.077746150859549,1,0,0,83.58738856421043,3,0
55.30133663245945,15,4.435843862485048,1,0,0,368.33743825026903,1,0
203.73843941239528,7,21.163541558573193,2,0,0,651.285335686413,3,0
126.73598186769097,18,1.8808935653899068,2,1,0,59.77026392524995,1,0
21.095760769294486,8,12.95988986444401,2,0,0,115.10095770379377,2,0
142.45041890765762,15,0.8400230477351227,1,0,0,331.1406275977122,3,0
263.2040572740592,7,0.1728972695459309,1,0,0,253.93536068988976,3,0
115.6412643218972,13,2.3960451054332195,2,0,0,166.72595606796537,2,0
81.82114879438429,7,10.242864817676885,1,1,0,135.25274689950558,3,0
320.87939178705165,10,9.113518383081598,1,0,0,34.839364288781496,2,0
54.1555143159967,14,15.798158248412033,1,0,0,294.64431564656655,6,0
125.09916949353851,10,5.696476149810757,1,0,0,62.65230038732691,2,0
254.3232432635063,10,6.844930528024992,1,0,0,89.45797808611654,1,0
109.83158496775336,19,8.267749148557936,1,0,0,387.57842455805616,4,0
180.5789353540129,11,0.9621633175210869,1,0,0,37.6561116231771,0,0
37.60026255099307,10,5.7172214060256765,1,0,0,49.28195523579213,0,0
1263.9688248177304,11,3.2922323502993214,2,1,0,165.9164668236651,2,0
19.470344194873846,17,3.6937098201864815,1,0,0,113.28742074075069,3,0
64.93496427126207,22,2.270525954624377,2,0,0,136.33394069668023,1,0
22.291619436458696,12,0.9351609037027744,1,0,0,47.776255659461725,2,0
169.51337254096265,11,1.2667892345254097,2,0,0,193.94879785237302,2,0
52.27820585790525,18,7.13134107015194,2,0,0,307.1406450059222,2,0
165.33067627424165,7,7.762266434428703,1,0,0,83.11645663164812,1,0
287.8886197019494,15,2.6269202244319856,1,0,0,104.82899260905747,3,0
169.92024760125489,13,9.300748524612198,1,0,0,58.111281864135066,3,0
110.88481619225172,20,0.528638624338797,1,1,0,78.7258671552716,2,0
181.54340696160324,13,7.295538674706829,1,1,0,382.42510241735437,1,0
81.77727050144946,18,1.0178302317946692,1,0,0,85.27319289043524,1,0
209.16121794291848,10,0.31999443801999394,2,0,0,51.58352390590459,4,0
75.24496376234826,7,4.023115171270541,2,0,0,68.55549317927323,1,0
297.84448910810306,22,1.8045486413671834,1,0,0,107.612196918923,4,0
45.04126277241534,10,6.845137424437555,2,0,0,138.37101854797135,3,0
74.54516407164941,13,9.77970016087558,1,0,0,239.81860003960065,7,0
66.31322741710136,12,7.375657444472225,2,0,1,75.59707229543285,4,0
80.2735817581324,7,14.655863614293578,2,0,0,79.92409069903374,3,0
72.88404555139718,21,4.312697477660222,1,0,0,103.42697565436163,2,0
14.38655705001749,22,6.854790776621414,1,0,0,23.085114932776268,1,0
307.9663021668034,11,1.6892515329226252,2,0,0,373.7154207812516,4,0
115.5043966697068,17,0.9611030635410893,2,0,0,102.13968540459672,5,0
136.43204194679558,21,3.595529014497944,1,0,0,370.2921437778212,9,0
205.85730797353838,16,3.074763165594372,1,0,0,57.11069481900615,3,0
120.96626336924129,20,3.004068518682605,1,0,0,59.38262628269095,3,0
28.82280408169583,12,4.147978953407492,1,0,0,117.02422623218331,0,0
217.25291621741192,18,0.2503952468991796,1,0,0,150.11140980540486,3,0
72.71467496612262,9,15.240908731746538,2,0,0,365.23858767442584,7,0
12.43730208537224,20,5.6915880356305575,1,0,0,164.04787247009708,5,0
394.608464715763,18,4.942584045963982,2,0,0,90.92146446254978,3,0
117.57192404757176,7,1.0229755667802483,1,0,0,87.23437381432117,1,0
42.0082720089963,8,9.406449824787273,1,0,0,39.8094675442534,5,0
334.0071154871826,21,13.064452469604,1,0,0,240.4050196091669,4,0
36.573671275648245,6,2.584764800544866,1,0,0,68.44715800664231,4,0
61.03943271227756,19,7.053030181072206,1,0,0,109.93994898693687,2,0
118.28753932578513,17,0.7209314290434856,1,0,0,130.6648528398226,0,0
26.106504587036635,12,5.714842470245413,1,0,0,88.19335296759924,1,0
49.026141440013106,22,1.5183780199462549,1,0,0,129.26712798432598,3,0
71.84468072039387,9,2.5017357010872936,1,0,0,42.64485204490854,2,0
401.8361070119824,6,1.6882638348811185,2,0,0,192.41183342451686,2,0
571.6968299474312,16,5.959345329948803,1,0,0,88.6904180564088,4,0
220.7077252096475,22,5.336601891901508,1,0,0,114.06855390493357,5,0
165.52762857380563,16,0.1631041651762999,1,0,0,83.29837949016917,4,0
15.605492019927791,14,9.570643051739268,1,1,0,22.474965344372507,2,0
57.314555243521,9,3.418873512372642,1,0,0,489.049926786501,4,0
34.74659355382513,15,6.548767743220628,1,0,1,42.005051040252965,5,0
128.22296093303203,15,14.620696722079634,1,0,0,357.15644321192866,6,0
76.18657448445171,6,8.774944893297752,1,0,0,35.015694500682265,3,0
122.25812069511998,17,6.831193098824341,2,0,0,220.55831322493432,3,0
38.56580763649208,21,8.408023977562937,2,0,0,79.30263753943339,3,0
42.62940809784203,13,0.10095106540136811,1,0,0,140.96596631021816,2,0
173.77531577793042,14,8.24630373869133,1,0,0,25.95622764437582,3,0
2018.1137277798061,9,2.547470199017814,1,0,0,37.528786272835305,2,0
139.57181768783735,14,11.460572780197754,1,0,1,66.82267025197717,3,0
371.07781765347795,6,3.6935209241006435,1,0,0,44.9427042345875,1,0
54.823658650738395,7,0.23584134300673343,1,0,0,28.317567626691904,3,0
48.20629166040159,21,8.334896042979697,1,0,0,135.14788014517308,2,0
40.19019542116869,12,4.160881845642268,1,0,0,78.46339728003589,4,0
776.6025317865841,11,13.697822548054068,2,1,0,26.38054792110297,3,0
475.63075193452823,22,2.029079710818949,1,0,0,61.538563511779316,1,0
241.38097776385322,18,0.3552945155956982,1,0,0,66.40443389548331,2,0
21.474113478865686,20,15.33769647014137,1,0,0,36.85616320795229,4,0
397.94526097921505,3,841.8534724874341,4,1,1,137.24411240889958,15,1
288.5853499461395,14,6.4751876962219415,2,0,0,31.886278818495374,5,0
20.43022798348394,18,7.241387650884979,1,0,0,37.47173119499616,2,0
103.70971418997068,12,7.624618927132003,2,0,0,77.25293245144681,5,0
111.10728865192809,10,9.973727283212723,2,0,0,55.250646397332865,4,0
249.05193944064615,15,2.878811865706025,1,0,0,60.09459678338137,2,0
14.295177683951277,21,5.178534524505488,1,0,0,44.898958693178834,2,0
114.78854855658257,16,3.6422884910841073,1,0,0,22.71479870254971,3,0
10.281257549613606,12,4.93463178237361,1,0,0,234.30651758252552,3,0
46.43334401698245,19,3.253887559381583,1,0,0,153.3368041434053,3,0
262.717812638836,12,5.523747956014823,1,0,0,85.56089174721073,2,0
13.783156372410234,21,2.7916659276929985,2,0,0,254.47963873318602,3,0
32.324103026436255,16,3.8045533899362733,2,0,0,338.80533336432796,1,0
33.300468907721246,20,1.4130578651885712,1,1,0,30.418435638214408,3,0
59.781217674119944,15,5.29384747993019,1,1,0,48.59188411811816,5,0
53.20329465869725,7,3.9823426372962825,1,0,0,43.67635774456103,1,0
68.51595787217946,22,3.6232912460110986,1,0,0,18.155807907954287,3,0
68.72053777038415,7,2.2427726236904624,1,0,0,140.81914618290304,1,0
122.89233826826374,20,16.693061662560574,1,0,0,207.4447090380527,4,0
15.834567776318456,7,2.0074367900049523,1,0,0,51.43411808257091,5,0
121.32244233704317,12,0.02936756628017777,1,0,0,29.675985582785383,1,0
118.23019324051845,20,1.1313187281350356,1,0,0,34.47292506593134,2,0
44.250354962032766,6,0.07112115552534473,1,0,0,117.19247092725148,2,0
112.76521592407995,13,11.039510017689985,1,0,0,128.1636279812589,5,0
196.66410829167268,9,2.4982847896807363,1,0,0,165.97894519204317,2,0
709.258554431765,8,0.5279347017496019,2,0,0,16.151821313888778,4,0
235.6865833616033,13,12.85136561604295,1,0,0,50.67675975757976,4,0
55.27355735833695,17,0.7944387690878423,1,0,0,70.10186234822181,0,0
5.817437041425535,18,0.5406811191170104,1,1,0,78.7266652568233,3,0
123.11663277345549,13,1.6039825855628278,1,0,0,85.23763535859766,3,0
102.09475864974316,9,6.43738073844052,2,0,0,216.32294318343818,1,0
33.17157135816567,12,4.579380561223386,1,0,0,75.50494481632758,3,0
12.012367280216413,20,0.7675098443408485,1,0,0,161.63104444321516,5,0
42.556315670626496,21,1.4649029364928343,1,0,0,63.23264084162302,4,0
191.64905074413772,7,4.355204233190983,1,0,0,60.14306070655723,3,0
33.86712416524944,11,0.9193389842405111,1,1,0,111.74393570324591,3,0
254.9211225048858,9,1.9916789220958528,2,0,0,51.877069807976426,0,0
88.98652127577296,17,6.729050328300708,1,0,0,29.646744114940038,4,0
47.92041173075997,14,0.6079170962226335,1,0,0,105.8442513895314,2,0
227.6570040560404,10,1.7454270989624923,1,0,0,76.99843559748865,3,0
184.64174303787513,21,6.064919635344831,1,0,0,123.12476967656634,3,0
28.300610625429893,11,0.4229031646554137,1,0,0,55.804128568655116,4,0
40.27311965557572,8,1.5888644161214285,1,0,0,40.75620075654941,1,0
937.9100536832266,8,1.7916058730056643,1,0,0,13.44448807494962,2,0
51.09579838262996,11,12.28260158021952,1,0,0,52.12425980733607,3,0
43.94697751919569,14,7.793556173535572,1,0,0,177.22294501950753,8,0
279.4447775360457,10,14.15754343623817,2,0,0,26.31788234373887,5,0
94.10007066200065,12,3.344320096547982,2,0,0,452.7782432741969,5,0
58.162206023680376,14,2.8854243942744375,1,0,0,116.79168986879169,2,0
91.61667090806925,8,5.93778363486177,2,1,0,244.1912630438624,1,0
156.1812294525138,6,2.077813609063766,1,0,0,78.32570492803264,5,0
18.706062120292838,16,20.55829151773677,2,0,0,80.00669022317936,5,0
128.81078067701168,19,0.12740337526581244,1,0,0,296.87014924007747,7,0
83.91265021697777,6,17.678476299075232,1,0,0,82.40931799646299,1,0
1.7817566298716832,8,0.6471974677882397,1,0,0,162.44175846536848,5,0
91.34907845718661,21,0.6952096599238866,1,0,0,76.32141471972488,3,0
74.8994170044584,16,10.735733243421722,2,0,0,124.14986994129676,4,0
24.878408368152066,6,2.856983112269744,1,0,0,195.78586618072777,4,0
113.61172828917783,16,13.773982050437219,1,0,0,46.60904911277011,1,0
39.084195963105316,21,1.2160667983811633,2,0,0,53.867544838423825,2,0
15.43997375264973,9,1.666955191520654,1,0,0,347.9418151768104,1,0
294.1198811369753,8,17.512143078671517,2,0,0,45.89800695504533,1,0
821.3767484907378,0,582.9524488636757,5,1,0,50.564328544288735,12,1
62.84729588517839,18,1.961255183448423,1,0,0,79.63526145185622,1,0
43.19938250237946,8,10.726869859198647,1,0,0,82.31816739844028,5,0
148.54934425952413,17,0.67732693023917,1,0,0,90.90712960326901,4,0
81.7263384519186,13,11.766402472576441,1,0,0,26.307517721818478,3,0
17.62867356649882,8,5.041190492868778,1,0,0,75.92590621902818,4,0
31.664329849366336,9,0.4365851313773048,2,0,0,57.04322930977537,3,0
26.28860784529089,13,0.9193882127134755,1,0,0,96.01854302179082,3,0
716.2882500039825,15,3.04617352959622,1,0,0,180.3328772935391,2,0
59.53324159863564,19,2.8511979701249324,1,0,0,47.67305254877279,5,0
13.69252128179932,20,3.0847445589475564,1,0,0,184.83225214048258,3,0
209.31483574949587,21,3.2597841603954567,2,0,0,161.96133110341856,3,0
95.60548663031594,10,7.7529708879444,1,0,0,288.530039487462,3,0
173.36580291089186,15,4.744106398248232,1,0,0,65.19969423222909,4,0
105.43442812497939,7,5.884391502906803,2,0,0,32.22556815410555,3,0
39.05127382170359,20,8.36963924259229,1,0,0,35.088154079977386,5,0
164.55543438344074,21,0.4648835386636221,2,0,0,185.5453924722596,1,0
82.87098294700007,9,5.153081611944328,1,0,0,117.49038862256435,4,0
76.72683386470403,6,0.7844190668567828,1,0,0,74.4627823831489,2,0
16.053681321993068,13,12.17366321967785,1,0,0,58.17148034634977,1,0
81.41213002627522,15,2.7862812467317397,1,0,0,45.63661610673617,3,0
66.09148941571763,18,3.6541930512925376,1,0,0,188.59885831951024,1,0
102.95546306047677,13,0.20413300506904952,1,0,0,86.97658893419172,2,0
199.32230025822955,13,8.520932550597296,1,0,0,42.831299497116234,3,0
48.314406002359796,8,2.3818800835946723,2,0,0,106.59625051903755,3,0
27.406152580557936,16,2.771180537397884,2,0,0,62.98853365222244,2,0
154.61041767120543,21,5.007914974498291,1,0,0,77.84992813792962,4,0
115.83825379430422,9,7.042096479274889,1,0,0,40.81846400381399,3,0
44.719032379267944,17,0.254649796473743,1,0,0,31.954565923902162,4,0
70.17740160302314,21,1.016989479039194,1,0,0,48.28278025131833,2,0
354.4389596554812,20,6.199713352653577,2,1,1,87.93964060588777,2,0
167.82873592484555,19,3.676044304559686,1,0,1,66.92569831401701,2,0
233.95816574357403,17,2.8895475175364544,1,0,0,123.78555715670689,1,0
39.322769474166364,21,1.2683789042705444,2,0,0,106.06976927529875,2,0
52.122273955541075,6,12.676577960274349,1,0,0,255.95727366601517,4,0
72.16517122201574,9,15.153409868798386,1,0,0,68.93497139989422,3,0
123.02384648788791,19,6.466251516698115,2,0,0,19.994534999588186,5,0
47.86680561847195,10,1.6657700761740362,1,0,0,23.950587982014593,3,0
109.73679883618775,8,0.2903404666590207,1,0,0,235.074452404385,0,0
44.643576304332996,8,5.489350757082175,1,0,0,73.36570560857785,3,0
72.63612121393108,17,5.895669092797563,1,0,0,12.366063270541892,2,0
57.189116677595386,12,12.32787030215592,1,1,0,269.5005238583558,3,0
159.5859711925367,22,5.31886540889425,1,0,0,76.79290815813765,3,0
50.5567437627301,10,2.0348720858255547,1,0,0,17.041917820023492,4,0
102.1229933126691,14,2.363437317511507,1,0,0,73.99251959445834,4,0
79.76237096015268,18,1.0826089078929266,1,0,0,103.95172750800603,4,0
100.07245294719108,16,6.3176325122002055,2,0,0,48.97291971037686,4,0
71.49298162522156,8,9.658485051597586,1,0,0,32.82206204527632,3,0
199.60492137261534,22,3.46981205808615,1,0,0,48.693188812375176,2,0
70.30357264277139,10,2.758502383114787,1,0,0,31.793952545164558,2,0
2024.1602477116173,7,9.932433675647305,1,0,0,92.24895994019685,2,0
63.66108682165568,22,4.1644602506839385,1,0,0,93.35122213706725,1,0
22.912553798644456,6,1.5820351008787434,1,0,0,71.3066110287461,2,0
39.79665069900745,12,9.30680972433796,1,0,0,109.5078724757817,8,0
144.7862627177469,16,0.921517088653482,1,0,0,50.622028909358896,2,0
97.99000251965387,18,2.0353032336750467,1,1,1,156.215435665784,4,0
199.67717292854428,13,1.05743508403524,1,0,0,40.91212394970458,3,0
208.19825493128832,21,1.151544301039319,1,0,0,150.78969046851586,4,0
106.55429548170711,11,9.225774826881256,1,0,0,57.495114285903085,3,0
50.16824562825051,18,0.26955762018875307,1,0,0,104.20612157307806,4,0
34.25229878433524,16,1.6131242050496273,2,1,0,58.44563357333383,1,0
67.01457183124974,18,20.71381324106536,1,0,0,15.803366274900768,4,0
114.9041661941479,19,5.075211773281425,2,0,0,40.700097033982814,2,0
29.172676388905902,22,1.2806427491985324,2,0,0,605.5152257723629,1,0
80.18622304314675,12,1.0242980248250364,1,0,0,45.82789837016528,4,0
86.05235430268391,13,1.7821073445987765,1,0,0,129.2653343238473,5,0
99.2533923218898,10,0.23844357171811745,2,0,0,237.68613412652434,4,0
10.450082638774864,15,2.644299422402692,1,0,0,140.99982775191518,4,0
202.35574018114727,16,0.18587397902296685,1,0,0,11.65022706170751,3,0
12.404204829229506,11,0.3520289703299861,1,0,0,19.841379107572504,2,0
316.5936392255787,6,1.1936826440922808,2,0,0,95.51781183956373,0,0
147.1441555646964,20,3.3691070822882176,2,0,0,239.79931900345397,4,0
40.82232368475046,12,9.832933440350871,1,0,0,79.25000555719242,2,0
91.1793680115802,9,12.77136533386429,1,0,0,157.92236266301265,5,0
108.38487832401646,12,0.04790176591355079,1,0,1,121.76324989076099,5,0
164.42810718419514,13,1.554110175517087,1,0,0,47.264677557502715,5,0
12.638034170793969,8,3.701928456589444,1,0,0,128.87044894422058,4,0
118.7108612755823,19,6.381743990450762,1,0,0,130.93757537467005,4,0
130.27429539690723,11,1.5213705822852002,1,0,0,35.59752656312168,3,0
127.2926130379322,19,6.32121146781963,1,0,0,52.41676553766348,1,0
37.00822931986624,16,3.252225895091187,1,0,0,76.44475780939659,5,0
72.06187343315538,11,0.022516859015878334,1,0,0,37.47366782349177,5,0
27.94066527219762,17,5.007690611187632,1,0,0,142.49347748975197,1,0
98.03437108765381,19,2.1465430608370544,1,0,0,51.7093319788375,4,0
137.17361395595194,14,4.276218320137949,2,0,0,86.64958208994764,1,0
34.01940370779367,13,9.761549182424332,1,0,0,209.69616862150053,5,0
67.8193881593828,17,0.41917564300131777,1,0,0,56.17841018363898,6,0
385.8445175008199,22,15.981816761653535,1,0,0,133.2772239302965,5,0
314.9899492044835,11,1.8717586457991784,1,0,0,76.32585756389888,3,0
107.61167760005137,22,5.895277357395265,2,0,0,52.63106999464982,2,0
86.43509351811532,18,3.449183621157019,1,0,0,168.4093660583983,1,0
185.24366453370652,18,11.414880128690069,2,0,0,84.898099697768,1,0
19.365038665189978,13,2.1903635485669106,1,0,0,46.08735220729395,3,0
102.51388223036585,11,6.766136692459296,1,0,0,333.3772835932557,3,0
296.70404645768974,7,4.325812431259668,1,0,0,33.479329433911296,6,0
79.9923874290214,15,8.560763048346177,1,0,0,54.75071206059362,4,0
94.49260976955077,22,6.351832849739188,1,0,0,69.00957118750996,2,0
204.80537951725847,9,1.5992074977118276,2,0,0,36.7741558014809,1,0
46.91441000543509,9,12.400311046296606,1,0,0,27.88993539552655,2,0
252.8148788173428,15,2.5447890555674837,1,0,0,59.56786284871007,6,0
220.3447179961092,11,3.8995480049945415,1,0,0,45.89985842799415,4,0
135.1106427707083,6,3.7311282905972076,2,0,0,69.47795751999651,5,0
14.864001245243225,22,3.8915429256296625,2,1,0,241.3803795675825,3,0
150.12969822964243,18,3.6831024980510296,2,0,0,636.7575506310687,2,0
45.057290458352476,11,8.330423283539334,1,0,0,18.852657533957984,4,0
55.44388540007678,17,0.9035785045836151,1,0,0,149.18354634315665,0,0
197.18579702077145,9,5.970219843681114,2,0,0,300.1450862656927,4,0
11.030274675960683,19,1.7118757745664201,1,0,0,95.49941864157185,1,0
238.84545699886735,15,10.551900154834739,1,0,1,103.42435224568314,2,0
272.6483355764691,6,15.554127302283682,1,1,0,6.08368365210188,4,0
296.4561556288434,19,5.5307696894693255,1,0,0,20.17065715472146,2,0
141.3481528497745,14,5.178149061526669,1,0,0,162.6267050647437,4,0
46.80192417236693,22,0.05577237001180784,1,0,0,66.02960153466783,1,0
68.5518219041573,10,3.128421506546491,2,0,0,69.67651581789549,7,0
39.463965520458004,15,0.3202804642175826,1,0,0,28.267693155777813,2,0
75.522910042816,19,14.117798589094004,1,0,0,50.06425481550656,4,0
203.86685856881004,18,0.6359080834136202,2,0,0,129.49918224924653,3,0
74.01107387972031,15,1.9413492024217758,1,0,0,169.01635720450847,5,0
45.60308092676877,8,0.09286484704602228,1,1,0,40.892868501002354,4,0
135.59674133253446,17,1.4939021399903083,1,0,0,183.5009499430137,0,0
54.672787765700015,11,1.793735630031171,1,0,0,85.7185362415849,2,0
22.047186348372644,10,0.9476853071420206,1,0,0,39.09313741865974,5,0
52.90980116171186,21,0.5573617017083652,2,1,0,73.70914248071642,2,0
584.6218192544586,18,12.216515509805753,1,0,0,53.54320750911686,3,0
19.132370692178988,22,3.8085941543511552,1,0,0,53.38137317391516,2,0
113.64084031902985,21,3.8056121602396056,1,0,0,151.53509705064096,2,0
18.767761323670886,13,0.6998118356651759,2,0,0,141.3994445632991,5,0
17.495976541195507,15,11.640371625562235,1,1,0,43.00229904635392,5,0
403.3068293111789,2,74.46593943640663,2,1,0,36.805309671245986,12,1
16.95554160731922,17,6.403979823306988,1,1,0,163.887296492265,2,0
197.42240143554073,16,2.126164681011975,2,0,0,85.69902692118355,3,0
72.3223889267459,22,2.0614286561492485,1,0,0,19.583482997571963,2,0
205.22417060974786,22,5.13213595797848,1,0,0,97.46761608072427,1,0
71.89049210283488,11,3.0821087679932306,2,1,0,40.06551819873107,3,0
212.63665676807227,9,1.9990149800952945,2,0,0,61.228358278481245,3,0
20.54027500327709,7,0.2169150834350819,1,0,0,40.58468021727728,1,0
102.62887487527588,6,7.398194476283058,1,0,0,152.60410343150534,3,0
14.03716579511221,19,4.425701801078815,1,0,0,49.61631991883803,0,0
78.21383221839594,13,0.0658081089138465,1,0,0,166.7151547514622,6,0
73.53837270230652,20,2.459436888399317,1,0,0,66.49171473847669,4,0
75.78941512405036,10,6.532604224735437,1,0,0,27.018462928484244,5,0
155.18602746863982,9,2.868332892583227,1,0,0,61.521612489118056,4,0
63.05863973455434,10,1.4700696818016374,1,0,0,843.1963205774895,0,0
71.70236559704418,9,9.370608111181847,2,0,0,45.76147419095995,5,0
12.450673908283584,19,0.17406804188734315,1,1,0,26.031505052308002,5,0
137.02885757700324,7,7.090629290149739,1,0,0,23.019018214993395,1,0
55.832403984011215,15,0.44976661346636226,1,0,0,152.6212687137377,3,0
109.53465034065904,15,3.61684388996822,1,0,0,75.43918289687373,5,0
35.239758924580094,12,4.294155720213216,1,0,0,272.1701089876238,3,0
978.0741541492374,3,185.70239216197123,2,1,0,75.25808323288167,9,1
236.06027342549018,13,1.8103147806220152,1,0,0,16.733909758953946,3,0
43.67743299021192,16,2.317480596908281,1,0,0,316.44505002366384,3,0
73.37100123498031,8,5.044818489616452,1,0,0,67.98156289869324,3,0
133.72959068134264,10,5.638685998416727,2,0,0,175.96480797462416,3,0
101.22313964235455,7,1.709479934505007,1,0,0,81.08022333181586,4,0
137.99181362942184,21,0.9904663908111542,1,0,0,352.7550476645576,1,0
86.37863346343514,20,2.7587773584779,1,0,0,126.71003489587183,3,0
47.3950790014663,12,2.0018044419732846,1,0,0,94.81965747639686,7,0
91.14934561668099,22,8.61319574899601,1,0,0,57.91626842029055,3,0
62.82608337104677,13,0.5034897003156915,1,0,0,339.50129073960375,4,0
36.13236787679168,14,0.045862293319804744,1,0,0,101.08472811449268,1,0
42.927381840588524,17,2.347296759781809,1,0,0,119.65918783207344,1,0
49.903173790457494,22,0.9685680208378349,1,0,0,78.28293572590671,2,0
13.876318199204329,15,6.569042194736139,1,0,0,53.24238929576667,3,0
22.19638142718393,12,3.235181285461745,1,0,0,143.93828241572882,6,0
71.0218822305338,14,14.714981810685083,1,0,0,58.0710528062269,0,0
150.8337575742623,20,0.3672048197030273,1,0,0,81.61947355691525,7,0
41.46936811503936,12,14.051730682537485,1,0,0,89.93008896048907,6,0
143.06534876346228,9,8.47555874594862,2,0,0,106.16585029723483,6,0
809.6856249460968,12,5.657153966358674,1,0,0,29.641503029597402,2,0
53.2099270869702,11,1.199987403346907,1,0,0,50.531771309236056,0,0
41.157303763210564,12,3.0593254830389087,2,0,0,24.039993500502685,4,0
187.1584346960998,18,8.592297003229058,1,0,0,43.24205422414808,3,0
213.07327582316384,19,8.832827305251827,2,0,0,103.88358006135506,2,0
26.116658352257584,9,10.632943101486807,2,0,0,24.61809900554919,0,0
171.08685050877577,3,1166.4692442767098,3,1,0,156.0586626964393,15,1
344.2871045491785,11,0.8956962962561819,1,0,0,115.16822831434429,4,0
67.45258339743141,9,1.0516413901408488,1,0,0,100.74135835703837,3,0
563.4409166275173,3,47.69951674273331,3,1,1,140.72397067954248,18,1
154.5611084075264,19,4.4543001864362735,1,0,0,89.49633508002907,5,0
43.74734466804889,6,2.0476861592821582,1,0,0,308.8433717380188,3,0
16.52751489554486,19,2.4261891419411317,1,0,0,90.97116509548499,2,0
253.6835568255793,13,4.287118083385495,1,1,0,152.01570690082457,4,0
54.178450159562324,15,7.585852314883821,2,0,0,104.6317335687416,6,0
87.86197929570807,21,1.4943523703395454,2,0,0,40.13118738991015,1,0
49.479696782277145,18,0.021481586927530466,1,0,0,57.335980765034854,1,0
252.76627829410765,11,1.4718671018651972,1,0,0,141.61195819812187,3,0
51.97906587700284,22,11.13710456729488,1,0,0,128.47697821732777,4,0
216.28692438606362,10,9.991746188836627,1,0,0,29.23511175230179,5,0
213.45739979640555,7,9.248519994723162,1,0,0,15.060038841613851,3,0
96.52500413510393,13,3.1850431246310427,1,0,0,49.77213132001809,5,0
170.4871911434385,19,5.051424453455838,1,0,0,36.89966108503049,3,0
49.11375701892122,22,1.1653898241051142,2,0,0,175.47747688729484,3,0
48.293669227787866,17,0.3630009851668561,1,0,0,92.33875533577627,1,0
65.99698166435648,18,12.162201221129049,2,0,0,117.54210628605527,4,0
554.497291699639,19,3.4981585372048682,2,0,0,221.83531870236743,5,0
88.76804854115719,16,12.797547942446135,1,0,0,13.727635845460707,5,0
243.30087026087534,17,16.179982059832042,1,0,0,78.19726721859321,4,0
149.04834971476302,15,0.6628730139390897,1,0,0,132.81262446382212,5,0
44.09803969449547,13,5.07826585564248,1,0,0,63.97571772780603,1,0
86.56157176499259,16,1.2177828725430309,1,0,0,112.30412035480794,2,0
31.0065132932949,6,1.6483132930321351,2,0,0,153.1852112738404,2,0
168.22768572466813,17,12.69292133418489,1,0,0,35.65754054258175,5,0
104.35055033050766,12,2.6022937346223216,2,0,0,71.5545215871675,6,0
95.01660471929014,17,3.759205141524931,1,1,0,83.4900393564633,2,0
380.41900464812943,16,6.478857601229016,1,0,0,55.57677977944465,5,0
38.97458887208606,20,2.8242077153883036,1,0,0,124.56687111080004,3,0
49.58005282375382,7,14.353800098975551,1,0,0,142.60883601097208,4,0
451.68189980976683,18,3.7528447637687274,1,0,0,111.73308381349698,6,0
2069.116986897859,1,233.8498317538896,2,1,1,16.042273127141716,14,1
84.04614169429546,12,6.998726518961357,2,0,0,184.78510205928984,4,0
234.51913021002682,9,3.795792233501775,2,0,0,34.290218898120365,2,0
94.86524271937104,10,5.974867398573421,2,0,0,435.89216015378196,4,0
5.182944531250525,9,1.5831530668638483,2,0,0,135.0158635165193,1,0
43.15060935948117,15,3.820474693543967,1,0,0,142.67677539311651,2,0
45.708516181686896,12,1.4297241827148068,1,0,0,109.31172010479142,3,0
109.02501989327673,21,2.158309970594135,1,0,0,28.853720528908802,4,0
29.151428042479278,20,0.3454976581609205,2,1,0,70.55045333499332,5,0
61.53118354593207,7,0.7120744200062495,1,0,0,32.42499671231028,2,0
57.322724638909826,7,10.646563683026063,1,1,0,117.6679870012817,5,0
310.188693275415,22,4.678963044128018,2,1,0,72.10899550624721,1,0
53.60968712689002,15,8.31145231168015,1,0,1,114.12436993851716,0,0
43.3397383983768,15,2.8371396523637187,1,0,0,135.78184066102406,5,0
413.49217748885394,6,6.101501889566732,1,0,0,81.81001982537558,3,0
59.27674007487221,21,0.6393035172176214,2,0,0,49.4386139488127,2,0
129.0453875490868,7,1.8904923854463154,2,1,0,363.8508992932426,6,0
34.509047768469,6,9.777429735473174,1,0,0,45.687686265366395,5,0
86.9600985460047,16,2.754441061773914,1,0,0,24.977771698412234,6,0
87.74419337642058,21,1.487078360512645,1,0,0,269.6959357051646,1,0
71.46543083063816,9,8.560433857781415,1,1,0,116.23289560326867,4,0
36.94503211143956,16,1.4593140881607054,1,0,0,137.2458023878076,5,0
36.01041076329839,16,6.80698309230944,1,0,0,68.91340937551281,4,0
50.36778063026488,11,0.8928571561637879,1,0,0,181.91878719707438,4,0
210.41927980995536,21,1.0906100347002787,1,0,0,22.67800444496347,2,0
164.92876462352746,16,5.643892154274921,1,0,0,148.69876678601614,4,0
199.9315893094988,16,3.694899270889646,1,0,0,223.05744697756472,5,0
75.91499554209317,18,5.462198363740263,2,1,0,44.48879127594787,2,0
273.39322535348595,20,3.99535420762372,1,0,0,88.16351344538282,3,0
103.40415900077753,9,1.1562577605567146,2,1,0,45.514495151859606,3,0
342.2599224395977,9,5.955932759904771,1,0,0,31.41800432633658,7,0
18.408489246750236,13,1.2113193800284572,1,0,0,51.958527697241706,4,0
36.35571651843755,13,2.288337807845563,1,0,0,63.172194032585814,5,0
24.235943474969993,21,2.091797986696809,2,1,0,175.61718124175295,4,0
29.348233272096447,13,0.37243243687243754,2,0,0,132.8471531031248,1,0
107.42800176267376,20,0.8482298579035488,1,0,0,246.00545241238564,3,0
42.693977730195954,10,6.572532410737279,1,0,0,103.08181971773854,1,0
45.90203151880997,21,2.666748620086452,1,0,0,121.56735990009702,0,0
222.67595554043032,19,3.667816571232916,1,1,0,38.06943218066261,6,0
115.52083992420091,19,9.239005859148058,1,0,0,44.39341118084155,4,0
252.31033255117515,10,1.4080738107957087,1,0,0,61.52621191620052,4,0
62.649710385682056,18,4.037204972147296,1,0,0,51.86181848272893,0,0
123.51447078303339,22,5.144123357054683,2,0,0,317.9240278218369,3,0
46.13882586302577,10,2.4605668633049365,1,0,0,103.11472391460916,2,0
221.07714313128284,12,6.485500119984353,2,0,0,34.315333093428116,3,0
204.33069131836928,12,1.7127635819999223,1,0,0,275.84859642862796,5,0
48.689393624080935,11,6.825283570150191,1,1,0,36.22153713737756,2,0
285.04529665226147,17,1.2155133226757617,1,1,0,83.09541447509443,1,0
231.27275609192512,22,1.454463501913824,1,0,0,36.55072798652739,2,0
9.336653644330129,10,0.08893727557966177,1,0,0,98.5365607698058,5,0
115.18099704310903,17,1.5584803933635925,1,0,0,129.0705978026966,1,0
265.7858884167995,13,0.9743162016348839,1,0,0,52.11520780800903,0,0
31.81996976989519,9,10.656789247480322,1,0,0,144.82696797636623,2,0
52.1911411128537,10,3.3801981030680057,2,1,0,112.18012015417061,8,0
30.536926994114555,22,1.5872921425096942,1,1,0,157.31451654629865,2,0
6372.896506158194,3,1435.239028065091,4,1,1,77.47815552232174,14,1
74.01749386550117,21,5.214967491052784,1,0,0,96.2799651034154,3,0
49.017437756487475,6,0.20053767367041925,1,0,0,167.72429213251925,2,0
65.25138656463808,9,8.510478884700243,1,0,0,210.82462286690406,5,0
112.53573728106078,15,0.4486090485867173,1,0,0,138.98142505252758,2,0
204.45420472141564,6,4.687413235998864,1,0,0,223.06259032309384,4,0
106.93855170967208,8,10.992241723141884,1,1,0,237.46042995842208,3,0
60.921811403480945,18,0.32267724343579973,1,0,0,40.01549152679911,3,0
47.61356078290822,15,0.04821936443159194,1,0,0,52.408906234765865,2,0
317.61803721508966,19,3.1973689726490013,1,0,0,265.3424799817013,7,0
20.385295605616413,22,3.967183314951665,2,1,0,74.22362272964187,9,0
95.17572428642215,17,6.109140673056233,2,0,0,162.77963333138354,1,0
39.1804458416755,13,10.432593314318215,2,0,0,100.63119845261227,2,0
129.08120162538424,11,2.421848122907951,1,0,0,18.711743259762397,3,0
215.4690076470539,8,0.32518859817979834,1,0,0,52.98915539863243,3,0
46.05723211452634,7,9.175776413009473,1,0,0,217.46308670961525,3,0
85.52118854392617,8,2.0952324185226603,2,0,0,91.03051439241527,3,0
150.02352100863422,13,3.501945237415955,1,0,0,61.99935600286597,1,0
140.90393427997984,16,1.1313272079921761,1,1,0,60.00888832818645,5,0
106.49092880339076,19,1.2917057936756173,1,0,0,150.06373790460972,2,0
18.035444722007398,8,1.8393572966208698,1,0,0,53.602517634594214,3,0
1825.5396756590635,5,764.570644648529,2,1,1,132.50656949878774,24,1
41.82664467947477,20,0.2859663081762783,1,0,0,55.61967255787195,4,0
276.4024224733503,13,17.381469253211524,1,0,0,126.99111533796719,4,0
76.3188100169176,8,2.234541834942503,2,1,0,75.67396218350133,2,0
24.627983467257266,16,1.6172576579055729,1,0,0,19.48708600444481,8,0
114.79219095283833,12,17.771565810655968,1,0,0,157.9658274571136,1,0
71.14542986151629,17,0.3386640043158567,2,1,0,67.07776865320777,1,0
304.03977170485837,14,1.0538093572637182,1,0,0,40.04604207850707,2,0
138.1287536722672,19,2.7113162015084233,1,0,0,33.908918326206454,4,0
12.977892040341734,6,6.243713487141855,1,0,0,101.9821052974991,6,0
49.20618731522035,17,26.959841972015578,1,0,0,104.20153607078139,1,0
28.340515532543357,16,8.204555480167077,2,0,0,136.5137925173555,2,0
1210.541307439353,11,3.4746898547072935,1,0,0,70.11549443793228,1,0
41.80151339927993,13,5.604687556202984,1,0,0,227.12899683205876,3,0
1468.8115272518714,11,2.9540187721411475,1,0,0,416.89331860838575,2,0
48.80160811499329,20,2.800399142843969,1,0,0,111.90492440026087,2,0
609.5299792601837,19,1.6109658730635121,1,0,0,351.0586385135456,3,0
309.76427964854815,21,0.16347824703489483,2,0,0,60.57664580774977,0,0
275.68114263655247,9,9.137711257854324,1,0,0,61.8226286063253,3,0
20.075967457719965,8,0.21890448434418122,2,0,0,229.4189207912821,2,0
84.25664052162546,13,2.4757150446861163,1,0,0,101.74813804382637,3,0
33.302915122434094,17,4.034009044682519,1,0,0,83.65853705792968,1,0
734.8907062426955,22,6.830973934348811,1,0,0,250.74676809559583,7,0
89.80100430843068,16,2.213654819641084,1,0,0,40.42525180616424,1,0
45.5816832283906,12,0.5718278738018958,1,0,0,81.82755402276982,3,0
26.49894657842312,20,5.478825468984375,1,0,0,29.67943063351258,3,0
280.8189052076451,1,467.7908563848124,2,1,1,258.02254829126093,20,1
220.22443547111638,9,19.19906600525034,1,0,0,189.62505205199315,1,0
85.81559497690397,7,0.1569519027456226,1,0,0,36.655161248101344,0,0
20.458925221979012,13,5.230280164829785,1,0,0,52.66856202370114,3,0
115.75473612090086,11,10.455354325829287,1,0,0,42.87588128576894,2,0
54.50230293232602,12,2.764437042584183,1,0,0,133.13739823871447,3,0
10.446525407259914,17,2.122313499965736,1,0,0,54.049690176288394,2,0
1330.1322654533599,6,4.567448772486346,1,1,0,214.6400367621994,5,0
215.36093328010688,12,3.0062965846940153,1,0,0,126.89237156891278,2,0
162.45841498764344,17,3.328377437828859,1,1,0,703.499159309635,4,0
49.85813396524361,8,13.031365113844853,1,0,0,57.11230861010635,3,0
74.87755536870812,11,4.312557841656441,1,0,0,75.44811245049247,1,0
26.71416273033446,6,9.287926862515697,1,0,0,98.21063779498876,2,0
48.7357279527255,17,2.643979941466852,1,1,0,153.07866243284647,1,0
26.068862778437698,7,4.185502474394103,1,0,0,54.16082088067701,2,0
189.537406055017,20,16.935814809059654,1,0,0,156.66247948501297,3,0
145.86592636159716,18,2.5537225925713747,1,1,0,137.86315420491246,1,0
104.75845506386887,13,5.483383243230373,1,0,0,87.32075110226864,5,0
257.89365518290566,15,3.653272317069379,2,1,0,15.97258027925921,5,0
476.86055544250075,20,0.9873201144977682,1,0,0,33.22563294140858,2,0
190.83079080363285,20,3.049704642252467,1,0,0,22.699917187433947,2,0
351.858453902883,15,4.280208014825293,1,0,0,215.18912368382567,1,0
121.17396272870528,8,8.13827451035838,1,1,0,34.71468636002532,3,0
4565.291774028169,9,5.200528116142831,2,0,0,501.40156058032625,1,0
27.10460373408291,19,0.6032934971471733,1,0,0,31.586489098330976,3,0
34.236697985963815,22,0.17040352403070907,1,1,0,229.2890474708917,3,0
97.63913848033057,9,5.628412297621397,1,0,0,288.79532733601025,4,0
150.93137537900122,9,9.009152476627742,2,0,0,100.14162592759929,1,0
260.84881524610716,14,9.784591398330283,1,0,0,113.90687986537314,4,0
211.2759938362709,13,4.387864442030132,2,0,0,82.64650407646006,2,0
158.89973044387574,21,1.9091611072922334,2,0,0,999.6992116095789,4,0
257.80697756794336,20,7.805068048974093,1,0,0,61.20356544291814,0,0
26.838543821409797,9,7.106268276077725,1,0,0,48.20916671733723,4,0
125.99949377032361,22,0.690815442651288,1,0,0,215.07779916109368,5,0
78.1197140785096,21,8.111574842679094,1,0,0,23.05730791946819,3,0
77.90431394161025,18,1.0144056963734058,1,0,0,52.8451136581766,3,0
570.6107769992276,10,2.2335789422229886,2,0,0,165.79391548012103,0,0
671.9638461920084,11,5.480835545184405,1,0,0,18.399198389430012,2,0
88.39945075909777,7,3.8593227839950255,1,0,0,154.96491531184503,0,0
58.3305830844839,14,0.5777346157135749,1,0,0,168.3499908460819,5,0
88.36596321607797,10,1.3635016851774575,1,0,0,18.14245764776479,2,0
1852.5889082736994,4,293.89060598498725,5,1,1,35.07957153298338,17,1
100.57325654673873,6,15.584181487160848,2,0,0,130.02677103415363,3,0
98.60528565824535,14,3.9755377298554646,1,0,0,51.83550512989306,3,0
149.2073795962465,8,2.5897660507872162,1,0,0,56.375021261073236,4,0
42.02394728788818,16,2.740042104395747,1,0,0,57.12274788897876,3,0
103.72227698698366,21,7.791091053333559,1,1,0,124.06065208269632,1,0
155.4437994561757,17,8.508762154001422,2,0,0,334.1835567812329,4,0
29.337483162184885,18,3.410080026477633,2,0,0,108.49741347076734,1,0
111.98769369604075,20,0.816281159649594,1,0,0,337.0419103343438,6,0
219.61535605258305,19,9.660735998489248,1,0,0,72.77505923408847,8,0
297.25555415114843,20,3.1407061234865203,1,0,0,46.492516438412174,4,0
627.8150362088148,8,4.739243743664178,2,0,0,264.4614460059186,2,0
85.49663953408178,9,2.0173187069802694,1,0,0,261.1347542229019,1,0
33.168962055715475,11,7.807219783992402,1,0,0,116.9718024748863,1,0
34.33760378071793,16,6.274259755567347,2,0,0,1012.4282127552548,2,0
108.03994616095864,21,0.9288080434231706,1,0,0,208.81786323050474,1,0
30.850334137053988,7,0.9629125506070001,1,0,0,94.21346429859247,3,0
86.687775769215,17,0.11276399647923332,1,0,1,89.8347097186471,2,0
153.24013469640937,17,6.703499552043244,1,0,0,96.64079704299735,3,0
97.25810370836301,21,2.4747899467619825,1,0,0,175.50379418558143,3,0
63.01210594697916,21,0.5958168696731365,1,0,0,29.294552469233768,4,0
43.81650035075843,10,5.14601281458157,1,0,0,41.30369681712602,0,0
995.669709120265,6,0.39548319855574243,1,0,0,30.27381376803856,1,0
32.85448629052872,6,0.6745702197248902,1,0,0,30.836597911932714,5,0
377.59901989836914,22,1.4658470107731358,1,0,0,198.58268192083878,3,0
95.93290697885725,11,1.746728747589907,1,0,0,223.0791826154142,5,0
124.43712335618584,5,47.33118217114949,5,0,0,94.67994099180609,13,1
22.707709916677047,21,2.724587323370077,1,0,0,349.6403621646161,4,0
92.98109693068807,20,4.4789423697647806,2,0,0,81.56964184567767,4,0
843.7650376499398,3,440.64499920583376,5,1,1,33.40206730678992,12,1
56.80891328375755,10,3.861003724237512,1,1,0,65.67792707994992,2,0
29.546153017315827,11,1.573149810207978,1,0,0,81.94752835793228,1,0
159.27193067560853,21,4.703465213015675,1,0,0,220.5699643121765,4,0
345.553548787355,11,7.519993355246245,1,0,0,156.30846610696412,1,0
38.7669224894095,21,0.7462603982213234,1,0,0,135.35458298051952,2,0
6.029426828428558,10,5.6669722309954205,1,0,0,71.59686059218379,5,0
31.75199594451203,20,1.8527408809045995,2,0,0,173.20017134736594,5,0
98.72880932501532,21,1.6628567922434923,2,0,0,38.870611081327056,1,0
202.51189905622118,8,0.9642024611296689,1,0,0,26.292918926019365,1,0
12.44079891249121,19,7.326679439645536,2,0,0,395.45893940474974,5,0
35.789289438125394,21,0.24667435745643063,1,0,1,62.576448176542804,0,0
127.15593674357497,13,9.627134211296335,1,0,0,82.26314633826912,1,0
33.104481812073786,10,0.09432645406294203,1,0,0,75.94634791280087,1,0
20.20564875618824,11,4.602590141206852,2,0,0,134.8945886484978,3,0
132.01581289323212,22,10.945453956498143,1,0,0,142.74960511539635,0,0
838.4030161167032,6,5.160580339440967,1,0,0,113.5020832961212,2,0
46.61318825821183,6,1.235035695533111,2,0,0,135.27478796394934,4,0
48.82443521187518,8,1.6420882120772484,2,0,0,36.55879807941563,2,0
66.4942020206275,6,4.964291955835705,1,1,0,53.83647407148244,4,0
32.630273969447174,20,8.549748282668691,2,0,0,66.17978582253158,5,0
120.4896282584139,6,5.924928329833156,1,0,0,21.85502183836828,4,0
125.47185386371108,9,8.875495602604039,1,0,0,13.833613101675047,5,0
90.8117282152284,10,4.449132966619961,2,0,0,58.92988074874229,4,0
139.29023866773133,12,13.832958331176625,1,0,0,51.93009209054719,5,0
166.56197860237558,12,15.402949310438785,1,0,0,37.29860153376299,2,0
192.283187541873,18,7.603676887353648,1,0,0,28.05404334023924,2,0
53.68604600551293,11,7.531736508075233,1,0,0,64.36795860790991,0,0
276.35579349215215,19,3.9742986508465004,2,0,0,121.08836830895231,0,0
89.30231029240743,14,1.5851415983363768,1,0,0,116.53323030667922,0,0
118.38133741561975,8,19.570859767688134,1,0,0,71.22829957975382,5,0
84.42097069686409,6,1.7002224491495979,1,0,0,33.18386257195147,1,0
115.3908593482207,7,14.911660788442555,2,0,0,27.082424526329586,2,0
111.47594123505674,15,1.0821074132697057,1,0,0,20.5114803463684,3,0
345.92630332584747,7,1.605611146586723,1,0,1,43.163189680247015,6,0
7.4823225213138995,15,7.15847723615545,1,0,0,85.94443777846831,4,0
125.55191389647673,7,5.2076307414294964,1,0,0,39.613377540629344,4,0
116.60239397736561,18,1.7114505043159034,1,0,0,56.207572367275105,2,0
100.57689805663888,6,0.5423602182284767,1,0,0,102.91619662106977,1,0
498.717739805516,13,2.8140588772641575,1,0,0,42.191051924760465,0,0
28.55227767124967,12,2.79111413107283,1,0,0,75.6089250969967,5,0
72.55409071083594,20,0.41397115289954883,1,0,0,56.23357204713708,2,0
95.80657829857883,20,0.38699383229382944,1,0,0,49.07495978712328,2,0
57.243256865610626,20,12.492386157753248,1,0,0,67.9860283289526,5,0
37.41296915810929,21,2.132227116505527,1,0,0,80.25894948018417,3,0
370.22480070172173,22,32.82150485550892,1,0,0,36.474618426817386,4,0
179.9745064994281,9,0.854410692031583,2,0,0,25.107319233908555,4,0
105.39987385593335,19,12.898502334533372,1,1,0,15.913678448931407,2,0
109.45152219569965,17,2.340023675803015,1,0,0,100.70415392674204,4,0
51.884401530964496,9,2.690080960754353,1,0,0,16.78992322344476,2,0
192.5613214801696,13,0.8389011444809147,1,0,0,76.85363746128698,4,0
211.56350787769284,21,5.181934753758566,1,0,0,51.05924188695864,1,0
37.85735012006257,15,7.79628343759338,1,0,1,74.54447026200955,1,0
51.46161371246832,18,6.010601155973429,2,0,0,18.51773457340036,2,0
111.36625883993682,16,2.369110744111236,1,0,0,347.42755665562754,3,0
144.8577160197078,17,4.194483133852953,1,0,0,162.25066443295748,0,0
276.30331007187704,12,4.4237948215887615,1,0,0,70.09394664662578,6,0
503.7877748819517,19,10.704931717189458,2,0,0,51.19325150257632,5,0
191.596428664656,20,2.2826883870393146,1,0,0,126.51481593319465,1,0
44.9789940590527,17,6.547001159722141,1,0,0,65.28125593533377,4,0
131.27091738713307,13,11.648512028384832,1,0,0,43.68534473457207,3,0
726.5989718570963,12,20.32567043861264,2,0,0,19.368700320018228,1,0
290.09217264748713,6,12.639885991975975,1,0,0,21.174813897826876,2,0
426.32353683309725,10,2.686680363526193,1,0,0,23.68537033697239,1,0
207.09537403176162,21,0.7923834400022858,1,0,0,31.459775727716362,4,0
28.370947927053923,21,3.870522256579153,1,0,0,81.39222287436755,2,0
23.269281752790242,18,8.918797830920175,1,0,0,50.38102547982677,4,0
11.27049422391447,15,0.030079763635840785,1,1,0,187.1817997155155,5,0
107.03768041173748,10,0.1325215042633265,1,0,0,39.11979941226731,2,0
162.80127859541042,16,5.952024616313507,2,0,0,123.38234402440854,3,0
20.022508122453008,18,2.860536344337179,1,0,0,320.7354970159175,3,0
50.52487230787932,22,6.769639048574802,1,0,0,252.21033277252658,1,0
404.8108125368882,10,2.0993218428836284,1,0,0,40.935055466361526,3,0
74.12337006132438,17,2.4422708714334567,2,0,0,83.06195869091869,5,0
253.96117617955736,18,19.55104294275102,1,0,0,102.41611215292367,2,0
119.9357106098698,20,4.1882916841728575,1,0,0,576.3224777028947,0,0
217.25220030000946,15,0.8219732687591231,1,0,0,510.53415369407327,5,0
88.2458231220625,11,1.5182309651451418,1,0,0,94.46697265077589,2,0
2149.505303047952,0,577.8921217437543,3,1,1,51.395161286955656,16,1
128.45945750891497,21,0.41768721047564306,1,0,0,29.966890578229677,4,0
215.47057364428065,16,4.38363505974681,1,0,0,67.42651097511522,5,0
35.579870147977495,12,3.772821163109272,1,0,0,117.53077828773523,3,0
75.07975366548997,11,7.931220722779544,1,0,0,144.87673020917433,4,0
208.64694162052498,10,4.420198626886748,1,0,0,27.79652392606125,2,0
206.77201017968378,12,12.549784406057016,2,0,0,67.63205878727841,3,0
85.03427208944697,13,1.3571595899340387,1,0,0,71.17885652780546,2,0
43.17479114120731,21,1.1218195316494093,1,0,0,38.64375797736702,2,0
140.9613098076135,14,0.8035762589450662,1,0,0,128.80506053329069,4,0
213.31172467142792,14,0.774032602358467,1,0,0,284.7593407762529,2,0
362.65592782199553,22,10.730800722823606,1,1,0,211.24022882733,4,0
32.98145398920525,16,12.359787246726835,2,1,0,601.2583152585121,1,0
33.25431739736322,13,4.549084854028464,1,1,0,153.03389452498246,4,0
65.48116029980119,16,2.2279980850366368,2,0,0,37.54054531924681,1,0
66.76506141280322,11,2.9360905655501606,2,0,0,50.28630164535797,1,0
88.8103125221986,11,7.339830419836975,1,0,0,42.31633273091384,0,0
608.8707835166313,13,0.7514515035276983,1,0,0,109.43386460126264,5,0
49.102805309448534,19,0.9906887899858692,2,0,0,52.637389585604275,1,0
2297.3304567768455,2,543.391334544006,5,0,0,24.014489007891324,22,1
123.78188252091758,6,18.748721332337666,1,1,0,370.05657319372307,6,0
125.55708034498461,15,1.3345319910423503,1,0,0,66.49837101493303,2,0
487.4505910707239,14,0.7515965787248697,2,0,0,39.31171637896388,5,0
45.70716319431173,15,2.2071784072605207,1,0,0,51.670510174813494,2,0
59.561070305244215,8,7.0090703166048,1,0,0,183.82685295311916,1,0
189.46266213111872,22,1.3217710515322125,1,0,0,98.81618820878221,2,0
25.79497383650648,19,8.560689201573835,1,0,0,353.25776052730845,2,0
63.75303801516654,10,6.79722921449005,2,0,0,43.94727544945451,2,0
112.81637794947109,11,11.813065392840201,1,0,0,126.72773833304663,6,0
123.90618055226805,20,8.10412140925669,2,0,0,105.60973821955803,2,0
39.57450792005252,18,3.8578416438529,2,0,0,55.93992002528051,5,0
170.69920238079698,7,2.432557728786386,1,0,0,76.81914934624739,2,0
144.95598820379385,14,5.391925789042599,2,0,0,107.26118014274495,1,0
46.26133592959378,21,2.67653893955621,1,0,0,174.31379446268704,2,0
98.05350799733216,18,5.596137727610083,1,0,0,98.90143364450506,0,0
118.7901465469452,21,1.4094265950980047,1,0,0,49.797351175649354,1,0
66.54663359578286,13,0.522901128552146,1,0,0,91.53224134445296,2,0
314.0709467017778,11,5.550786815723421,1,0,0,71.11150339116543,5,0
40.61062070631067,13,0.43577198784794224,1,0,0,170.21274311269786,6,0
17.965129713727098,6,1.858187782914893,1,0,0,331.41629714044507,7,0
452.49593999358063,14,5.956733900039558,2,0,0,76.02478085363644,1,0
28.53712767325059,15,7.265387125935013,2,1,0,227.41719816800048,2,0
140.0028198491439,18,17.33004845272928,1,0,0,35.820419225616995,2,0
153.95383003987772,11,1.8462902315910903,1,0,0,11.297433648209502,2,0
248.23355698413124,22,8.390054836761239,1,0,0,42.78403975524504,2,0
120.40933433753659,20,0.06805870473370597,1,0,0,97.31816004318618,5,0
140.65532238642933,0,232.23430247438952,5,1,1,62.068985286993716,15,1
54.44174583962533,10,10.592232833030224,1,0,0,174.64684960409326,3,0
8.33950581022912,15,0.7745563262646892,2,0,1,77.44364971441777,1,0
147.47443631535015,15,5.103926534770346,1,1,0,48.223935724454705,4,0
67.45543106765922,11,4.1324604435314765,1,0,0,57.062237247497286,6,0
36.77911503041363,12,4.8293032893923735,1,1,0,37.8902752715782,0,0
261.2234763676856,9,8.426577151907113,1,0,1,64.4023697300877,4,0
27.57513565859788,8,6.667728713750961,1,0,0,96.0691332015834,1,0
22.03183174877726,7,1.4486300688201268,2,0,0,437.9639849907391,2,0
61.09134281419845,9,0.27906181722036955,1,0,0,60.683816848101756,3,0
221.04351185214009,22,8.912300114584792,1,0,0,38.52429990012751,3,0
44.26573970546881,22,4.131694055796097,2,0,0,181.92386333401015,5,0
36.92200720851665,7,9.246105444917752,1,0,0,102.45386803240834,1,0
117.78380540189814,9,6.483668312831704,1,0,0,59.11906163944647,3,0
268.16828938674377,3,5.0904067411394225,4,1,1,62.37890584368682,18,1
55.920858059647784,7,1.7357972496899456,2,0,0,98.58507815051878,3,0
167.9064767324956,18,0.2891009505707978,2,1,0,64.58797121645028,2,0
152.98948430516222,21,3.3691753645152147,1,0,0,868.372103612122,5,0
131.15889486637528,12,15.336244098853607,2,0,0,159.6841297419236,3,0
23.73265603574299,12,16.95354240723941,1,0,0,91.23626739034859,5,0
35.787183105855625,15,25.719946906659203,1,1,0,33.43463980373025,1,0
36.52322814238768,9,0.8834323096671273,1,0,0,71.23078210719106,4,0
14.02250064418788,6,1.8499479192498929,1,0,0,53.54359072243507,4,0
1295.828091051003,15,0.7813580827192643,1,1,0,7.416281661548276,2,0
193.65539757011516,15,1.5450089266166578,2,0,0,40.650047197524266,3,0
129.12174960621402,9,1.7347464732250546,1,0,0,15.917903181749598,1,0
116.5098689250807,20,6.070387131453449,1,1,0,40.72534762116503,2,0
117.83745673479967,6,0.749665854427075,1,1,0,120.12238341378342,7,0
33.03179674740951,15,3.093962794062761,1,0,0,34.24520385955468,1,0
254.7877619815572,18,0.20265810972355802,2,0,0,117.31068622951976,2,0
26.46178888939867,14,0.6483768046196028,2,0,0,67.14155026376798,7,0
1369.1044896515134,22,3.8855154598942065,1,0,0,36.231118246549954,6,0
129.87938953675192,9,3.431693006457886,1,0,0,227.18903111742245,2,0
31.49595926802648,13,1.7645654048701356,1,0,0,35.532380721009595,4,0
51.20931091206136,22,4.955203420570307,1,0,0,48.46452257886881,3,0
72.86553601122009,19,0.4426180366966941,1,0,0,55.78001726863747,3,0
97.7085251635387,20,2.6758227229342832,1,0,0,256.2340839979416,1,0
85.02443693873101,17,5.856075437300672,1,0,0,63.38563962396862,2,0
177.3056925651007,18,2.41238407872064,2,0,0,29.274888017098032,0,0
45.3852830345644,7,4.656799986638336,1,0,0,43.05337990564621,4,0
31.420256869051848,10,1.1407346581801838,1,0,1,81.97005167029855,8,0
48.296091606559514,9,0.07205310536087665,1,0,0,296.7253013669351,5,0
88.26663715723382,16,2.707349695402076,1,0,0,50.455681678133914,3,0
16.719267682085942,16,9.180800287454856,1,0,0,97.78663598345375,1,0
156.3817194049182,17,1.785225848977752,1,0,0,72.3381759000935,6,0
165.38005546696428,21,10.177605064834705,1,0,0,38.700580215765946,1,0
69.095192736207,15,8.232259183431351,1,0,0,28.207627361892374,4,0
111.4185362605923,13,16.441357091083955,2,0,0,25.869611530749463,1,0
52.8710595031862,13,6.33456622283958,2,0,0,94.10676060173203,3,0
13.356429279360471,21,0.003745448562631126,1,0,0,40.61997068054142,1,0
921.1548663269782,2,92.13876937991097,5,1,1,42.87138676135919,10,1
25.663694608265363,21,0.5495167093975832,2,0,0,113.38258974123747,0,0
36.576634959441236,10,12.26629855986203,2,0,0,49.99803641633987,5,0
447.7965985885755,15,0.5415630617409527,1,0,0,161.71313137226335,1,0
78.30047930099862,12,0.9781461650088797,1,1,0,40.65455083592033,4,0
27.141084199503176,6,8.766589520039231,1,0,0,28.10120152748383,3,0
16.230066370815674,11,1.6079647844534857,1,0,0,64.42724379112654,4,0
57.047210107440044,10,13.989164930254718,1,0,0,27.987392719948378,3,0
26.459037780172228,19,6.754547539531513,2,0,0,152.08375298323872,5,0
149.79913903579575,10,0.43602431038618406,1,0,0,108.72940100849888,2,0
19.34463661529408,13,1.0957722536685948,2,0,0,53.20790074663946,2,0
33.78694297086492,9,5.731561164009217,1,0,0,26.96392666752117,3,0
113.98228753516322,10,3.363225653446733,2,0,0,147.02297779226961,1,0
186.26516179067846,12,1.666463631928596,1,0,0,64.48402336735651,0,0
220.28244327836677,19,2.9622361045595857,2,0,0,20.30042641842788,3,0
186.19491337573515,21,2.3141987036235854,1,0,0,29.213108637929675,3,0
118.51058699232185,18,5.123089703393968,1,0,0,120.28908175891063,3,0
659.8659022443633,6,2.3599483878015843,2,0,0,198.81987842348275,1,0
574.8404743168568,10,10.30990623434321,1,0,0,127.25324219659433,4,0
171.34323261430671,14,1.5118781646071615,1,0,0,79.44630302899529,3,0
49.12580516896939,19,3.8408832620954563,1,1,0,198.5662994872292,1,0
47.412492070750176,13,6.319364417505918,2,0,0,194.25013232520095,4,0
766.8340063713212,6,7.871095985424303,2,0,0,56.24785538309406,2,0
73.48044839524317,20,2.7673313708418332,1,0,0,231.58426419964394,2,0
142.70752321861139,18,9.856520770893308,1,0,0,30.65563790589121,1,0
15.189449416303232,17,3.6644436999017893,1,0,0,83.02780926964185,4,0
62.700654778802864,6,0.6524878817773926,2,0,0,76.76767009583806,3,0
43.19681121374349,17,3.1215746891138436,1,0,0,83.42221375995553,3,0
71.48412340902607,21,2.734292759684263,1,0,0,147.513599545679,2,0
100.98194836007413,13,12.692740695198477,1,0,0,88.1635895646369,2,0
76.38283628423008,18,1.2797920477101543,1,0,0,758.4863637147809,3,0
20.216320459717945,11,0.36786926976897893,1,0,0,73.43935128855554,0,0
95.57442437395781,15,3.4998831009149036,2,1,0,67.80044480516295,2,0
29.868834690648104,12,2.739904556680866,2,0,0,131.97684548368227,3,0
211.1932677461735,9,5.374215591837794,1,0,0,60.24205638229641,3,0
113.01221110296336,7,1.2883380769707147,1,0,0,449.55629095873104,9,0
22.4688846920865,9,1.499773359394544,2,0,0,178.5058624503373,4,0
459.0533181682651,18,1.681950640684836,2,0,0,97.98793070002631,4,0
36.827836317974736,7,14.48049932295792,1,0,0,101.10193374379023,5,0
248.44485062052047,16,0.833096428694722,1,0,0,152.45399197964952,2,0
265.59824482741874,11,2.8789491651918224,1,0,0,122.31419984993929,3,0
100.25932260734739,8,2.3108059330834747,1,0,0,73.65431754261223,6,0
536.3436207670145,15,0.8977138634616321,2,0,0,86.56915126799953,8,0
768.1185546940269,15,3.7591054841478955,1,0,0,16.23233034849506,1,0
102.05874579393033,18,1.9856935242259286,1,0,0,111.79050734787695,6,0
76.37571614292764,8,4.667579214223492,1,0,0,33.21879855961224,0,0
57.12291117161937,18,14.289176852099564,2,0,0,184.16567841095676,6,0
234.46464820381675,10,4.201055250966337,1,0,0,13.99242343021182,1,0
57.201830042052826,13,6.24040173574347,1,0,0,248.3389070656981,4,0
22.45374569040458,11,6.663604692592672,1,0,0,599.6103864303622,3,0
13.160609348959824,20,5.509542912595494,1,0,0,35.96264635595998,1,0
131.58323910895317,9,2.2888770825970384,1,0,0,69.6824073439893,0,0
877.5083737708602,15,0.6909611238013457,1,0,0,14.66341653572317,2,0
277.5636429269683,11,2.40959160991998,1,1,0,204.91334481443914,2,0
277.2103820745587,16,0.5393681435148979,1,0,0,178.38279362274133,4,0
68.37096887284669,15,8.073578446464039,1,0,0,54.62920082795134,2,0
1136.3839391053123,1,1488.0497551503756,4,1,1,51.625207146059736,14,1
147.85013913650064,17,3.001235468433277,2,0,0,57.29740258543366,2,0
98.8420870600853,8,14.392366852721068,1,0,0,114.73634726302376,6,0
161.100205709011,12,3.0012897868650374,2,0,0,119.84771800177785,2,0
1650.6472550942328,4,310.4511530324589,3,1,1,103.99232589218549,17,1
47.0225353193537,11,6.77106105532503,2,1,0,25.669975625219205,4,0
166.13054667894005,11,1.4728979536930789,2,0,0,1313.159705330653,2,0
58.60122376351448,20,2.3588990620490606,1,0,0,135.45927785293088,1,0
97.73737057851132,22,6.248671363902317,2,0,0,177.93748823213758,1,0
52.821040094944124,10,6.599411291021983,1,0,0,133.1020930161263,2,0
716.9922555448015,20,1.9165163193693444,1,0,0,30.960506801701445,2,0
103.49236026822342,15,1.2493990647706337,1,0,0,98.09055705770878,4,0
30.95597602865143,12,3.4034189959599823,2,0,0,28.4986434319723,3,0
43.17790501061472,8,12.388686767960577,2,0,0,157.16931487334907,4,0
23.382881986801298,21,6.5596495278512155,1,1,0,112.47292761155923,4,0
135.60724400694153,6,2.9104989581584384,1,0,0,47.096829865344965,1,0
176.8208470457311,10,5.362565430721985,1,0,0,73.93839938401936,3,0
72.38465785666524,20,0.25225070573150216,1,0,0,59.332837958564724,0,0
60.2350285931428,2,838.1590854166936,5,1,1,80.14204927350106,18,1
356.85696010998026,11,3.086839479990001,1,0,0,73.55775595011752,1,0
162.49623474353174,19,5.9310738187705585,2,0,0,196.16713310468984,1,0
205.62357089515072,19,0.06727872088401946,1,1,0,94.946372366495,2,0
96.98046765319249,13,3.279941254200553,1,0,0,21.0318074639083,2,0
114.00287259334155,18,20.10142361157257,2,0,0,29.544955851320346,2,0
219.12246964282397,20,0.8598420639985396,1,0,1,38.575176950964845,4,0
168.4901116547758,22,4.498923959444289,2,0,0,216.576933692721,1,0
51.92937991833377,6,6.893666397729036,1,0,0,119.42106026530949,1,0
23.24860953480238,17,19.477962636155844,1,0,0,54.12314213461165,4,0
137.13597397609632,21,2.3512876240473446,2,0,0,101.39411410400112,3,0
45.62952636958044,10,11.13303478568606,2,0,0,67.83203171978172,2,0
105.43066045051481,14,1.4034606470002942,1,0,0,60.32499438399151,4,0
220.31058793142776,22,3.3456070584024085,1,0,0,80.2081598433074,4,0
655.488261448168,20,19.359407719016247,1,0,0,122.30808527072514,0,0
106.62956559090357,21,0.8014218446574737,2,1,1,49.31484486391645,1,0
88.49923655824516,11,13.042594910119314,1,0,0,88.66882159784583,3,0
397.2802145776012,14,7.198579816207578,2,0,0,111.43797055015334,4,0
59.14382992877673,10,14.995900335503107,1,0,0,81.22356937442117,0,0
14.202627066734701,11,17.624424115130783,1,0,0,131.67552493045184,2,0
402.10385758204484,19,4.307584579072627,1,0,0,134.17210428125057,4,0
254.69374411433088,15,2.9006437519212334,1,0,0,50.86241833314132,6,0
59.435976679845965,17,6.274982016144398,2,0,0,90.58664063004954,0,0
22.873370476760535,21,2.932346718407409,1,0,0,148.74617984277234,4,0
36.00576559058256,14,0.450570014781725,2,0,0,35.0111693469376,2,0
434.4091201805186,6,7.139969581930058,1,0,0,41.43307704572851,5,0
39.02216212636644,12,2.498751345734453,1,0,0,191.81442266691212,5,0
51.77061729564412,8,5.054879024019114,1,0,0,166.77514438755728,5,0
236.0111658416906,15,7.476738472323222,1,0,0,32.91603668947197,6,0
246.20353874873115,3,895.5181575494616,5,1,0,35.725228873018786,18,1
21.46170051457751,21,3.5714844627188578,2,0,0,120.88880276448585,3,0
153.91706215298737,6,0.2667072292306865,1,0,0,25.411361495613974,1,0
45.744794310930956,20,2.733302839407174,1,0,0,33.67835162920504,2,0
159.7240267772953,14,0.8666714511087632,1,0,0,10.390114385526577,3,0
220.47762553372283,12,3.719463401284484,1,0,0,166.31365126349255,3,0
173.56524987084862,11,7.162906279297011,1,1,0,57.19603296695156,3,0
19.578426904895824,7,1.6328476492822277,1,0,0,53.254798046269634,6,0
62.36300063129178,10,13.21069557749845,1,0,0,13.56940218127641,6,0
98.11535546786361,11,1.4877781457742358,2,0,0,59.61775921685425,3,0
5205.90293586607,1,705.7583908666479,5,1,1,24.71329812949128,20,1
112.76090837218648,8,1.7380471035182805,1,0,0,221.82879066545982,3,0
41.167375155134366,13,1.3241630594452671,1,0,0,51.195339578693215,5,0
54.36398989342216,6,5.301311114497729,1,0,0,17.023136499183693,3,0
126.1513119213235,12,4.445587700784694,1,0,0,70.97664648409693,2,0
139.1491415891453,21,6.759051550163174,1,0,0,39.5206909956596,5,0
43.64154956575589,9,2.611419830452235,1,0,0,398.4683547940355,2,0
1990.734644755064,1,0.3888611395193099,5,0,1,129.09484192088448,17,1
44.57122903478295,15,2.0490774513774648,1,0,0,90.77397969316164,1,0
233.09574153881613,6,2.571812171460748,1,0,0,159.74950888581526,0,0
458.80053235332474,20,4.182235394431931,1,0,0,57.378007944985235,1,0
29.257079976716472,14,1.8846641355865446,1,0,0,96.8580046662441,5,0
42.385071730258666,7,6.474546007765303,1,0,1,263.91697385674286,3,0
19.439351513368432,11,5.486789434844353,1,0,0,105.54844438920631,1,0
39.3466083527721,17,2.0536120424928295,1,0,0,55.9255673511625,4,0
215.83561453686963,11,17.000590006177923,1,0,0,37.10119076577222,1,0
353.92838229415617,12,3.4697434331347665,1,0,0,84.66583233880918,1,0
183.02073993238284,15,1.7216912075931412,1,0,0,53.41404886500627,3,0
315.8115858260725,12,0.4350811251589394,2,0,0,80.70121087009503,2,0
129.42682036980426,22,7.291652806722024,1,0,0,69.84208808223299,4,0
55.23097404357362,14,3.2767973355331463,2,0,0,317.58095560742555,2,0
46.86991604479674,18,1.0820568967587492,1,0,0,53.061218861960526,2,0
159.01254193207026,8,2.749711966077743,2,0,0,82.71030576893041,3,0
195.86141694878447,18,2.1796069116396395,1,0,0,45.36541925169635,4,0
147.2333654388061,8,6.460996084283864,1,0,0,164.77311780343982,1,0
63.550991740264394,18,4.5577541782017255,2,0,0,88.36905277002607,1,0
57.38291507378376,20,1.3700564484972435,1,0,0,30.694196438639764,1,0
90.1952572000832,6,3.902632821165437,1,0,0,104.1900034989688,2,0
324.2918218053485,6,5.444364532631271,1,0,0,154.1962913692681,5,0
91.84672265939831,15,8.3366240262215,1,0,0,133.8772726563463,5,0
117.82269624277238,20,18.242569408590658,1,0,0,21.79877284950627,2,0
301.3782832248023,8,0.6406763012139681,1,0,0,44.99180116606203,2,0
161.46916028419471,12,0.918945708034155,1,0,0,97.78625054604737,3,0
202.17078100547542,21,0.7231316171712197,1,0,0,343.7177192274815,2,0
374.0897796875249,7,1.270841418427363,2,0,0,180.4596333132941,6,0
71.56522387683853,19,1.723395145477626,1,0,0,84.66002405807961,4,0
8.54645927507768,13,4.605482279911327,1,0,0,34.71017986680813,2,0
12.742606609930736,19,1.6410960644799077,1,0,0,77.26239201810874,3,0
431.8949682045649,13,1.2270198394151255,1,1,0,67.5154852831706,3,0
67.44694987380653,20,2.964926140238039,2,1,0,64.98410371920787,0,0
190.73266337479456,10,2.2190941566126026,1,0,0,211.01231090052954,3,0
138.5211411984895,17,1.6237355504033402,2,0,0,76.0776356657032,3,0
196.75170153173687,17,6.605196956518662,1,0,0,35.426704106972664,2,0
167.7051107713033,12,14.595301303168213,1,0,0,122.7967127629316,3,0
275.48961816059693,12,7.262021467068052,1,0,0,16.513329816897137,1,0
74.15621348481591,9,2.301686062288648,2,0,0,87.33531102081858,5,0
284.76537142494897,17,13.391797240360555,1,0,0,86.23394856004171,6,0
228.70543624666993,11,4.775026964033795,2,0,0,95.21779154029872,6,0
83.69431778713759,9,0.2548461213764215,1,1,0,69.71859919781937,4,0
48.51337588272497,9,5.506386178006558,1,0,0,141.4345814838902,2,0
129.55950789986318,9,6.428390242415585,2,0,0,83.67852850204159,4,0
115.8815844491356,7,4.106599865935719,2,0,0,122.48207291139491,6,0
190.07998769284802,17,3.8997842303419272,1,0,0,97.8075079220003,2,0
55.262170233174636,9,8.776101692117816,1,0,0,143.14160885497614,2,0
59.065275233445576,21,8.621994375933756,1,0,0,47.708761945689126,5,0
323.00791316923096,8,3.961336949334907,1,0,0,51.700419631593995,7,0
45.298986401539466,13,1.955282754644614,1,1,0,22.63318032176271,3,0
29.369378311806503,12,2.623345111969378,2,1,0,155.4827354631354,4,0
22.969697438477937,13,0.8528582965307803,1,0,0,39.685058884343086,1,0
41.27046263986554,21,0.0855753262762776,1,0,0,52.20560795277555,5,0
42.41765905370727,6,17.3403953825887,1,0,1,35.006158525018044,1,0
161.4851164921372,16,7.7481900521992495,1,0,0,55.473092441117345,4,0
23.454730765221854,7,15.325336740952768,2,1,0,52.28365568356047,2,0
23.559081174387458,18,1.544320370636094,1,0,0,264.6624985511502,3,0
319.54916696310136,9,7.161749144370378,2,0,0,89.7920894512667,5,0
40.853108062980304,7,3.046435734752044,2,0,0,51.266048789982094,5,0
128.73903364563057,9,5.057229616978263,1,1,0,94.89680181231368,4,0
186.9355900088191,17,2.250449515730301,2,0,0,42.21687507160099,3,0
136.28835394693584,21,0.9004331640256871,1,0,0,396.98449367143803,1,0
75.49860562698383,7,6.713177349681361,1,0,0,143.08199024955695,2,0
378.0730380171775,16,4.331393256747727,2,0,0,177.61092229671596,3,0
535.8866126890639,11,1.8981294955958266,2,0,0,41.99101401210108,2,0
15.55674662816618,16,4.204042541357803,2,0,0,70.48570139106982,5,0
84.16420337639117,16,1.6419201604388742,1,0,0,122.3415310722972,1,0
120.73015511669992,8,3.8431569181689857,2,0,0,19.33437598316133,6,0
52.22792301227787,14,6.167519920822392,1,1,0,61.7537831405688,4,0
23.209286920871843,6,0.3250001804881938,2,0,0,253.53513361251018,1,0
69.47436629020211,10,0.31598833736013054,1,0,0,73.83787268026443,0,0
204.95342963815068,14,7.345227439901267,2,0,0,44.098044525165804,3,0
125.69520475868975,10,3.690795871215307,2,0,0,32.447107629980614,2,0
87.51254207247189,13,4.194567430982929,1,0,0,87.10711387655634,4,0
872.5759905085813,8,19.42153812601734,2,0,0,59.70378849742625,4,0
24.55176231905093,19,11.29072561152656,1,0,0,77.48306433401109,3,0
123.07848444073582,14,0.09586956725242504,1,0,0,128.082962438077,6,0
19.754028605655233,9,0.7985775855864645,1,1,0,198.3603465586446,1,0
541.9703829334177,16,4.3175593163727175,2,0,0,67.14871760230773,2,0
183.54901883443836,20,10.3168763493365,1,0,0,61.813007974126215,4,0
25.01672069237241,17,7.355361549236087,2,0,0,237.8048505753331,3,0
98.11211626373363,10,16.649244442847817,1,0,0,157.99114300941545,3,0
144.70515130208253,12,0.5807830409314328,1,0,0,130.24969981151548,2,0
66.05274309481202,8,7.287262092622548,1,0,0,85.02371377626878,2,0
939.5086097032677,2,276.41350522064573,2,1,1,35.71246331708003,17,1
315.0850600969924,7,7.0703596916836355,1,0,0,63.02715421971598,3,0
57.69630664401204,16,6.728275814019292,2,1,0,35.97174748928205,0,0
77.71109176714367,9,3.4554600380811196,1,0,0,18.54691877124935,8,0
42.738380411318076,20,2.992017363335766,1,0,0,119.60936409360501,6,0
109.84383723007952,16,7.691951641904264,1,0,0,111.96493034520157,5,0
445.90139798209594,13,4.1790099589328245,1,0,0,37.12471320271805,0,0
219.90339740351757,8,7.108644050327079,1,0,0,369.18241809835837,3,0
134.73024079902356,14,18.45651707626683,1,1,0,36.705597735673756,2,0
411.9929457180523,11,5.891949744058956,1,0,0,14.403855714711241,5,0
130.32888173772966,8,39.931664957940775,1,0,0,108.14485256261283,1,0
338.8075032553449,19,2.2834427858777238,2,0,0,67.99732548512894,3,0
30.10615034127608,7,8.878689856979921,2,0,0,164.45173138172478,10,0
52.18597367690018,21,1.6714069415417276,2,1,0,39.68284914182174,3,0
299.9386802308885,18,1.3113749652050628,1,0,0,361.88817384111667,3,0
13.598912534100293,22,3.287555310311557,2,0,0,57.50393320745454,2,0
23.00919701412311,20,0.04821494513489001,1,0,0,56.58657112992377,3,0
26.37435627499195,7,7.008832380553729,1,0,0,93.64488023148458,6,0
141.84585107389447,11,8.469920412660345,1,1,0,62.21575990239567,2,0
219.2873923878617,7,0.20140911247522675,1,1,0,19.875490186601237,1,0
435.2305146652344,20,3.122403908899419,1,0,1,86.79483401974817,3,0
172.466183221692,18,2.0777600663029343,1,1,0,47.7899744997167,3,0
45.928905485198925,22,1.7017660850987197,2,0,0,843.4361569846005,2,0
88.78007586253116,20,15.672423078880414,2,0,0,302.7580588649916,2,0
89.38358885279183,11,9.525437404203837,1,0,0,57.672148511070674,3,0
70.70875761209243,8,0.6121282389452348,1,0,0,366.91392813155437,6,0
154.99468528876602,20,2.310394477806982,1,0,0,85.15199244148495,2,0
132.7293384468366,21,5.627946154239386,1,0,0,128.60760463126115,4,0
98.94138138903762,11,0.3094721823448981,1,0,0,62.46283212110449,1,0
93.01836952397625,14,0.3434321312269792,1,0,0,117.92492419200872,1,0
121.69858127106347,18,2.222400253105584,2,0,0,128.62696597235487,5,0
15.665612550408817,11,5.359933335653674,1,0,0,70.5546864480284,2,0
548.3136904208252,1,88.34182698498617,5,1,1,80.00174554200962,15,1
471.258658980714,22,6.039662592314592,1,0,1,81.2248392098784,4,0
82.12922946839527,9,2.303538394708299,1,0,0,70.66812183390667,2,0
28.133396261525952,8,2.6944001865321705,1,0,0,67.0529636415844,6,0
92.64220570222048,15,1.2294610113116309,1,0,0,137.35939944430055,2,0
13.096269526121938,8,4.454146806811937,1,0,0,105.78873079595435,5,0
86.06535675341784,7,2.4074895488485475,1,0,0,30.083455952750636,3,0
216.550988245177,6,11.520374438135171,2,0,0,95.87090661178343,3,0
247.35875568864373,17,1.5840175700979706,1,0,0,80.63758838753549,2,0
180.77226712373607,6,7.979786919010707,1,0,0,271.16957366851653,5,0
56.309831437566025,14,1.9194677287031148,2,0,0,44.895054203527636,2,0
16.196902646479977,9,6.111643035516882,1,0,0,30.418467589366042,1,0
26.648085457292243,18,2.10980311088296,1,0,0,77.03373937200062,3,0
214.25939621474086,17,8.464392230341065,1,1,0,31.764189978198957,6,0
271.29792521100757,22,6.904211861006374,1,0,0,48.339790425488296,1,0
177.49580729481875,21,1.156092800150527,1,0,0,167.14404968026838,4,0
290.5332172111939,21,1.9968973895281512,2,0,0,54.44493379881166,0,0
282.4104559368579,11,2.5435337235378626,1,0,0,120.16718320277103,3,0
7.323166537356178,13,0.25689993389756316,1,0,0,41.68919774071936,6,0
191.8067499188151,8,6.519993542721187,1,0,0,105.71245388722119,2,0
131.24953963230445,13,4.870178524336538,1,0,0,194.43059519986332,2,0
61.30235956521877,11,7.744236903169986,1,0,0,86.8468969137463,4,0
46.87440105817557,10,1.9689247094570053,2,0,0,32.43270945242701,4,0
54.70954290568193,9,2.7732449194517104,1,0,0,28.54914792140793,6,0
35.71018297906383,19,1.5448180697812608,1,0,0,159.60501697420472,5,0
67.23464942475673,18,0.2126105210785253,1,0,0,88.1763237652242,4,0
87.17849027423023,22,0.966780394485292,1,0,0,52.79470357059479,3,0
49.67472756382842,11,0.28806135846925834,1,0,0,47.17445053023702,3,0
272.00843213034784,15,5.647409155965253,2,0,0,36.80931249139852,5,0
148.87251990433367,9,5.565719937146092,1,0,0,48.26329289328091,3,0
44.803268578531416,19,5.690580338570595,1,0,0,8.73622321320064,3,0
160.5988784628857,12,2.9857279121912548,2,0,0,51.2119049097392,1,0
175.71091752072994,21,3.6325876030445556,1,1,0,178.95539707849358,3,0
108.8211999160712,6,2.641108870152295,1,0,0,47.54604960436096,4,0
183.96246229274456,20,7.6457487128828365,1,0,0,71.65384960989466,5,0
72.44598088227109,10,3.395330290503207,1,0,0,60.86940946670109,3,0
22.104040806614375,11,3.967983364714693,1,0,0,43.796975777377575,4,0
58.40735432804537,6,0.8359213418685795,2,0,0,80.19330679719134,3,0
98.52494838526535,15,3.8359911986789075,2,0,0,75.1195161632138,6,0
46.57019410961644,8,2.5500152148716553,1,0,0,123.13743323739136,5,0
46.39070344869911,20,0.7628738663542555,1,0,0,58.71451239591798,1,0
33.705995438546964,20,2.667759250440346,1,0,0,13.238087161873697,0,0
34.04563243703703,9,11.188097433439125,2,0,0,72.57824995022159,3,0
28.740603696237176,15,15.098261535396912,1,0,0,55.627002745945774,2,0
47.98017239528097,15,5.587980261604432,1,0,0,34.17717170356985,4,0
145.60654588434718,17,2.469891949432032,1,0,0,98.62598048101987,5,0
11.959334888077539,13,9.562274809983736,1,0,0,58.280657233232205,4,0
779.8652548772916,14,0.8142189750582478,1,1,0,118.22498740370897,4,0
27.714593971346776,12,10.19277123040406,1,0,0,30.510704522378152,6,0
163.43921337700377,14,0.7088774404360645,1,0,0,97.65343545761064,3,0
78.83572472780858,15,1.772696063664555,2,0,0,78.13101272469709,1,0
32.21154275843887,6,13.675828388791123,1,0,0,100.52915892363526,2,0
460.5453376444728,20,4.660183847958441,1,0,0,35.310980300737704,3,0
50.9503587737756,21,0.30506551794383646,1,0,0,68.24622432575237,6,0
66.84901016553214,7,5.883465151755574,1,0,0,96.08754456295227,3,0
56.878060668850615,7,6.700673058509313,1,0,0,74.77947075387019,6,0
102.43080253023695,8,0.024944720250458137,1,0,0,318.37114338186217,1,0
90.03577262036593,21,1.8071787235155692,1,0,0,165.4855873466426,0,0
212.3029354059733,15,1.8817730451939882,1,0,0,95.60414455641485,2,0
103.84953729128948,8,5.28203138549869,1,0,0,92.77819337188227,0,0
378.55752174755696,20,11.084235950090529,1,0,0,58.64921174429216,0,0
27.782474114986897,20,15.423664037574955,2,1,0,140.03084074248065,4,0
91.27977968312692,7,3.660471769969846,2,0,0,336.4378536784864,2,0
207.0908874334833,16,1.577090349204266,1,0,0,231.7945137175079,5,0
89.19999676826914,13,8.209998042282882,1,0,0,125.23122632529838,4,0
683.2201366384278,20,0.4526836852959424,2,0,0,58.392436299804125,0,0
50.846994229535795,17,8.542844096717399,2,0,0,112.00285936552122,5,0
142.77530265004054,13,0.6348686007070804,1,0,0,118.58479028681832,3,0
70.57076890754485,6,2.8136613023670005,1,0,0,30.463759139167543,2,0
32.245371614592834,9,5.544033564893915,1,0,0,211.79941477688175,3,0
8.136266378247132,11,1.9307181876379325,1,1,0,53.7760887233513,1,0
51.74934413223897,18,2.1798399193882214,2,0,0,22.998050837512658,3,0
474.12460444666476,8,3.584516895818804,1,0,0,66.80603207524626,3,0
143.69458416027032,20,1.9342682071856196,2,0,0,160.38216900947987,8,0
40.569369302374724,21,3.15478197063054,1,0,0,153.2005611455528,3,0
11.881232879953561,9,4.435980410000255,1,0,0,11.634212933751884,4,0
103.42596393411809,9,0.8982506732536164,1,0,0,9.668046693820827,3,0
116.01706551272841,6,3.524544161438544,1,0,0,28.455361065519853,5,0
44.44384654326051,13,6.996577154496858,1,0,0,130.74435854063785,1,0
21.67247121437048,22,3.0683600605934407,1,0,0,126.25956649582481,1,0
70.51626304532792,14,2.4271358093035293,2,0,0,50.45142923468589,7,0
187.3220038676177,22,0.20972889950766538,1,0,0,116.50130602983727,1,0
97.50613155207458,19,0.801526248829495,2,0,0,41.26818978545722,4,0
42.27749200386492,17,2.0798869926098744,1,0,0,350.8431468893781,3,0
26.873512481201008,20,1.454996001591866,1,0,0,24.729767004755097,3,0
324.088414146634,6,1.8165241479653154,2,1,0,23.309118167792032,0,0
100.13246709044489,11,0.5037238039094035,2,0,0,66.69036181026817,1,0
71.77354119821678,18,0.06234439177011459,1,1,0,80.96763026571476,3,0
40.97377280438024,0,615.6640358740345,3,1,1,395.01038950868985,10,1
124.30255586067953,9,15.021559833445583,1,0,0,136.9326442826811,3,0
203.06319121381392,22,3.570414876424871,1,0,0,175.43125156945274,4,0
168.95439761679376,8,0.5490781014127939,2,0,0,35.97549373814108,1,0
224.43466183674474,6,3.8889480364319704,2,0,0,270.13053405679545,6,0
96.35817799435365,10,8.725486673570963,2,0,0,95.69157126186214,6,0
10.762891826022255,10,18.47718049298555,2,0,0,59.481637247658874,5,0
114.67140267928222,19,2.952595352687377,2,0,0,31.394053057710263,7,0
62.31582917829148,12,9.658758592637492,2,0,0,20.363836003461483,3,0
232.48206830231055,7,0.7954069105911779,2,0,0,109.01520489378946,2,0
239.46855455942125,9,7.183715229493217,1,0,0,146.42978199715105,2,0
187.70616463047563,19,0.373734221376394,2,0,0,37.60550887462799,3,0
39.084605058222365,19,2.3511327747918798,1,0,0,61.846187996143726,1,0
1516.758227148297,18,24.51040979621787,1,0,0,111.28115167411819,1,0
19.579338050018993,11,1.4653340044619014,2,0,0,182.87779286347373,1,0
14.208098767427092,15,3.28318157559364,1,1,0,78.89552099662366,2,0
10.030370396746502,14,15.64159591801201,1,0,0,28.038778140698057,2,0
292.9324774408334,10,10.99015064511759,2,0,0,186.45725824140357,3,0
85.39135720625296,8,2.038485976205093,1,0,0,60.39876633617947,1,0
54.285290428471754,13,3.9095185377958677,2,0,0,203.34675125574677,5,0
56.5253688299888,21,3.821671068373754,1,0,0,92.49774186050081,3,0
251.93734764098966,12,10.072791861195077,1,1,0,72.58472823212715,2,0
246.52020882746547,9,5.139208452715927,1,0,0,14.640482764048485,4,0
209.92929325090685,15,2.9179344317922133,1,0,0,66.55488830021086,2,0
14.348425518626339,11,5.690745615468302,2,0,0,51.362597550881894,1,0
84.07538124814769,19,24.58546348143665,1,0,0,126.25552227895413,6,0
12.572297552923104,17,0.4272738868951182,1,0,0,40.5012556424836,4,0
255.70517724744965,13,1.7760286130484113,1,0,0,26.573508341005105,3,0
45.98334247237172,18,0.2500482066052687,1,0,0,38.986018023927066,1,0
58.91916747801193,9,3.30143111660737,1,0,0,216.8171525265927,3,0
99.791022217535,15,2.613054798648683,1,0,0,34.11531885924388,3,0
242.29748279152432,7,6.382056745129779,1,0,0,43.83793495223266,4,0
55.469096660883736,6,6.8296894895379605,1,0,0,101.57584470014866,5,0
86.52599128989148,10,4.479390064688985,2,0,0,81.25386086668057,3,0
156.25296668800922,19,6.206983733630279,1,0,0,80.29182291239196,5,0
55.49768801861418,22,5.752938955023992,1,0,0,34.53658684610425,3,0
234.1127285071408,6,11.544051395646868,1,0,0,30.109878450066603,4,0
265.2786347685614,11,2.7605117300719733,1,0,0,58.551701453197516,2,0
73.27599066460999,13,2.2604697620896257,2,0,0,85.46702255439433,6,0
339.89638740773813,13,3.150277898257597,2,0,0,97.46216114963424,3,0
22.15689948620682,10,3.832861094704976,1,0,0,153.399809367159,2,0
94.85721573652538,14,0.04449090398417337,2,0,0,25.789548638904005,1,0
132.08623633643265,10,4.033681652394632,1,0,0,62.58570715537581,4,0
65.37582074644146,20,1.9163797653005232,1,0,1,60.01056552296136,4,0
143.50334922097957,12,2.796851602361129,2,0,0,333.5127904910395,4,0
108.52604711274726,14,0.23394089926776554,1,0,0,285.5146892242644,0,0
169.58034495920364,7,5.209359727411923,1,0,0,98.77704788051746,3,0
42.106320834788875,21,2.611423520250412,1,0,0,195.5618321235527,3,0
230.71469634421112,16,4.222509560191917,2,0,0,142.98653751115887,3,0
66.16964116258694,9,0.4736062251509553,2,0,0,226.59238690387232,1,0
236.79105372980922,22,9.538766291965123,1,0,0,245.51777233009,3,0
73.37947565974245,17,2.1860467489061595,1,0,0,72.42727704084216,3,0
218.69004898079305,11,5.590828148089193,2,0,0,118.99366461859964,2,0
331.9003467007306,7,5.053681321929768,1,0,0,52.323185365378365,3,0
137.21459449936518,22,1.0613513479359196,1,0,0,111.83347503152964,4,0
136.86828080628197,13,4.275198020460368,1,0,0,113.89936648338552,2,0
27.722338770938922,8,1.982962080630422,1,0,0,22.574466314193376,2,0
19.07708260335401,12,2.4842980490951456,2,0,0,114.17480788495142,3,0
93.20557527968396,13,2.0507926075141096,2,0,0,84.39257177788342,2,0
33.49542602189134,19,0.08000884972217974,1,0,0,25.978364721396964,5,0
94.21353747115357,14,5.267210581246042,1,0,0,117.53560903406189,4,0
69.02297964471163,17,8.396969963060586,1,0,0,243.34211649873572,3,0
135.3755606588355,21,1.3024716206076172,1,0,0,136.6993841833196,4,0
11.387974155468182,16,4.361780101140957,2,0,0,25.759319148919033,7,0
77.7092716546263,7,9.160947719034741,1,1,0,224.59383574393829,3,0
46.67019419739533,21,1.2819717277307783,1,0,0,91.44843368309034,3,0
131.78323120576374,10,15.135334072967881,1,0,0,50.9672261358856,3,0
83.67102142311761,13,1.182037409796,2,0,0,59.44704015076541,2,0
15.347455522105278,14,0.7974339692083805,1,0,0,198.8514741691239,3,0
51.91952097576385,15,3.0796090916639054,2,0,0,184.25353447091933,2,0
45.37733815554745,6,5.686200413291372,1,0,0,75.8701055745416,4,0
349.12946074281615,13,8.71844345686111,1,1,0,190.50452505849432,4,0
38.454646957097715,21,3.672024203555067,1,1,0,260.46038499425964,5,0
72.04416251333411,7,6.636483894752427,2,0,0,96.24732870747408,2,0
88.03381665362137,12,1.7458494353808265,1,0,0,299.73642015629207,3,0
84.28886250718162,8,3.2988271666378344,2,0,0,99.4320594961928,3,0
186.51630163872653,21,2.0399371304093563,1,0,0,54.18987031171509,3,0
153.03752044734395,12,4.757536648552309,1,0,0,49.815847635422024,2,0
31.254500486768844,7,1.0158738798435327,1,0,0,35.986959555450326,5,0
91.73001315621877,21,10.923233327865587,2,0,0,73.71235739417678,5,0
436.20750435978033,17,2.8274686905050084,1,0,0,32.860171046249974,2,0
251.50914315013696,20,0.7221020082877592,1,0,0,133.39526863837506,2,0
53.69853936510137,14,12.384365090225721,1,0,0,103.60685469545687,2,0
209.51060859847533,7,6.365808389742026,1,0,0,67.43259140908158,6,0
178.942727377645,10,22.43845473581565,1,0,0,19.900974279750937,3,0
100.82581176623962,19,5.4953900648491505,2,0,0,38.99357551371259,3,0
846.3445584699933,18,16.729842698655517,1,0,1,45.6455151156708,4,0
128.42411634102683,20,20.335247179347633,1,0,1,120.42996875865236,7,0
19.94092553822174,7,3.2337270357056767,1,0,0,253.29585275860737,4,0
41.983438598414516,14,1.1256093234318123,1,0,0,51.89199109827486,5,0
435.91761966038337,9,4.13311099329459,1,0,0,22.312799831951793,5,0
2636.962377475705,6,1.7247578617589454,1,0,0,90.9236691599109,3,0
46.68280656914809,9,2.523148961016669,1,0,0,91.60944827875711,7,0
185.20796405741507,20,16.828486423115734,2,0,0,186.9877769297368,3,0
49.16860624879918,10,6.458419269141267,1,0,0,232.49394243476596,2,0
175.11043353927013,15,1.6337238581227174,1,0,0,56.53103764396017,6,0
24.76517860616037,8,0.24449126448034902,1,0,0,110.62316462844859,3,0
22.21255865597002,21,3.3433690875571913,1,0,0,28.163683450616862,2,0
88.07099517376913,15,6.325220218668706,1,0,0,46.96426786443378,5,0
119.24875417976976,8,39.013829488598944,2,0,0,71.78778536438647,4,0
436.6853074825993,12,7.350242145337312,1,0,0,225.16714523965433,2,0
117.2161986504917,9,6.152435249527649,1,0,0,135.77518452451244,2,0
19.231490329164277,22,0.9863633162491978,2,0,0,53.16268217985224,6,0
16.654087018637416,19,2.3325560513688135,1,0,0,235.04626275729862,6,0
8.843514820629478,6,1.802014587941193,1,0,0,58.55400625495948,3,0
63.867314765509214,8,6.581553862244139,1,0,0,69.75592648266718,2,0
31.08251679464782,20,18.41501986438329,1,0,0,54.538803374461175,2,0
445.6219470091759,22,3.0217720036100615,1,0,0,23.736208496528,3,0
60.12053939143826,7,3.661240228087468,1,0,0,178.04921174185307,5,0
356.276392593463,12,8.33212589670432,1,0,0,40.018752211590844,4,0
59.782774157126326,15,41.985455468293075,2,0,1,30.941357965318623,2,0
22.205022349859977,6,1.4904122663253425,2,0,0,431.87184340868083,1,0
57.472370391036826,17,0.9116582872807544,1,0,0,339.8470966583474,2,0
236.36978978808935,18,1.0817103300824293,1,0,0,513.65832554895,3,0
93.81508202542496,15,1.125811339310267,1,0,0,129.77387458289388,0,0
118.27479845687199,7,10.583447051835545,1,0,0,236.28295833554984,4,0
282.42078583712885,11,18.749757287680136,1,0,0,366.5814066514039,4,0
197.03053377787904,13,4.432568478820372,2,0,0,107.51618112381695,4,0
649.6544359466602,12,6.615833727288153,1,0,0,98.22553100415621,4,0
41.06276241784572,9,1.1138457074858388,1,0,0,54.91512358609337,4,0
385.6098758862634,17,0.37504701312225003,1,0,0,116.11048142621866,3,0
88.72553506563665,22,4.542229763820323,1,0,0,716.6972046790512,6,0
218.9924210806273,15,3.2764060065870155,1,0,0,134.55934941639495,1,0
81.28921455118764,11,1.8261478905841786,1,0,0,55.1053806239273,1,0
40.04924816427574,18,8.452920019436155,1,0,0,125.73737138009176,5,0
122.43896588983837,10,10.554544981492679,1,0,0,85.68748287354168,3,0
118.79234133319788,12,2.6463442667140784,1,0,0,150.66424713621237,3,0
788.3456123691255,19,5.138404818416772,1,0,0,99.8445384481744,3,0
61.38604437524287,10,2.3684211570958875,1,0,0,98.29123641196966,4,0
24.25083044862644,21,8.798728524082035,2,0,0,42.34442110678966,1,0
293.13724504013123,7,3.9892975357895386,1,0,0,632.6157784965063,3,0
106.89417643504487,11,8.191704426424076,1,0,0,86.35372372519134,3,0
246.48579313308022,16,5.49190631422854,1,0,0,227.38133278615405,3,0
47.78574127398268,19,9.50083126645917,1,0,0,21.570207675308147,2,0
124.13345234193754,13,1.5795439913768394,1,0,0,148.91003920012233,3,0
256.9455364156887,21,4.189063856364138,1,0,0,61.82318310248743,6,0
27.333834555073413,12,5.600173134331579,2,0,0,39.370187371141334,2,0
33.542740881844935,11,1.5477518780022521,1,0,0,99.4117534407763,2,0
43.117819042570645,6,1.1882555720478174,1,0,0,50.58627477430254,4,0
40.620884726523606,7,3.9583790899800957,1,1,0,145.81597273075616,5,0
105.05601305594753,17,9.013219312502624,2,0,0,42.58816229424406,6,0
212.1213228171873,18,9.463942172089178,1,0,0,48.86243322018784,4,0
19.709271802772093,16,0.4736595705797813,1,0,0,51.831269478292874,4,0
93.27630165478358,13,6.719566288526052,2,0,0,18.34690205646917,5,0
481.8827436772636,20,2.6198861975225562,1,0,0,12.367441273107461,3,0
74.94086159824607,7,11.832193698654205,2,0,0,121.79347478549036,1,0
445.558932161956,1,30.789201292915717,5,1,1,52.84840324324027,12,1
362.29735600341024,20,3.2530121969246335,1,0,0,80.77325493116518,4,0
297.1120686190801,20,1.9212750273084243,1,0,0,793.686512714255,7,0
79.87326918149084,15,0.03173124229674837,1,0,0,72.2151231098346,2,0
57.46014704813413,20,6.949989501276473,2,0,0,112.65547958577771,2,0
112.34320022122965,22,1.8312084794680712,1,0,0,72.90892797288207,1,0
163.6185339401455,18,2.7592356698767806,2,0,0,251.0954603158532,2,0
64.66532378556191,14,1.9782382402195826,1,0,0,73.21386910172153,4,0
39.884561959224776,9,4.173662690239714,1,0,0,34.22049613625524,4,0
680.191045272303,3,357.160683370387,3,1,1,24.951057424512143,23,1
83.32752733416864,8,0.8434036534872236,1,1,0,137.6494348638766,3,0
58.32375885000572,12,8.979090727359349,1,0,0,160.1614376587464,1,0
126.69162394350347,18,12.229748945755025,1,0,0,123.98751122699906,1,0
58.26040822298115,16,16.716138303697264,2,0,0,178.9244012989594,3,0
96.33729378241206,15,29.93967566646752,1,0,0,63.77896734999829,5,0
24.692322733074082,20,5.614182245066056,1,1,0,24.587059984407293,2,0
71.74065009346006,18,9.747168941899188,2,0,0,147.33181188564876,4,0
130.0149303869644,10,0.17024607794709273,1,0,0,48.84723267033061,7,0
70.33542445021013,18,4.70913059892645,2,0,0,23.930916469436124,7,0
104.6346228000084,15,3.0934036798559914,1,0,0,54.033465071100714,3,0
59.97271105287403,18,15.51716684933653,1,0,0,211.60989198906518,3,0
45.99293478303135,8,1.8074202029483322,1,0,0,101.97819355100935,0,0
560.9435080090195,17,0.1887489740476075,2,0,0,167.8135260748213,6,0
1781.285815323588,0,147.61361846751996,4,1,1,32.72530941299297,15,1
18.21285868021258,18,0.4423953814146772,1,0,0,75.65999339295698,3,0
783.0955532173092,9,6.044984648796258,1,0,0,65.52960717556337,5,0
92.12957209736162,6,2.3304175142800005,1,1,0,87.45532880097662,1,0
87.6611435988054,22,14.963012363033112,1,0,0,74.44555088365303,3,0
252.78673898285763,12,0.3488085533926854,1,0,0,61.020188190123676,6,0
52.001631456828044,22,2.7156087021693933,1,0,0,16.638483864419765,1,0
68.04980281906094,20,1.6585398589586537,2,0,0,69.78251725001013,2,0
157.7141987485245,16,6.758390928045338,1,1,0,184.14813045682436,4,0
83.83744196299159,18,5.129876417171105,1,0,0,84.16340504949625,3,0
462.7614269421725,19,11.340630134385778,2,0,0,31.09937369262974,4,0
26.666795996540777,14,2.376349430623663,1,0,0,317.7348633819324,4,0
63.38465480672154,13,0.3830712941126008,2,0,0,34.677018070521015,2,0
6.023137894162056,11,2.0029161655921484,1,0,0,230.56365122348961,4,0
654.3112663259659,3,773.9538709773216,4,1,1,266.8626510155298,17,1
673.3534959107794,20,1.109024823513757,1,0,0,104.5693820847581,5,0
59.524282251724365,12,1.6457677151257917,1,0,0,66.39187986616838,0,0
36.69885767352716,8,2.765058424157841,1,0,0,105.3431880051652,5,0
348.3017355116316,6,2.096710861460035,2,0,0,61.37863447158084,1,0
142.6530773051419,21,6.9814418741256965,1,0,0,262.49044367043274,5,0
399.6574702696265,0,216.5570731366319,4,1,1,16.659787481643782,15,1
295.0301866529301,10,7.329595861595443,2,0,0,147.4548135151177,3,0
144.3155571201762,10,9.798280665691259,2,0,0,161.3038159276324,3,0
42.8424491780753,21,3.3659003987013336,1,0,0,50.11635591630416,6,0
49.84815796979092,9,1.875221972805472,1,0,0,178.60747085831068,8,0
18.671732383292063,15,22.891562401395365,1,0,0,92.34505890753877,3,0
112.23903120607542,19,2.6492510400321145,1,1,0,42.537590676515556,5,0
143.92143923112272,9,1.239241298760399,1,0,0,40.61574755174653,7,0
55.70288014979576,19,6.357338519266334,1,0,0,42.554563826396134,1,0
92.470145307933,22,4.261606641610333,1,1,0,97.6433209518122,4,0
323.2031094615727,6,3.955230850917624,1,0,0,97.53809533400565,2,0
161.39955880533492,20,5.909801977545536,1,0,0,41.21747261293567,3,0
64.51852417139644,16,8.030719773557534,2,0,0,64.35762717219818,6,0
23.831121744199404,9,9.162256955173891,1,1,0,258.79575011006517,3,0
8.98708066210022,18,2.464695001413811,1,0,0,247.94839242996355,3,0
13.729742374853174,14,2.0006569174839655,1,0,0,197.6835425723808,3,0
22.196370079980916,16,17.549437907271056,1,0,0,94.19752547367202,3,0
105.50475794854617,17,0.9273386488464047,2,0,0,27.45366087907979,1,0
67.4543656044599,8,5.274336134952185,1,0,0,81.49152029338416,2,0
28.915104199206713,21,0.9901514184268966,1,0,0,65.24562056543044,1,0
267.78474594748843,16,0.8304948298128078,1,0,0,56.62726644763079,4,0
126.61512518593955,6,0.044157480739090274,1,1,0,266.81593459551124,2,0
124.81784077054493,15,5.519726117127313,1,0,0,141.4401955824677,1,0
66.04592187153332,17,2.671567979525542,2,0,0,138.70130761106356,1,0
36.44964468018204,16,0.4415817348826339,1,0,0,408.3156794277775,3,0
35.192902552042064,12,7.866389835611006,2,0,0,88.65729876924874,4,0
154.07076391588112,21,3.22940930910115,1,0,0,110.60667010245447,1,0
35.79510293655343,18,3.7567876708030354,1,0,0,48.484111307645364,3,0
384.10945394174047,20,1.100409218185401,1,1,0,126.66388728050542,2,0
23.452697401727843,10,8.22952483160793,1,0,0,96.5184000529913,2,0
141.10071311746833,18,5.609488835054945,1,0,0,65.62390957653781,5,0
196.76839703947476,6,4.892022679482593,2,0,0,61.59266458886069,1,0
33.84343585491217,13,10.559251165672572,2,0,0,102.5139415421637,2,0
174.60670302146087,13,0.3603560212797968,1,0,0,35.4674972851499,1,0
305.4556771100857,17,0.8823688253852284,1,0,0,264.61688668392924,3,0
125.30914029628123,8,0.6109983852402635,2,0,0,93.23307440803673,4,0
78.12352893897572,22,1.9832870147107236,2,0,0,22.428673925016014,3,0
115.73656860204264,7,0.6237920976392677,2,0,0,206.2515301554114,6,0
81.544982357889,13,2.8998375722914997,1,0,0,64.84381253363128,4,0
36.305742504621755,7,0.980856158738546,1,0,0,75.62166780299383,4,0
208.40191617161707,8,6.637396045191904,1,0,0,65.56815618612136,3,0
196.40949131151862,15,2.8716411440767327,1,0,0,72.4871409902685,3,0
163.28398067412087,19,1.7267118894184632,2,1,0,85.13925151937133,5,0
19.243983853389132,12,0.6947631779332103,2,0,1,74.97958324054972,2,0
58.802360675043765,17,0.3438675278331126,1,0,0,84.35651942577898,2,0
39.05055537634051,16,0.6529357950932773,1,0,0,95.96706052805679,2,0
52.13077950402384,21,0.9546010309093467,2,0,0,44.81911542634596,1,0
14.94470157575091,12,5.300449568811612,1,0,0,24.883210907108246,1,0
97.32028228325265,10,13.350035427951086,2,0,0,130.31864141013892,4,0
138.70546306778,17,2.148221985662142,1,0,0,82.28635801760574,0,0
297.9456087166545,18,3.517638244102122,1,0,0,28.362810909718192,5,0
107.29414536625751,19,1.3027855010283624,1,0,0,41.79090257775069,6,0
1093.80216081189,12,3.2641618685915703,2,0,0,74.17345706814288,2,0
66.62902229752468,22,5.7512444300189784,1,0,0,205.9470009773137,3,0
30.849097699669592,12,2.860030968356804,1,0,0,201.68940936829446,1,0
33.44967957976157,22,3.52504431638089,1,0,0,156.41206709725583,3,0
102.78070820412609,12,0.11119764226800562,1,0,0,52.30946902259999,9,0
451.33986121823403,19,0.792625246345843,2,0,0,81.90912492670797,2,0
63.16773265338833,11,0.944279032848786,1,0,0,157.1901622646861,3,0
301.5724237913517,14,3.463942820103542,1,0,0,58.013685371790636,3,0
205.84334710752762,19,3.5416452905002958,1,0,0,48.094054033816995,4,0
15.954441740893689,20,0.3576524954278324,1,0,0,305.00910171811626,3,0
45.429019618872026,12,13.894683598155789,1,0,0,405.63349633853744,2,0
602.5620729812256,9,2.5302106281638626,1,1,0,155.6835978065316,1,0
481.64171605847946,8,7.693286718683469,1,0,0,52.61407383563946,6,0
64.45212943964468,19,0.3380249589953995,2,0,0,110.09200187725523,1,0
97.78516748050383,16,5.543435476752223,2,0,0,41.752519072182025,3,0
74.034215385177,14,2.583047541851196,1,0,0,79.89770349110874,5,0
652.1373373900284,5,223.67423397213412,2,1,0,18.814816853889173,14,1
22.0492936516381,8,10.19681463802851,1,0,0,47.09166869679429,2,0
74.07600936673,19,7.093757992049592,2,0,0,37.624689122358475,1,0
75.84893730195729,16,0.8754426507628327,1,0,0,45.39216387188679,0,0
43.19989798888983,9,5.212620801822645,1,0,0,249.37053925550418,5,0
252.56124520606247,9,8.699135182532453,2,0,0,28.23226939649799,2,0
86.49386932984667,22,10.46184120945885,1,1,0,38.40127377305106,2,0
96.48328709864356,18,3.4806796761553067,1,0,0,36.03548284261273,2,0
195.108869170107,16,0.22433821001336743,1,0,0,18.13861552298851,7,0
70.20251567622395,17,3.06653847075711,2,0,0,19.908374505372578,3,0
65.05080737522312,9,4.422883975037106,1,0,0,132.49828274217668,4,0
220.28548780490672,7,3.7472932574131637,2,0,0,101.0569883082026,1,0
86.78379929012635,10,8.22046974950924,1,0,0,165.9666089305651,5,0
12.485068791470704,18,4.862646445791837,1,0,0,348.76759899365044,2,0
111.8555087025441,20,2.973821705966444,1,0,0,143.46929035620707,4,0
295.66482396370816,10,11.00127721159475,1,0,0,71.8828747364572,3,0
146.37689844396002,20,4.740847634529633,1,0,0,61.61044399780912,4,0
419.5330662525942,15,0.2725120178054623,2,0,0,79.511174145708,1,0
1343.4921222086996,15,2.8735245319952107,2,0,0,103.30622581930183,3,0
19.21259688671158,8,0.7261247633837624,1,0,0,49.716872844817885,8,0
181.64065707254977,21,1.3969989948589112,1,0,0,134.96727237210183,2,0
266.26725709165447,17,5.98578043285422,1,0,1,197.27433071468138,1,0
15.47517676069226,7,2.718611927034684,1,0,0,43.784169941478865,5,0
53.16861682105604,6,8.44961581151222,1,0,0,80.65376879451442,1,0
333.574146651211,21,5.509086605516503,2,0,0,85.31565545721797,4,0
35.31009040321904,8,0.6280319659414624,1,0,0,54.44171633376306,2,0
79.57149581583255,18,16.809844529929325,1,0,0,26.776692695821918,1,0
108.18411198688192,12,6.872513592136507,1,0,0,40.513057993290985,5,0
31.11240056956852,21,0.5657416306030097,1,0,0,54.887375337034534,1,0
106.14019782781894,19,3.525778105478633,2,0,0,126.70875124096713,4,0
111.79682025681848,10,3.8273666128107027,1,0,0,18.002431321133493,3,0
23.733122474814344,14,7.251854098622367,2,0,0,40.048296700936675,2,0
26.822936830556028,7,6.674728605644519,2,0,0,93.62443541955449,2,0
47.259785497708734,16,3.4975192779377506,1,0,0,60.44832695166406,7,0
120.93823256864026,18,7.124901581246972,1,0,0,83.0119879304649,6,0
41.33440791727969,13,1.8997835186770082,1,0,0,106.19498660367373,2,0
65.10047364175354,17,1.4952305254174973,1,1,0,326.31561689345193,2,0
186.75906473905755,10,1.1727238850974677,1,0,0,27.688712330179495,1,0
256.82627609242763,16,3.3100557153706873,1,0,0,73.54331784915894,6,0
116.01733986089779,13,17.7035717656827,2,0,0,67.38583627096838,1,0
70.76289811851711,8,1.5028779941299453,1,0,0,61.46044514577718,1,0
56.9487427813673,22,6.10884090997755,2,0,0,29.38447806885205,6,0
134.86776163957407,11,2.417096291752854,1,0,0,36.8216788046474,4,0
162.8072969049268,13,1.8141252177032512,1,0,0,65.02188846578281,1,0
74.38970802230787,13,0.8282772737040943,2,0,0,41.7141157260784,3,0
120.93155910588713,13,3.10022645326295,1,0,0,36.083870203472465,6,0
638.9570608773656,10,3.300738185730292,1,0,0,111.53607194754665,3,0
125.73498738553879,14,2.9080716633906603,2,0,0,87.14539175618387,1,0
82.81109336123126,21,1.7306787227445146,1,0,0,35.81928592515143,6,0
230.61996624766905,14,6.454561755819521,1,1,0,104.03489237851936,3,0
39.76198753849829,6,5.388610448808519,1,0,0,58.112661240595074,2,0
25.90047274620167,14,2.541302007317931,1,1,0,334.11261540980746,3,0
526.6371546602486,17,5.741241407850225,2,0,0,21.473905810370308,3,0
58.89543989965906,12,6.072757631619811,1,0,0,97.66689067902774,1,0
20.52028182192419,9,4.095119937408081,1,1,0,11.4197888662831,4,0
354.28506364295566,9,3.427289666043276,1,0,0,81.9407447153107,3,0
48.83104425203806,18,12.93077387755143,1,0,0,129.05875686962176,2,0
51.291919446431855,14,8.281729863691433,1,0,0,51.636022924342875,4,0
62.694652937999116,21,4.256957868226269,1,0,0,47.31387422459259,1,0
21.122837059841956,9,0.22696424761442846,1,0,0,47.10538891139492,2,0
37.05887344280883,9,1.3905057959368494,1,1,0,119.00913827464744,4,0
319.16488204422063,16,2.653602796247885,1,0,0,36.37874093012148,4,0
416.7057689010772,10,4.521411465977687,1,0,0,78.81106499936004,2,0
11.919805686521933,20,0.1170401881673172,1,0,0,191.71429130201156,5,0
44.04973440693676,22,5.79559458348087,1,0,0,24.37636467091548,4,0
72.53284397696183,14,1.5746198599869485,1,0,0,172.55098201671365,6,0
68.9142180198563,10,5.0937635932715875,1,0,0,214.29826054100542,5,0
80.49160521262569,6,1.3494298424540134,1,0,0,66.65930269726802,3,0
92.80276308025631,14,1.9967675872545423,1,0,0,186.04213737766875,7,0
270.01698813884605,8,7.891210741542482,1,0,0,206.05225099346495,4,0
64.49022868246259,18,3.9620775792102787,1,1,0,83.7244698360884,5,0
24.791477137041554,18,2.3379421038196435,1,0,0,21.448053338418383,3,0
111.20736008830788,21,3.657858954643218,2,0,0,38.688731712976214,1,0
109.6524378252967,10,1.145307680576031,1,1,0,791.1974492729837,8,0
52.73309932917083,8,0.09758179490972649,1,0,0,116.18484814017278,4,0
69.49146486510257,16,2.5059450832361985,1,0,0,167.37888516200368,4,0
152.4720638448291,19,4.226106487587847,1,0,0,57.486677021522524,3,0
9.778851587375145,12,9.17305380383953,2,1,0,63.455122347621106,4,0
53.04036552099317,22,25.15288781767454,1,0,0,135.50449886410792,3,0
822.6501666397711,21,2.149864691366688,1,0,0,60.17878911541806,4,0
115.01225228714092,22,0.2867415303143724,1,0,0,75.8581596546271,1,0
116.77867849317404,21,5.999521250008608,2,0,0,44.905552998816546,6,0
161.80048768708252,15,9.206060697314753,2,1,0,172.51115225295212,3,0
115.00396098394255,10,1.0332883697154793,1,1,0,102.23114668316947,3,0
88.74167729945187,22,0.039785156913472564,2,0,0,175.68352336113594,3,0
233.11916732648785,20,19.68333134510344,1,0,0,42.435634979569215,4,0
165.14941229476648,10,5.241828985947171,2,0,0,133.5106964175196,0,0
127.43184916766624,16,2.2601750876593036,2,0,0,58.77018709202291,1,0
555.8752552083608,9,1.4240982911944027,2,0,0,59.490536990872535,3,0
57.26523271977758,18,8.001239233165489,2,0,0,75.45020552194902,2,0
80.06413452213889,10,0.1704439184885073,2,0,0,25.75862539595589,2,0
52.40453504367652,20,0.40295552195431494,2,0,0,79.6784910863729,1,0
87.41337455370315,7,6.837898298190961,1,0,0,123.25646629148194,3,0
40.62740878490882,21,6.387043281118052,1,1,0,54.98970780747269,5,0
124.08043962333775,16,9.525747709968645,1,0,0,185.10280729361213,3,0
481.28276284064606,10,9.696309208938406,1,1,0,220.42501457110558,4,0
131.51923553147063,11,5.720271251439773,2,0,0,18.22782400631531,2,0
124.17573824772727,19,0.8530736634442451,1,1,0,17.379240184623264,2,0
104.43322830505458,8,8.662994675062874,2,0,0,131.31327760581058,3,0
22.945487672195814,16,15.31613170699263,2,0,0,80.64259402661851,3,0
50.72089688922284,12,3.00019842676726,1,0,1,77.87069187967816,2,0
43.06110254671946,10,8.096342744204787,1,0,0,45.04073994957423,0,0
51.20065891225391,6,7.734482642732921,1,0,0,45.63163335397506,2,0
375.36272308919536,2,753.1849581411584,4,1,1,120.23359748160604,13,1
30.574231679633087,21,0.9185077113807399,2,0,0,78.1963194989149,3,0
37.264429380298864,6,1.8117880398237338,1,0,0,11.977075724889747,4,0
37.7397159347668,8,1.095191479717481,2,0,0,172.0930469046423,3,0
137.22015551860986,16,8.22567871845864,2,0,0,64.11756537860583,0,0
57.37632769366706,14,8.81907940104696,1,0,0,157.17571996385468,3,0
191.17513588767028,13,5.844264047103932,1,0,0,132.88197281020112,5,0
280.7265594795174,11,8.500128527658571,1,0,0,141.30308236762613,1,0
138.38527557796172,13,5.256258364995449,1,1,0,89.45820303650123,3,0
226.2864109431552,9,6.38860667114641,2,0,0,58.32040121016083,1,0
153.4991835324389,13,4.351017201239226,1,0,0,128.60046112229372,4,0
138.60548075177837,15,0.9672046922768269,1,0,0,134.03087344193526,2,0
62.03389610737172,18,25.31278623541325,1,0,0,19.81827373527466,6,0
26.22986625636086,18,8.62711365685474,1,1,0,82.44353580902214,0,0
55.24214495600978,16,2.1838680554311996,1,0,0,36.00215899645221,2,0
69.28591991886468,6,0.6691485944651164,1,1,0,19.515245753471213,4,0
418.28238760115426,20,10.81713900448648,1,0,0,179.5969439838415,4,0
190.09921608473994,11,3.097372850894899,2,0,0,131.5304366626761,1,0
10.862390401564173,14,4.957949819030285,1,1,0,99.89446522824359,3,0
245.5579327207666,7,1.7443293955988186,1,1,0,44.322469107395655,5,0
326.7525156260893,12,3.595556285182985,1,1,0,136.36067409584055,3,0
188.3810136002942,10,1.2476456221052985,2,0,0,85.41294844589495,0,0
82.96985316166256,8,7.178161503564953,1,0,0,30.33616525436725,0,0
34.56525839880351,17,7.176637390709301,1,0,0,47.340291694188736,4,0
135.90457690432015,7,6.326696625410726,1,0,0,154.19717403631435,3,0
327.58518776936603,3,289.9807875893733,4,1,1,57.572774533790685,13,1
260.5141792951474,7,2.489707849907182,1,0,0,148.45945995335939,3,0
266.1867803258297,15,8.155676654715178,1,0,0,88.21405365598898,5,0
39.013523006345515,22,1.9909039649389237,1,0,0,74.0972544762316,3,0
74.88604819938784,9,11.280490005709442,1,0,0,43.129038944367586,4,0
63.93400304435963,7,2.5646116560444105,2,0,0,95.71377413437283,3,0
40.24692160786187,8,0.5912352052923598,1,0,0,125.81492698648107,1,0
12.622285749348007,10,7.479392310642961,1,1,0,155.58528241207514,2,0
16.324091820529915,12,1.1388759108125837,1,0,0,60.11437902582985,8,0
54.373196788484826,8,0.20045481304975618,1,0,0,162.02462012535133,1,0
515.8721535129793,20,6.16382088752593,1,0,0,162.15873011522288,3,0
155.84841487392237,7,1.6890147180600192,1,0,0,82.77013474001122,5,0
47.0931573065969,14,0.06773579093464921,1,0,0,51.48178562037533,3,0
396.09869201449516,18,9.523504497820488,1,0,0,156.08950163908125,2,0
17.000395240222453,11,5.217160060148833,1,0,0,85.89661456389172,7,0
84.25834426489557,10,3.9393128262890658,1,0,0,98.54302895713204,1,0
77.05947817257888,11,1.0228499214137479,1,0,0,139.40316546375067,5,0
102.06158988629677,11,3.8927800916829196,1,0,0,221.69052938502233,2,0
136.79925498493384,22,4.769586752263905,1,0,0,24.19408952695657,3,0
73.39605819604735,16,4.163452004199772,2,0,0,68.00273836036644,1,0
201.32759168361702,20,1.0141625647212233,1,0,0,40.55378768428722,4,0
119.86747337516859,12,6.161476963883006,2,0,0,44.006994465871884,2,0
442.6015803795641,14,0.32250018174252837,1,0,0,83.37925548131787,1,0
138.49890493851782,22,20.341455058996274,1,0,0,68.54695574108862,1,0
31.744783478579997,21,13.400826336702101,1,1,0,288.8885677576352,5,0
238.04125474579592,21,2.5426364508302495,1,0,0,80.52883828192597,1,0
331.3840707548854,14,2.905192331169721,1,0,0,53.52888218225017,2,0
62.90715114721166,20,1.8284846967259625,1,0,0,95.65258119844945,3,0
99.56304609927525,10,0.47324460952858477,2,0,0,71.57430733999287,4,0
83.79729671039988,15,1.0996729551985231,1,1,0,120.04211865136972,3,0
21.95386418570478,12,2.966873137644993,1,0,0,14.415350134105205,4,0
169.1651748513359,15,2.3597634597299013,1,0,0,101.47468542593293,3,0
227.16502999247413,17,2.084066359294652,1,1,0,110.22160260538148,4,0
55.87536243002879,18,1.4180431900904118,1,0,0,51.195474487992485,6,0
361.93258563510653,16,8.91154725066386,2,0,0,254.78529506791023,4,0
281.33764623385605,11,3.492930805787728,2,0,0,174.6240651262742,4,0
77.37987364429866,6,12.261381446963053,1,0,0,163.97920891207056,2,0
103.47392315108401,12,42.90567388668098,1,0,0,492.3771869310093,4,0
85.4978138188872,9,12.732912017237247,1,0,0,215.9270179710177,2,0
147.2326929628551,6,6.848838100985927,2,1,0,104.77969043352127,4,0
135.3264133625391,11,6.995893126146893,2,0,0,257.32623804399975,3,0
733.5819670059557,13,2.366938592557072,1,0,0,48.89933569217713,2,0
134.1238684557169,14,5.067232280980242,1,0,0,51.68470035901601,2,0
237.83352424355223,22,0.20194236713457756,1,1,0,72.27030697393604,1,0
100.83820939311337,11,22.617909827715824,1,0,0,49.31707458523441,5,0
80.85826895011463,19,3.0708896127334557,1,0,0,170.99456665300147,3,0
54.05400293231581,18,2.7045660076952633,1,0,0,133.93907876530096,3,0
138.51930360572837,16,3.2423771905360304,1,0,0,15.685215726847472,2,0
155.7605087893997,13,4.949110906629731,2,0,0,95.02257478310148,4,0
88.53797802390649,14,0.12456908453678707,1,0,0,143.12414848606073,0,0
35.78708288952053,11,3.6492484681284414,1,0,0,16.508777672692695,2,0
92.68350377536923,20,0.6026564089317078,1,0,0,73.61288659585395,4,0
297.30628257218996,8,13.043507635819992,1,1,0,252.59957731265698,4,0
139.3692352231093,17,4.342412488024204,2,0,0,104.7064107005957,7,0
72.67599633235469,22,2.448466729489761,2,0,0,143.02811398380516,2,0
68.20076240081055,6,6.598147032727871,1,1,0,160.5289372142386,3,0
53.72526409125862,17,2.9731083017142534,1,0,0,61.40406693897178,3,0
332.66725436911776,14,0.614583759944662,1,0,0,19.000213955625913,5,0
111.19480824468585,10,0.06340584161422097,1,0,0,43.26058619350881,4,0
77.72263119571821,8,8.727329243382867,2,0,0,310.69908454042485,3,0
34.6030368456156,13,1.7094735308047584,1,0,0,81.60370985834253,5,0
254.65372659203751,22,0.6134195825542136,1,0,0,265.29499454152665,1,0
84.37839580558065,9,6.969323290612755,1,0,0,64.93215940898372,3,0
61.86106633946843,21,8.116170545190558,2,1,0,62.13413681347789,3,0
667.5963660129327,5,199.51621976047255,2,1,0,406.9890867000475,17,1
53.91513320727871,12,0.4257363799603494,1,0,0,25.366485891558195,3,0
147.79187307293245,21,4.448360979254817,2,0,0,133.98124694193754,2,0
173.29157565853828,6,2.383183505147385,1,0,0,62.444748699220185,4,0
163.59601568196402,19,2.1190298963475724,1,0,0,660.897631859885,4,0
59.10043036226439,20,3.8191357400952435,1,1,0,237.11564429745266,3,0
32.538214286200684,19,4.972064224330405,2,0,0,45.0683114718174,4,0
42.429488093419664,22,8.489761145997504,1,1,0,47.75973978037499,1,0
63.46957598783862,17,4.775686869456291,1,0,0,55.48335653553693,2,0
67.7084231192953,22,0.4223832833780006,1,0,0,106.20370563067999,4,0
22.359796067580895,20,2.3854958104174786,1,0,1,155.45870863876297,4,0
27.170235944568034,19,3.0128770002748793,1,0,0,159.45769384859784,3,0
32.10381032653513,6,1.9955280059715343,1,0,0,44.5075196406542,3,0
196.99052990084033,8,6.677625346165853,1,0,0,22.159686600315595,4,0
86.00573530685975,7,10.89139003949831,2,0,0,65.60463212609781,3,0
261.1701121532142,7,0.33074095997064656,2,0,0,37.58916901316412,0,0
48.74474206055956,15,0.8269032846741096,1,0,0,23.422299252172106,2,0
69.48154678436127,14,5.00687420643086,1,0,0,32.88462154224627,2,0
269.3656923439035,11,16.56036925751739,2,0,0,57.80080673806226,0,0
31.810654760985848,7,4.947325191191697,1,1,0,144.95862116241824,7,0
38.06407167625658,8,17.84248638211726,1,0,0,59.92974975653959,1,0
479.83480365953443,13,1.2265855899574567,2,0,0,53.06842685557846,3,0
233.71095158157826,14,5.855810170382308,1,0,0,52.12616509703333,6,0
87.12163554361055,13,1.7982031203280577,2,0,0,50.5853240234912,2,0
121.3993754466455,17,0.603518664089395,2,1,0,65.00184763082538,3,0
47.18310204052389,18,2.51291206518297,2,0,0,26.183228359378795,2,0
59.917204669230784,8,8.599869874686378,2,0,0,87.01378015050149,1,0
24.653557928332617,12,1.4471560179371992,1,0,0,88.00537401953923,5,0
2545.982093619513,3,895.3620442648187,3,1,1,28.07447156877229,16,1
73.51399328553947,15,13.904453570165616,2,0,0,19.866580377368233,7,0
181.60300993165282,19,2.1670633224643105,1,0,0,167.8501218327999,0,0
162.51077959035808,13,0.5829210151473115,2,0,0,119.02776149959166,4,0
38.83135776741128,10,6.798299290491037,1,0,0,44.10232548644626,2,0
83.85546293865733,18,10.212885829259974,1,1,0,72.56264531286968,3,0
92.92190940289301,10,5.187936764058011,2,0,0,40.58997030465127,3,0
237.0295129346903,10,43.1732821820263,1,0,0,115.52384729724695,5,0
258.8003225786934,21,7.175813657922884,1,0,0,229.04415335659732,5,0
85.8910318322009,12,3.078825059610229,2,0,0,33.14272522548081,3,0
44.06424056486509,13,0.5765410032865769,1,0,0,128.2502801765217,2,0
151.7924466661091,9,17.841936347935444,1,0,0,57.40064762635771,6,0
1212.4981110200674,1,170.83414339046055,2,1,1,51.005786051395134,12,1
51.09084940092172,16,4.310452819803406,1,0,0,30.850316038380882,1,0
73.96930064027484,8,10.986546235926449,1,0,0,128.66518153120253,2,0
38.05187376232701,13,8.041775861214823,2,0,0,494.3381080291678,5,0
45.59629775550588,12,11.059420798923483,2,0,0,10.269231517813504,1,0
243.85420118723243,6,5.705767087299202,1,0,0,282.04082569080305,3,0
189.28694552849868,6,1.985277953481435,1,0,0,400.37463070970745,4,0
49.034675562732104,17,9.018273331762824,1,0,0,133.1293156665827,3,0
51.66602833181931,14,5.5366985248911575,1,0,0,96.36467092799653,5,0
316.4449259678556,7,12.187959185260137,2,1,0,73.31848613574417,4,0
389.63503897091886,21,5.3129118951310605,1,0,0,74.46040229492344,4,0
476.876163438513,6,5.066583688082581,1,0,0,27.833854764494316,0,0
49.936203922886506,17,2.4669656951523518,1,1,0,57.834864248067795,2,0
24.918561410130458,17,22.94251533598306,1,0,0,186.8639774855726,4,0
172.2091777461979,13,4.755412234477635,1,0,0,59.62875454578233,2,0
43.24336464044523,22,3.1133959358303893,1,0,0,204.5611866068296,1,0
30.21381058114651,21,2.43583814096014,1,1,0,198.13078538127948,3,0
1353.9672952944784,15,1.0504049632095214,1,0,0,244.5347203095173,5,0
242.42947579675223,8,2.4382492973144596,1,1,0,128.23475941305554,7,0
175.4308849567879,21,4.541571802028756,1,0,0,59.87281322577428,0,0
20.898921709455244,16,5.303984439159489,1,0,0,100.58424251544068,5,0
456.63527769221497,14,4.354867624952973,1,0,0,14.145265560334169,3,0
68.52204056995882,17,9.363112913227399,1,0,0,85.78855389175456,3,0
85.12149181635723,10,6.592250255185803,1,0,0,81.46879247604855,2,0
340.28869668023106,9,7.169302411674831,1,0,0,69.42446826777724,3,0
82.22560235136984,22,0.7131114950456873,1,0,0,61.673773539229,4,0
150.4916874328052,21,10.602833254767877,1,0,0,57.99566035341385,2,0
146.16478475733936,21,6.446290499603451,1,0,0,86.83668691011721,4,0
11.548013736855616,16,1.935098735092399,1,1,0,94.71849224326027,0,0
118.93805630957736,0,273.39410941654774,4,0,1,30.2559142153791,14,1
226.11095717257496,22,8.249925605769397,1,0,0,43.78081553952931,1,0
53.074837895806795,10,5.396437359923992,1,0,0,68.87624578073265,2,0
50.10933291905784,7,1.5392748945970005,1,0,0,64.86003855230379,8,0
177.49302104022914,14,4.627011107927073,2,0,0,94.95452002811867,4,0
73.64931054466281,6,6.022558677541157,1,0,0,249.29017463270128,6,0
28.265311501242415,22,2.7041753187896744,1,0,0,95.63209251107858,3,0
97.20789018928369,8,2.4746005336395007,1,0,0,44.32203847657077,1,0
66.7409179649137,7,0.882818805250116,1,0,0,35.36681624428544,4,0
38.480654347870285,16,2.1598610736091715,1,0,0,158.75808073549516,7,0
54.83310149233693,22,7.20896400716483,2,1,0,68.00103953221112,5,0
253.95546034202292,8,1.4911121740846822,1,0,0,101.5398918120519,3,0
100.2817697004107,10,0.17210209097521192,1,0,0,22.09791003566419,5,0
464.71700444221136,19,1.3839238402556184,1,0,0,97.21989182584024,2,0
233.63504376296254,18,5.714980477311688,1,0,0,86.07669110449153,6,0
1068.4705744930695,1,113.39308158558873,3,1,1,76.31577177925912,15,1
93.38986552340994,18,8.593306094974784,1,0,0,49.80850744093253,6,0
372.05273737687185,14,9.820755617178236,1,0,0,145.20741120165775,0,0
282.46821893945616,16,8.189446652279187,1,0,0,232.40966751405105,3,0
297.5348580645545,11,0.36433882396288375,1,0,0,35.84954710203133,5,0
140.01655276409738,10,6.451188170415322,1,0,0,167.0763171622101,2,0
97.69440932443769,13,15.220471596458964,1,0,0,119.2247574414123,0,0
170.49008454655086,20,1.232072724183044,1,0,0,24.268465002209737,4,0
101.80693256559009,16,5.79989418996174,2,0,0,160.12057381828888,3,0
108.2756516836569,17,1.9023686104895403,1,0,0,154.79084227823768,1,0
69.92560202319478,9,6.3359527197519805,1,1,1,81.16646294970069,3,0
390.15373715388074,14,12.755848997560124,1,1,0,190.64441176893965,4,0
1034.0327446137255,7,21.946146355646057,1,0,0,86.68300067003916,3,0
18.060788581998242,18,1.4132759967903417,1,0,0,34.765296811131805,1,0
29.996591101980616,10,1.1799538344320628,2,0,0,34.434842823785196,4,0
179.95786769248681,6,3.9713265179744264,1,0,0,148.2033289891241,4,0
26.192890044133815,15,0.1864466869136258,1,0,0,1021.2232465113982,6,0
227.07534818084832,13,0.2527345526509203,1,0,0,44.195503037270385,2,0
62.06251091778418,10,0.7465091857097071,1,0,0,295.20404928029376,4,0
18.2174562829574,7,17.806498377660837,1,0,1,39.44929643927413,2,0
43.73997513006089,6,3.1946430476796603,1,0,0,349.3977194657289,3,0
60.142227057229036,10,0.8541828628241994,1,0,0,53.692717215427,4,0
654.3904132346984,22,1.1484734227357862,1,0,0,64.79722622983523,3,0
24.147580375115982,15,6.884511337839719,1,0,0,52.152153644895535,7,0
55.98337036345711,19,2.446510053866387,1,0,0,252.13016158544497,2,0
8.474550084292064,11,6.108861781395573,1,1,0,29.923827969501144,2,0
241.70754797745906,18,2.4445188778057494,1,0,0,44.961744292811964,1,0
29.38200954218077,6,5.1230886856115685,2,1,0,138.9325140445091,1,0
141.09501320331103,17,3.6405297106861507,2,0,0,105.52948722540596,3,0
44.69578424863698,14,4.410036034114791,1,0,0,115.27765178181957,2,0
28.38431248382402,7,8.701435002192952,1,0,0,100.82495878593872,3,0
49.569262867647204,17,8.094126512258619,1,0,0,134.85461604047234,2,0
268.1393617602691,19,13.04303623434387,2,0,0,99.80556743800632,5,0
196.78858925935677,15,3.7510161148871974,2,0,0,38.28775062148479,2,0
30.762959144969507,15,10.591852775210327,1,0,0,63.243186412234344,3,0
509.0340954555899,19,11.144864969311001,2,0,0,108.93726722482481,6,0
12.305591224365678,19,24.38423279967557,2,0,0,34.19619301834612,1,0
204.255828234208,18,1.903245265191062,1,1,0,112.33942119337577,2,0
35.481033580315355,8,0.05332205404162634,1,0,0,218.40267476466352,6,0
275.01723695261245,18,8.032105895138395,1,1,0,18.663091740668946,4,0
547.8979888231021,14,2.603094340443918,1,0,0,39.45917732729308,4,0
262.8322341261699,10,0.11163595531903653,2,0,0,37.801667606134856,5,0
350.4399952220527,17,1.9582821222810045,1,0,0,34.57191434545026,2,0
265.5403290587189,12,1.5152333710442805,1,1,0,217.5348011512225,7,0
56.979886942871794,21,6.548417563213469,2,0,0,26.610663439524746,2,0
75.47990760866236,20,5.890203980496426,1,1,0,61.1042980957878,0,0
82.83862410893674,15,9.685398559080635,1,0,0,69.24793197665142,1,0
374.1391294357801,16,1.2826158878858451,1,1,0,57.88951657875146,6,0
22.262013931919583,11,3.266182844273126,2,0,0,55.91036371754573,3,0
99.41607440770002,17,4.3034392683376455,1,0,0,193.1092242758689,4,0
74.94866265892018,19,1.01960503387907,1,0,0,70.9381207615653,0,0
31.352548167447473,10,13.085625365122436,2,0,0,114.83225477855602,0,0
153.4476159640323,14,1.6454902101617706,2,0,0,150.69494633307133,4,0
61.87889648805347,11,7.151465054017411,1,0,0,75.88636361865993,2,0
140.68685118926078,17,3.5037748119831917,1,0,0,63.39410759709272,0,0
35.276067695226914,7,2.3038632565473898,1,0,0,652.5896072503123,2,0
119.10061336164458,11,0.32978397654889224,1,0,0,81.22342462931572,3,0
80.33355961366897,21,0.4076382578064992,2,1,0,313.91657212335343,2,0
16.366298578573865,10,0.47033078976333603,1,0,0,271.37448224355626,6,0
108.32928641882143,14,3.1112172964845803,1,0,0,28.35029521720502,5,0
123.92193686123665,11,4.4644765037778,1,0,0,31.838895291639155,5,0
262.8217196471537,11,11.423161733784475,1,0,0,212.30734462190486,2,0
139.77862610552043,13,1.3766949481529243,2,0,0,82.0995934838248,4,0
61.05389181256498,13,3.1120368676395103,1,0,0,124.02773782216046,4,0
157.7354792318707,14,0.5428661754180337,1,0,0,190.5931705751592,4,0
202.20026721494338,21,2.669330037104745,1,0,0,87.26663776393875,4,0
19.68992729933754,19,7.79736763803403,2,0,0,80.93258982391603,4,0
140.30511277076192,20,5.077872574632418,1,0,0,23.422514981269746,0,0
98.66719145558125,21,2.9597319470790904,1,0,0,205.01759043777997,4,0
214.60483029454102,14,4.378507685954355,1,0,0,28.62826662066874,2,0
43.45944042141712,7,14.557211011353141,1,0,0,76.88648850793463,5,0
85.72142690018283,9,5.927313611377625,1,0,0,49.57518644593278,0,0
40.34913512393409,19,5.878649537786376,2,0,0,39.24559071279174,5,0
542.5937181945403,8,1.2407597541892654,1,0,0,264.68257309163374,3,0
27.830151953696173,14,9.592624158799556,2,0,0,165.09880586381647,2,0
112.09002434230014,22,16.796834356165313,1,0,0,178.00331106479294,2,0
165.16460924533817,6,3.599568204129069,1,0,0,48.32418442356073,5,0
194.9704168403309,6,2.9810687009994696,1,0,0,106.10558701757107,4,0
15.691266891705055,9,0.494399833419644,1,0,0,134.41666237227568,0,0
35.55952022422594,19,2.484258530231466,2,0,0,89.29848795155213,4,0
142.8879695148076,17,9.990831033461696,1,0,0,80.13426555786329,2,0
980.406915639298,16,7.83584346863405,1,0,0,129.22481787297266,3,0
181.89691638727268,11,8.335333658256761,1,0,0,54.921970189409954,2,0
58.92351918357152,15,3.9011685091218307,1,0,0,134.14547313562008,1,0
263.1020026002468,18,1.6328271403139647,2,0,0,86.79089282741913,4,0
21.21019266568725,16,3.9206990777452577,1,0,0,67.49845539361905,3,0
42.251897106144284,12,3.229711313542075,1,0,0,97.1572385507166,5,0
164.764194313693,6,3.1970101245063045,1,0,0,81.14200489221169,5,0
61.40845948741191,19,3.8054585827699885,2,0,0,59.118836403558056,2,0
215.46261505465714,14,0.1349425806125289,1,0,0,92.58844164452218,7,0
153.64259387143213,12,2.121066520305637,2,0,0,86.63062853212627,3,0
193.9178719863344,15,17.73682444519601,1,0,0,36.5115510081266,6,0
11.173247909986193,22,0.11387074745084434,1,1,0,236.9672879145014,6,0
81.58864946046769,6,1.1989730452631662,1,0,0,198.20085005456983,2,0
230.20482790102196,17,9.840326610549802,1,0,0,119.05569208465121,4,0
49.00850512669952,15,1.9572180555279295,2,0,0,65.08169059464102,1,0
37.364356587927894,17,0.7219539476407959,1,0,1,108.8210415914276,5,0
524.7802757141382,12,0.29371251476478133,1,1,0,76.30149921473927,3,0
689.4357677574969,8,0.3829881578418336,1,0,0,27.307577433140533,2,0
192.25534611962428,22,12.36918197215415,1,0,0,395.6381807456909,4,0
159.5021563731111,20,10.629538955124186,1,0,0,265.1479691555666,4,0
33.071945195198005,20,10.995457691530229,1,0,0,80.23450704460876,2,0
68.81827619929224,13,4.083385228086045,1,1,0,19.505010632275766,4,0
37.79124784214839,21,2.244146186144863,2,0,0,36.157356890765755,0,0
45.60850002713851,10,12.108727091712142,1,0,0,70.6291341045875,4,0
30.348711476574994,14,2.4342347622230873,2,0,0,165.30700350455672,1,0
109.68357227417036,14,3.9449443388107945,1,0,0,46.80118300155656,4,0
288.5127717475424,22,2.5259604601923358,1,0,0,109.86540406986664,3,0
77.70040697908087,9,3.0847653020785644,1,0,0,91.60655983361112,6,0
287.3861516006893,10,4.1853754389550115,1,0,0,97.99866783658531,4,0
191.38580836826506,21,3.908934607576389,1,0,0,57.63944985419398,2,0
60.50976057570271,13,2.9514404734090194,1,0,0,57.533493262892385,1,0
399.46954204007756,10,7.7082641704162,1,0,0,58.52269631550455,2,0
124.12529149450566,15,5.65302920973321,1,0,0,166.0180507472349,3,0
41.83140573251896,15,1.8304615590136843,1,0,0,77.13950839091459,3,0
14.569261472679491,7,0.7065366672043563,1,1,0,154.85858201659696,2,0
40.551058464855984,22,7.232898375693331,2,0,0,280.494017699435,2,0
242.5459344680789,21,5.154242547091012,2,0,0,101.08804734176327,2,0
470.41593361531045,16,1.122666757290054,2,0,0,148.61800597129997,5,0
36.863676617523616,16,1.5517854261569506,2,1,0,108.2699579675216,5,0
157.14007710167238,10,1.8964342316195684,1,0,0,53.461954558219226,2,0
137.75681675595564,19,9.141851488441015,2,0,0,70.35172945408446,1,0
23.680588011871052,19,6.808160201351493,2,0,0,97.5130150818542,1,0
151.1418727651004,12,14.794354663354952,1,0,0,78.31942981667446,4,0
12.64642173457849,19,8.159448433774369,1,0,0,467.3927345216224,2,0
244.94803660687123,18,3.9743208699647417,2,0,0,15.976313627968622,1,0
82.50965145709293,11,2.1416635538248867,1,0,0,131.3142849030027,4,0
276.15630382178125,21,3.2258442813327792,1,0,0,39.26856727365936,3,0
51.55127517867161,16,0.30215192654834305,2,0,0,47.18066019914284,3,0
126.38790802231638,18,3.646510676755756,1,0,0,19.63842979732652,2,0
122.48761247486046,8,16.56672005412974,2,0,0,127.60997084662093,3,0
19.202953164297742,22,19.076124450573676,1,0,0,17.605518650740432,3,0
9.772565206050125,13,2.0817250406614987,2,0,0,66.23781455752223,8,0
133.80278424282548,12,9.026890593011005,1,1,0,151.84886163897437,3,0
86.72808491812947,19,0.07932580497288375,2,0,0,60.45058452995281,1,0
64.11567109206025,15,1.8195136692692062,1,0,0,266.1106351645243,2,0
138.9707737070088,21,2.593627280045314,1,0,0,113.07215891782533,2,0
43.25146479410807,10,9.47503737569733,1,0,0,124.12835113388961,1,0
89.51480057581534,14,5.998709976822156,1,0,0,42.71874090592257,1,0
45.34614114442499,8,4.238681823502377,2,0,0,31.863540798700246,4,0
395.23548896748525,19,2.2107546720630955,1,0,0,94.42542132510309,3,0
29.325863869612967,15,1.7211503062302367,1,1,0,29.887059278025877,5,0
220.75780528471256,12,0.8473648968471886,1,0,0,216.4762389071181,2,0
108.7042706287072,9,2.6458673261963157,1,0,0,364.37897909455546,4,0
512.2945045117714,11,1.2766293509052065,1,0,0,52.226605170684756,3,0
201.9576048272583,22,4.113464322331488,1,0,0,22.83522438683776,1,0
173.18591252403903,15,0.23563509301247398,1,1,0,198.41789821949678,2,0
47.386301065316935,14,1.9827273562475578,1,0,0,68.29890868741063,3,0
27.731903317277936,9,1.9146342130761693,1,0,0,230.14879713663464,1,0
216.19351982381585,13,2.209263093462951,1,0,0,88.30114950197928,4,0
54.2203784871948,10,3.600934474219557,2,1,0,277.21963580906515,8,0
44.72375444566465,14,7.245896666462363,1,0,0,113.85013632889127,0,0
27.00673693613826,10,16.227920871209623,1,0,0,33.421985558548386,4,0
50.10257112740318,10,6.960808413738995,1,0,0,18.529130859062576,2,0
48.190667480133385,20,14.408522317370407,2,0,0,44.864091176719896,1,0
130.69184823717572,15,3.4840211164211388,1,0,0,103.91770180523247,4,0
27.93050033261806,20,12.694863582940613,2,0,0,53.31404544834886,0,0
534.7497651424212,12,4.8523403211377545,2,0,0,204.45157157626164,4,0
116.8691896536732,20,16.41247834145379,2,0,0,169.16103982549734,4,0
123.26526794881629,20,5.624369995679964,1,0,0,213.9204263223729,3,0
171.03943139247392,14,2.729142647993437,1,0,0,417.66211505738664,2,0
24.493603876378103,20,2.543340833987115,1,0,0,14.835322214355752,1,0
194.40988341287775,18,0.7748616288473169,1,0,0,66.28983160890891,3,0
48.82489667335706,22,3.573576767289783,2,0,0,181.01674708238548,3,0
52.841621192210184,8,1.6571191396405078,1,0,1,156.4475741798207,6,0
310.9350371013813,8,5.191446854900273,2,0,1,174.43294277127185,0,0
34.0502638701747,6,2.88171572761821,1,0,0,47.46645624019994,5,0
51.67547504467395,13,8.272806062485769,1,0,0,46.542546928933795,3,0
196.93500194855156,17,1.7056538031345432,1,1,0,53.0407363094791,3,0
219.25764528963268,9,13.513005956545763,1,0,0,14.694001799038201,3,0
178.2548335311604,5,40.39326421925589,2,1,0,52.60960757205128,19,1
169.1543623210918,9,0.1481612630951127,1,0,0,34.00731233273111,8,0
256.4443788450326,11,0.42276982466515783,1,1,0,51.19618503481601,2,0
64.59487919233197,20,0.1853408976690848,2,0,0,49.5569195646803,2,0
128.54162588227138,21,2.715840840724177,2,0,0,34.32504767768193,4,0
23.136836121602254,13,12.874360009770527,1,0,0,61.53550155821088,4,0
126.30344659281647,9,1.7471144900617976,1,1,0,37.206688458036396,3,0
393.5123153467307,8,12.249501873099451,1,0,0,174.66951682137727,4,0
120.93250439473863,15,13.80473658946493,2,1,0,74.5599456769465,1,0
124.8040321867776,13,8.978552092880893,2,1,0,23.82348802929662,3,0
84.45802914807037,9,0.40044519994306643,2,0,0,306.6573801973196,3,0
102.77037632990391,11,5.767007572074546,1,0,0,66.45695305673627,4,0
124.8268246274807,8,8.435861384846893,1,0,0,41.28418180354588,1,0
50.67324918257129,7,9.267151278457673,1,0,0,49.973588841113816,4,0
21.250825418301485,15,3.8460075135839897,2,0,0,47.76058750849239,2,0
702.4083214409906,9,2.2996425677134193,1,0,0,232.60181427790954,4,0
81.99129975611841,16,2.8209878287878203,1,0,0,148.54145377060283,4,0
135.2453293128206,10,3.3232541298465628,1,0,0,233.95275707307954,5,0
93.4638620398559,17,0.7863644472408315,2,0,0,100.70630273519102,1,0
118.18329010725428,7,0.7480420986636485,1,0,0,47.9735199321178,8,0
41.99632226780594,10,0.3564336827659903,1,0,0,105.00549887300473,4,0
34.08774620537623,8,0.947994013640111,1,1,0,59.99262062377931,2,0
164.14218191833442,12,1.9068526426967178,2,0,0,221.07807092419424,4,0
32.52758535641427,22,3.8880562013045514,1,0,0,241.4740369810282,2,0
12.841184256959982,11,5.348258623423746,1,0,0,90.47527422055475,1,0
20.33082681492195,7,7.628525847468182,1,0,0,18.8815972468027,6,0
81.12496732699812,18,10.699839753057267,1,0,0,79.29454250944026,3,0
23.896639397100753,20,6.970951776708352,2,0,0,35.54175033249484,2,0
258.240559662027,16,2.0894850966530067,1,0,0,82.20357798601215,4,0
61.211027979114995,8,4.474424676896444,1,0,0,43.020733917183954,2,0
470.27124120074126,9,4.4860176854240565,1,1,1,139.98606660394745,4,0
92.2507279788311,6,0.6734110535724167,2,0,0,22.94438312753288,7,0
266.6098423057914,9,11.992192691821407,1,0,0,207.25662781486582,0,0
178.31815156636944,11,13.350627981096817,1,0,0,108.62073509924188,3,0
168.15792954701786,10,5.891042483579625,1,0,0,51.34710871963973,1,0
14.430833073109099,6,2.009970812558845,2,0,0,109.35696836202547,5,0
252.00715541149262,10,13.576781306490036,1,0,0,118.64317940526033,6,0
44.013086692014134,10,0.3537677502656728,1,1,0,16.51966609766846,1,0
140.4390810382713,18,3.9349659169646682,1,0,0,39.25555235542094,2,0
54.04619729817607,13,6.5134430315224,2,0,0,898.441596967522,3,0
196.9913635200045,7,0.07219796568318092,1,0,0,158.86747592754847,1,0
23.273833742090122,22,6.409427959313359,1,0,0,130.51850594571587,3,0
244.113206050374,16,1.2724103724437987,2,0,0,7.390744325757488,0,0
100.18890490134444,21,6.119862698348665,2,1,0,101.36291582360174,3,0
48.61132565621823,13,4.590840292572313,1,0,0,109.29451912122705,1,0
178.2564091820993,14,2.0181299769090977,1,0,0,98.02411800861812,3,0
79.13241759217172,14,2.6547530486739883,1,0,0,17.96950772994364,2,0
81.75996823657539,19,3.7412169884690942,1,0,0,34.27773670785564,3,0
76.75647654468195,12,1.489809063079486,1,0,0,184.322317413651,0,0
241.14531327963525,9,5.471089036014563,1,0,0,82.9949145406615,2,0
288.01166123205263,17,3.2973321361260015,1,0,0,47.944997833340835,5,0
23.305971080779358,18,3.879323792790386,1,0,0,52.86037959344965,2,0
327.0739474483206,5,388.0982537567091,3,1,0,54.5739097145544,16,1
69.8289230023963,22,1.4160827910018159,1,0,0,125.89202063807075,4,0
119.24633838967695,21,1.212759157746926,1,0,0,30.563890443731246,7,0
110.92491628153518,20,7.681200616920859,1,1,0,151.80986573970242,4,0
1011.0834719019003,22,0.4941951766426861,1,0,0,31.45058497801514,5,0
12.370468487362967,10,2.563933030127469,1,0,0,329.0296757473838,3,0
62.4925450518178,18,1.2934175066662212,1,0,0,23.930695281745162,6,0
95.37953593514489,14,10.881024459219672,1,0,0,78.45408307965185,5,0
97.47340256236771,13,1.9202986758572813,2,0,0,86.11276849923058,6,0
127.27024133226662,20,8.363202517817019,2,0,0,33.00288668757716,6,0
124.55926093594194,22,7.540660738185911,1,0,0,117.08937654498615,4,0
750.6905872315134,18,3.5797748639278435,2,0,0,114.47204946856094,4,0
86.04557602665909,17,0.9931179010481893,1,0,0,363.2797524066912,4,0
87.46016201338068,14,4.544949552108629,1,0,0,85.98865045093133,2,0
87.08398755066409,17,1.20730060587928,1,0,0,171.86376597914762,4,0
365.62148086179883,20,0.3236327913295046,2,0,0,274.12883529870146,1,0
46.895002412562,17,9.802523367034631,2,0,0,54.58728277175272,6,0
166.77806499835702,17,12.10358708584834,1,0,0,244.81638759435796,1,0
58.236577076141366,10,1.7563794384007057,1,0,0,287.8808363659388,2,0
9.961787531713558,22,2.6789810874300373,2,0,0,66.64500853445053,3,0
99.77497401743997,6,1.7195575035740789,2,0,0,103.40833946748545,6,0
85.67287722143077,9,1.0982607595618632,1,0,0,546.6556454639333,2,0
17205.138629993093,1,1287.4123783844354,5,1,1,35.38303181412716,17,1
59.424826054540596,12,2.8662153661227565,1,0,0,47.65365433150099,7,0
22.699221574858157,15,24.052857361180656,2,0,0,69.67551278929298,3,0
369.5257975530581,16,3.266049363585112,1,1,0,299.94126403301385,1,0
206.32959005047135,16,2.312938943728758,2,0,0,1032.9383870393901,0,0
259.3343938991032,19,9.489443593308227,2,0,0,67.86487182530568,5,0
165.65048344103923,8,2.6365751378095577,1,0,0,181.09141982172665,2,0
94.29579040209035,22,11.054230728957048,2,1,0,42.47224815089639,2,0
415.5281324484489,11,13.295073025380804,2,1,0,85.40371972327259,3,0
119.97369543290976,11,1.447559589594885,1,1,0,54.70877606574295,1,0
119.56313608641906,22,0.31072758775431264,1,0,0,214.13825923405656,3,0
88.34867871693497,12,5.135886439769754,1,0,0,60.60116310665096,3,0
286.7456480276797,6,3.0056947620222827,1,0,0,23.41123378572569,3,0
201.95324079694865,6,3.9937245114019033,2,0,0,52.71319407182751,2,0
32.630364110474616,18,1.1343237508753188,2,0,0,265.4290917558405,4,0
75.675584783155,8,11.121851581880055,2,1,0,35.76810115211083,6,0
390.665011621958,8,0.07611259247191965,1,0,0,66.13518263689035,1,0
128.6342053920112,22,2.3118479504159177,1,0,0,21.36926849216824,3,0
541.6163251097557,19,2.8065714325471127,1,0,0,681.2704014839663,2,0
203.5144912740664,22,2.883710647635866,1,0,0,24.593324221404586,2,0
394.69812258655537,14,0.8259882491770166,1,0,0,137.94172264178115,5,0
53.16737024211802,16,5.14582788870354,1,1,0,101.32478613414257,2,0
361.05285594046956,18,6.0767617766164195,1,0,0,186.68937354763673,1,0
33.32841993169107,11,7.8211318161740975,1,0,0,222.72829141211986,1,0
733.7889656576041,12,15.378854275075916,1,0,0,14.23775676541777,6,0
48.861945159264955,16,5.891486395483049,1,0,0,30.132475525250864,3,0
105.93191941512481,16,3.191884713585329,1,0,0,60.29988304224892,6,0
857.5145174958673,11,2.2790307926096522,1,0,0,104.46759910850291,3,0
734.659789409117,22,6.1621885771316105,1,0,0,15.140297300999164,2,0
80.75922179962342,11,6.385005040173983,1,0,0,40.18044864992053,5,0
43.907322655271685,9,2.216262560113044,1,0,0,168.41645642247894,4,0
202.51384876270032,16,12.72783777631949,1,0,0,74.25637491943601,2,0
156.53055334777866,19,15.929310923737157,1,0,0,329.0812168068623,0,0
272.0267547084257,11,0.06017193288903622,1,0,0,38.553239104880646,3,0
144.02885497119377,19,5.697612861563989,1,0,0,42.06869956403659,0,0
134.28931678128964,10,2.3178674654885194,1,0,0,196.7803952742288,0,0
31.486609847270074,8,0.5632211341837352,2,0,0,37.79202374666608,4,0
123.47860099137854,12,4.507214085339839,1,0,0,141.40156715483943,1,0
27.633464394743857,12,2.103075387950454,1,0,0,78.5429580421253,2,0
20.568020280770316,14,3.90464889771346,1,0,0,139.50313036374573,3,0
144.51848391121334,8,8.699802262587111,2,0,0,76.79449901350611,3,0
19.187714670218874,20,1.2999287164469964,2,0,0,30.451174777371563,5,0
73.507998768649,11,3.1298945887122835,1,1,0,126.77337619173767,2,0
28.00106609019149,10,1.0046082459736985,1,0,0,236.072061734686,5,0
151.63091831146502,20,0.6591685319015137,1,0,0,100.82813436175756,3,0
61.77986148453744,16,2.2956488864195053,1,0,0,127.5313697136418,6,0
153.9776511107583,14,2.015616801539281,1,0,0,55.17626057215101,2,0
418.2424054196174,18,4.170233457303144,1,0,0,57.191801249211615,4,0
175.99940550874268,17,4.450932241863178,1,0,0,48.62207629135091,1,0
66.15751373046562,13,0.35415738615376124,1,0,0,40.68088848577165,3,0
134.31255786153775,14,5.897051081525273,2,0,0,54.463819908744554,3,0
320.4137926856342,7,8.099639860536143,1,1,0,167.05442601334076,2,0
179.9661957471976,18,4.289389626541944,1,0,0,214.27774334737614,1,0
693.7959593199292,10,9.28220918273174,1,0,0,28.026893146180313,1,0
167.5608786685571,22,16.918269033317358,1,0,0,72.21262542343368,5,0
160.30401838104007,8,13.710737626035677,1,0,0,70.54637882883104,3,0
91.95244826439627,7,1.2085388344829286,1,0,0,33.90442423382916,4,0
156.51457809038152,6,9.872372974687094,1,0,0,41.72943512934065,2,0
232.016285775752,16,2.1285105697125397,1,0,0,23.85160817116826,1,0
172.69412936825603,22,3.3967011463925836,2,0,0,144.83076393918495,2,0
180.7209998092362,19,7.31867498617172,1,0,0,48.87213580973966,3,0
575.6520019268586,15,3.118796120556986,2,0,0,101.09665790526326,5,0
42.17037376929213,9,0.8487253953956676,1,0,0,60.52040054439705,2,0
415.8541360811841,14,6.006795068730389,1,0,0,131.49576035252588,4,0
24.888578395096093,16,4.687837577564185,1,0,0,135.73189544612072,4,0
119.12354630805913,19,28.561045686542013,1,0,0,48.45674989704399,3,0
1168.4891061718738,0,376.68989669682446,3,1,1,44.11011171397102,7,1
48.031462303010784,10,0.023908350815074298,1,0,0,29.423489885087744,6,0
45.29821394425839,17,1.3244444965426048,2,0,0,15.7494631027828,3,0
71.68491859929259,13,0.5927960754707677,1,0,0,141.32978779773413,5,0
30.81935084726845,13,7.654001419426977,1,0,0,30.162764500149926,4,0
219.5764758270281,21,1.8641987490973722,1,0,0,103.53130592197803,2,0
125.4174366936001,18,9.684266455126625,1,0,0,318.5604663193904,4,0
22.583064546834066,20,8.118522090231368,2,1,0,83.20356730214168,5,0
500.65018873451305,10,1.4774593720034976,1,0,0,224.91816305557623,4,0
424.32534869620577,7,16.179962153412774,1,0,1,327.0036658628478,1,0
83.02331750477332,6,3.059534186372642,1,0,0,145.243822884701,7,0
321.3626264466599,19,0.685832808970856,1,0,1,39.11903526402451,3,0
100.83202767654136,16,12.984425769853313,1,0,0,90.91701942006718,5,0
61.13414532668563,12,5.63875189386109,1,0,0,30.380683146687886,2,0
83.43342232236114,10,1.0898521307914661,1,1,0,45.229802368188984,6,0
173.03242106709118,22,5.255540208076594,1,0,0,174.99898798347556,8,0
128.99052797646596,12,9.581013464935271,1,0,0,49.41090013911792,2,0
75.85477296659364,15,1.4416795573823222,1,0,0,66.27280350717695,1,0
80.27515370845377,21,2.309173736906808,2,0,0,10.539587859576956,4,0
18.037269329466042,10,1.5946549918709332,1,0,0,63.46301793779679,4,0
54.40360288063605,12,6.00087678391797,1,0,0,24.46703253686385,4,0
110.86602702714495,7,5.234918605685679,1,0,0,126.65645603463234,2,0
107.80295299103419,6,1.5472859983138445,1,1,0,74.30346927977742,4,0
234.3234244419657,22,0.3569950460255431,1,0,1,17.930297446193574,5,0
133.74222068182652,13,7.60549210134003,1,0,0,89.22963081313038,2,0
41.10929840232882,16,0.5870750196666831,1,0,0,32.61817234699852,2,0
39.01467462918049,15,1.3710785755940633,2,1,0,125.56453192314275,3,0
28.682116000921386,14,24.306253620605972,1,0,0,53.38372566894472,2,0
34.027605015592705,19,3.851062654905273,1,0,0,104.34483775129175,2,0
137.57454923021058,20,9.443092093397068,1,0,0,37.14489389914431,1,0
92.8881299697303,9,1.6451307230164527,2,0,0,64.55238493144677,4,0
35.18657459081859,10,5.0266529326425955,1,0,0,221.33136340196234,4,0
167.1820217395246,8,0.4723963228792711,2,0,0,235.67924602718037,3,0
70.17302377320874,20,7.170117210517768,1,1,0,94.22561129277258,1,0
80.09665430332336,8,10.145218726325991,1,0,0,175.94127427839,6,0
409.69534206334725,13,9.543321827880511,1,0,0,47.792041368267824,0,0
124.68571816576151,19,2.105092152881082,1,0,0,25.487812338093597,4,0
169.987775635885,7,2.9916916021900315,2,0,0,111.8654356803212,2,0
211.32887277010641,12,0.3324311208896976,1,0,0,403.37323388965865,2,0
703.8347263079091,6,4.355581128314878,1,0,0,76.49161549658439,2,0
44.612242291149244,21,11.557836978572151,1,0,0,31.760520867654332,3,0
361.32005118629775,14,0.1329037836307646,1,0,0,68.57793426884716,1,0
36.371469703347415,19,5.229670426106795,1,0,0,609.4057426005897,3,0
101.97748969498254,19,2.5581962072638467,2,0,0,23.507793371791404,7,0
32.939906096536575,22,4.7874471915817205,2,0,0,183.95080164539095,1,0
11.713802205769952,22,1.5468858751359174,1,0,0,84.21114488974203,2,0
219.61214696650853,18,0.6224295281371904,1,0,0,191.2863758753323,5,0
125.77024499113818,7,4.2920750019490175,1,0,0,89.33589589648041,2,0
223.93654314163885,16,0.12444392987832492,2,0,0,152.40786267823054,4,0
22.24671865542069,13,2.78368940698799,1,0,0,70.26109827627589,5,0
494.77448755292846,20,0.25925659468181544,1,0,0,97.68497260077318,3,0
63.74260127436963,18,4.610047820749143,1,0,0,66.33289678061446,1,0
29.087052542109348,13,0.8759313270932135,1,0,0,153.3627824764549,6,0
58.6358024354594,19,0.9669451991953355,1,0,0,97.27596010859921,3,0
452.01314852157907,8,2.184207662840848,1,0,0,300.6495377173845,2,0
191.31760073549515,0,308.9820932646447,2,1,1,161.32809492466436,20,1
23.27759501379829,22,0.7507259870158205,2,0,0,153.65252660142949,2,0
11.278295722523357,9,2.351724128252651,1,0,0,147.13963871331794,2,0
215.22900172742024,7,0.7988292196157293,1,0,0,38.880552334858805,3,0
18.597060262209034,9,5.5648617656428065,2,0,0,126.9317675853007,1,0
103.86051218298714,10,9.624163192249355,2,1,0,70.50831906901193,3,0
53.03872419428049,9,8.388939391078457,1,0,0,27.34167258842697,4,0
72.44798999588347,13,4.933048963769596,1,0,0,107.18989087926205,6,0
378.5451701706664,14,1.9363170382613526,1,0,0,84.79405032761261,6,0
234.81930570065614,15,12.218958428159796,1,1,0,91.85158724569426,4,0
21.61037283406023,12,0.8641744108858961,1,0,0,151.2832865599289,5,0
45.190559403920794,7,6.428944325254302,1,0,0,161.73330850804922,2,0
3641.718340005335,5,1007.9077554059859,2,1,1,108.29318758544856,9,1
305.99503686292144,8,13.237425270954608,1,0,0,45.45208745030412,5,0
65.28466920318496,6,2.9736499960715386,1,0,0,290.85066292617785,4,0
108.46376670019981,8,0.32352983274239444,1,0,0,83.61324570307885,5,0
4.521591479465223,7,5.104840513285499,1,0,0,373.85506759630397,5,0
46.088482725310094,13,4.986376696850877,1,0,0,52.70124511687092,6,0
155.97304225985107,16,9.888145059268986,1,0,0,18.740844718402336,2,0
51.159056093312245,7,0.520696647321625,1,0,0,146.29080276984197,2,0
74.64717488747551,14,0.5787415835947509,1,0,0,37.24657135024265,4,0
44.89404342480121,19,0.1817715561137159,2,0,0,12.34887865808283,3,0
15.362712095116704,22,0.021608738784750142,1,0,0,108.13931740141341,6,0
124.55635194111382,12,17.096715066227052,1,0,0,34.7950050647599,1,0
116.20824018016333,18,1.2259618261389762,1,0,0,363.79248396955586,2,0
121.09502223615293,9,0.16007515425022042,2,0,0,103.83756697715597,2,0
59.75861756077579,13,3.881781001868707,1,1,0,33.25921739125138,1,0
71.68123664905801,16,5.396682877844409,2,0,0,213.3345929309613,3,0
51.80209818158652,9,1.292480614149164,1,1,0,119.1869134274551,5,0
800.3866272898714,22,3.7323206830524267,1,0,0,127.5436145229912,0,0
63.51955845198977,12,1.0149242107004972,2,0,0,57.42025414784053,3,0
238.19783336501425,6,1.1416816346768968,1,0,0,112.57063536364784,2,0
177.3224755852897,20,2.0230741860195915,1,0,0,93.54505950228238,2,0
10.97277495953062,22,4.830751835837882,2,0,0,73.18087188553329,2,0
26.556846173388255,16,13.51756412293188,1,0,0,206.3252573874159,3,0
97.0934134755939,19,8.378372714954693,2,0,0,64.43623961113337,1,0
84.1685814719785,15,0.6327003926260087,1,0,0,72.35854888103552,4,0
35.18207633929883,13,2.543424993977761,1,0,0,49.447306665101756,1,0
24.31709499831437,21,4.360506926035004,1,0,0,61.4393436646205,3,0
176.74269560933013,22,5.6150900527710235,1,0,0,381.74988091032503,2,0
48.70864202964243,9,0.2512008444823239,1,0,0,64.53300750973591,1,0
151.9153993584977,21,27.024917592623435,1,0,0,102.01132579567697,7,0
80.0244887980292,11,2.6873684351973215,1,0,0,206.8797705063366,4,0
95.99345567532578,8,1.2197351499467288,2,0,0,140.62644971805565,5,0
45.18712413155182,22,3.106950860261642,1,0,0,65.8427408573101,2,0
51.94630767155085,20,0.0522251294842043,1,1,0,61.855893729964095,2,0
638.0058510455922,9,18.297524621191897,1,0,0,68.49726135863904,4,0
86.61660410459277,18,5.756427601363608,1,0,0,45.71029716452545,4,0
52.532200619064724,17,1.035738461358287,1,0,0,71.75136113655574,2,0
243.72674149214427,15,16.26277297011265,1,0,0,16.11122062657803,3,0
90.63131962711566,8,0.6173520160464226,2,0,0,118.02708813930757,4,0
25.761636388444384,6,2.0456257335150276,1,0,0,142.96215108423434,2,0
461.01543882786643,12,6.685114583723434,2,0,0,55.03797726553193,5,0
159.56403358703395,20,4.235935473835016,1,0,0,16.74157962357906,2,0
245.09155269428862,21,0.604520520056379,1,1,0,149.98883651621355,6,0
11.618083587847897,14,4.275151414494022,2,1,0,37.1620445789551,3,0
55.6650264593113,16,2.6688753208186626,2,0,0,219.8335260834743,2,0
58.59783646346704,11,0.9248374237786818,1,0,0,175.67644872948514,3,0
100.10132464398058,14,1.2764188981915825,1,0,0,50.16601435736191,2,0
492.72803790427946,12,8.882934608547895,1,0,0,80.59818370861954,3,0
751.1694864521786,18,6.270743958952259,1,0,0,61.14487210911822,3,0
259.3478196606378,15,1.2148663676984475,1,0,0,19.080837675729626,2,0
122.2007969794022,13,4.447578527089337,1,0,0,20.79920701590103,1,0
18.217830829930413,14,0.2629078352143037,1,0,0,203.39008640511435,3,0
117.77927905854554,20,14.444586098416668,1,0,0,102.8869425863961,3,0
20.813985067511258,11,2.903395124319095,1,0,0,55.600432694759306,2,0
37.66785092332959,8,5.365630079727054,2,1,0,53.47557834227496,6,0
218.52215168302234,10,2.7760136045907298,1,0,0,72.16585167663875,4,0
178.098858696833,6,3.337102720809684,1,0,0,59.454713906348154,3,0
89.43201116133945,18,4.1599292393313325,2,1,0,39.0072167816536,3,0
203.0616517226604,12,0.11072232351514623,2,0,0,182.26033401166475,4,0
221.91117158110097,9,0.8713467133802135,2,0,0,49.838897493060394,1,0
45.71540577033308,15,0.7395980657891363,1,0,0,49.67821630497522,4,0
60.75867068119367,12,1.3000561822553118,2,0,0,49.82981925522508,3,0
109.92633215087541,13,1.7366193655448154,1,0,0,149.21583188194742,4,0
51.17371369578239,21,0.6903761804684445,1,0,0,69.4283706683843,1,0
170.30753160954478,16,5.971235243127423,1,0,0,33.70873196982176,3,0
133.30425080033385,11,2.7173999461423017,1,0,0,62.7323442574327,5,0
157.22706914108426,11,16.466053507470377,1,0,0,15.979440306615405,2,0
126.83999082327801,22,16.553052867248915,1,0,0,30.296299038191194,2,0
32.42201094957001,12,2.313463719305943,1,0,0,28.052659413721237,1,0
16.71434666543835,14,4.0259081682070015,2,0,0,63.03914655477748,5,0
114.79347624521716,7,5.456019287535835,1,0,0,52.44994547620026,5,0
2804.0738283404344,1,179.47039186658947,5,1,0,163.298683550374,18,1
36.670505741177365,9,9.821568652480451,1,0,0,210.9887801459106,8,0
13.603820982861917,13,1.2345203690717585,1,0,0,61.337875934253425,2,0
72.14993442970199,6,1.710697548046729,1,0,0,23.726925850101033,2,0
49.48752738490066,10,8.640040888573443,1,0,0,33.79914697955279,5,0
107.25524048104319,19,6.319979546663337,2,0,0,308.3218396375924,3,0
83.27751325941922,21,6.772108287685804,1,0,0,63.11234637018418,8,0
384.8122469684533,10,6.023926243440182,1,0,0,50.17086551552703,4,0
46.033978687268906,17,3.3474779529619765,1,0,0,388.7100394400957,4,0
511.8261338906213,6,3.3883378331128924,1,0,0,86.86533390255057,3,0
72.68425836726126,15,0.3716874213717252,1,0,0,93.87409724288455,8,0
92.85725545249191,20,33.30085255227142,1,1,0,25.74632076975168,2,0
134.858653861101,2,415.3657180556843,5,1,0,129.51528299832256,17,1
53.84626719681216,17,9.117402201109202,1,0,0,215.1309276323023,2,0
243.3639928964043,11,5.814407090810675,1,0,0,129.19033312482998,1,0
41.01798132617047,19,5.024767724967632,2,0,0,235.94662478527962,2,0
106.85463053325951,10,8.495198760530693,1,0,0,37.49933391719186,3,0
55.38568990511558,13,4.024469644734019,1,0,0,123.6965430519856,1,0
262.37412808814474,17,10.230124853885647,1,0,0,136.02339725931054,2,0
292.61739513378944,19,7.389491032798393,2,0,0,110.26943678579565,1,0
416.85519737904224,22,1.3846755033195977,1,0,0,57.78442848223529,4,0
95.27254541767215,18,12.33977833075387,1,0,0,156.4133516010707,5,0
548.7310922554607,14,0.3835971885833945,1,0,0,82.71464066112925,1,0
77.83962168360246,13,2.7525994912682528,1,0,0,41.0915232637648,2,0
59.20680913681799,19,6.329020499359171,1,0,0,75.7284013057122,2,0
153.06568792018615,20,2.0018925500347144,2,0,0,28.462600561892685,5,0
53.03762597844896,19,3.6708170273721286,1,0,0,126.10570656940955,3,0
62.939381612658266,9,4.376778145170601,2,0,0,21.930698738261903,1,0
176.33565996495287,22,5.474548422533971,2,0,0,31.38833040976443,1,0
124.65847733805688,22,1.382658618807167,1,0,0,108.09320443149558,2,0
97.12077119460966,21,2.0257667374723627,2,0,0,39.996117325344095,2,0
96.30576718329888,22,1.4247300527863986,1,0,0,51.282518405885185,4,0
7.855255841641934,16,1.937993947906281,1,1,1,91.05238490048106,5,0
63.233467319625646,18,0.2714276488657149,2,0,0,99.67315691694317,5,0
44.50743747414365,14,4.783524410748422,1,0,0,18.415989395024646,3,0
319.4693228850143,6,0.8530459737399382,1,0,0,53.17284820078244,3,0
157.29759402905773,16,2.6350135693988284,1,1,0,54.32506873851006,2,0
46.10527005386557,8,0.4334154244854346,1,0,0,42.07078951263582,1,0
35.32395331402559,10,4.610003520155283,1,0,0,55.82626292969429,3,0
178.2753014448644,7,1.9214432660481648,1,0,0,48.67007361006654,2,0
45.04894974716553,15,4.132227259337318,1,0,0,213.0579146349769,3,0
175.69361524819567,22,0.35149386115904624,1,0,0,117.99164088089157,4,0
642.0878503734792,20,3.466387864172409,1,0,0,29.980710242722495,1,0
91.47130186764586,10,3.89289450109504,1,0,0,141.4191167672348,7,0
50.15370282023237,21,5.325966941738999,1,0,0,105.33856052957192,5,0
275.5123166574318,15,8.863837747590452,1,0,0,35.027547579874984,3,0
482.35225825029437,16,6.748750465648307,1,0,0,88.75384633603686,2,0
21.793990508982564,9,6.716418494707847,1,0,0,5.021784278083655,3,0
296.3992897331245,6,1.9789251963639953,2,0,0,34.42222747288293,7,0
439.66664560493984,19,2.6915116473354574,1,0,0,18.670339179194848,2,0
14.983110530397292,7,1.0284649308207956,1,0,0,49.584819185989716,3,0
52.580968685974995,7,4.2024300160160575,1,0,0,75.29630908814889,0,0
73.92700533630682,15,8.389636656261665,1,0,0,53.02793439713161,3,0
91.4804042277673,18,1.0679211445016366,1,0,0,20.882527958768303,5,0
16.698725894565698,16,4.201106171612816,1,0,0,239.6921678766598,6,0
39.94876072429132,14,13.299777367858855,1,0,0,99.1251267442166,2,0
103.53267183951229,15,3.7901971885526535,2,0,0,33.793362467562154,5,0
71.25578024816777,21,4.233787864743236,2,0,0,95.10594863006058,4,0
132.84183309297993,18,10.095547732877865,1,0,0,67.78090059871681,4,0
57.78433676959717,9,2.139761094141595,1,1,0,48.998129494820276,3,0
81.918997956093,21,1.6371052108116788,1,0,0,19.398491860839965,3,0
718.6277132647141,13,12.73151344195413,1,0,0,23.490161267446823,1,0
33.82622144824365,14,2.323160907262297,1,0,0,394.7453560435433,1,0
94.39550620442193,11,0.5536870995605526,1,0,0,175.9076515169831,5,0
58.422717991395544,17,1.7972148403933863,2,0,0,197.03215486061077,4,0
122.36877572538631,17,11.05897803464269,1,0,0,126.89194792006667,3,0
96.76177677143451,12,0.22730680464257816,1,0,0,212.26987719922647,5,0
46.27388216734458,7,12.637511813275617,1,0,0,67.01604881562976,5,0
6.068511527091192,20,2.4677740815220495,1,0,0,416.14031786173035,2,0
21.36147002684562,11,11.003894165658687,1,0,0,21.686189121031166,2,0
60.13669698966932,13,1.9307242155949345,1,0,0,94.74179354300477,4,0
166.49432621394942,12,11.442241977449992,1,0,0,56.183286243055875,2,0
68.36620145596703,8,14.060501494050088,1,0,0,73.08513424216264,4,0
347.9432410267601,6,2.279255150980719,1,0,0,135.70424501645434,4,0
80.15825977269756,15,7.677951991333388,2,1,0,66.61359092891128,7,0
57.13702219529313,17,0.7440257038910125,1,0,0,67.10040006113057,5,0
65.37720969444081,10,9.255162902398565,1,0,0,70.31054689741289,1,0
22.00084578318303,13,11.149300110579254,1,0,0,30.79873385192618,5,0
410.0971386830466,16,4.144972941004326,1,1,0,120.43822591641067,4,0
58.75808421218542,21,8.374844826208255,1,0,0,95.6382197798825,2,0
32.63940410337923,6,1.3248423278385713,1,0,0,57.592909005719946,1,0
1019.1421126409267,16,11.083368289943373,1,0,0,129.9723766836766,0,0
73.84292756198046,21,2.9300958689116774,1,0,0,335.4659731376528,4,0
138.07739967676474,21,3.0044556370775517,1,0,0,136.60473153979584,4,0
150.797702146748,13,5.140759160865138,1,0,0,70.31424362307745,1,0
3779.175884624408,4,146.0607174683184,5,1,1,298.9380004340965,11,1
108.78008847054451,6,0.23518163700987504,1,0,0,38.469553187852284,1,0
616.122492252766,7,1.0152261692151991,1,0,0,22.274018743323065,6,0
52.88513247342362,12,1.1924788084054825,2,0,0,128.32831109586579,2,0
29.622732103689394,20,2.912649452107777,2,0,0,35.38680857186506,4,0
183.6438768266479,15,0.22892257906303076,1,1,0,73.44109589447308,6,0
146.25620426737504,12,1.5629533052536932,1,1,0,18.13281411447691,4,0
109.22460595538176,12,2.888277691283168,2,0,0,141.54727864735162,5,0
259.4926892816063,18,8.99539797793728,2,0,0,95.19361009946445,1,0
185.1186466778318,20,0.5390576498737994,1,0,0,234.19537288035457,4,0
59.53422138403985,13,3.5579257151842114,1,0,0,315.9339839352613,4,0
189.17687393504963,21,3.8388888061065254,1,0,0,137.45153874356788,1,0
13.307921365815618,13,2.5701951921959845,1,0,0,37.551826069925994,2,0
457.58328660089484,22,1.5189754988173263,1,0,0,127.69581058274022,4,0
125.53787555914181,19,29.64965680289712,1,0,0,52.56141110911614,3,0
109.22921618322522,17,2.005507667020115,2,0,0,86.93921216505898,4,0
237.16827153613454,12,0.9307436094334774,2,0,0,104.3771737515504,4,0
73.28618699777955,9,0.23878660156565723,1,0,0,193.58804149336805,4,0
49.34682598171476,10,3.0140942729079336,1,1,0,93.45301430894128,3,0
197.157475870047,16,4.561362381534153,2,0,0,170.6568708792438,4,0
78.40734940225475,11,5.050122378023353,2,0,0,13.660552322121879,4,0
110.47164507819818,22,2.4206270940099586,1,1,0,188.5072260476025,5,0
45.39355679860349,8,4.28266662963357,1,0,0,15.219574623030093,7,0
50.21319628911233,8,3.563555564318605,1,0,0,70.16144640079278,5,0
54.48610830256418,18,0.6996064273711597,1,0,0,56.85600891438273,1,0
139.70055382181408,13,4.652256812242118,1,0,0,36.31589674667176,3,0
45.54130721234789,19,2.779661707141905,1,0,0,954.7308612596038,5,0
154.9899370230773,14,0.41971509695060705,1,0,0,258.53141176365153,4,0
46.40356281331609,7,5.156607943037349,1,0,0,19.19072457554719,1,0
480.5155898369371,7,5.555026690093672,1,0,0,108.79358989784177,6,0
311.6354723562517,0,322.8989593780893,3,1,0,16.403170652297643,19,1
33.793848040373646,13,6.2730128805422245,2,0,0,130.54077100444943,5,0
203.92785905132413,14,4.090117415059444,2,0,0,89.49180101483472,2,0
29.268327737248846,9,2.5191241163969105,1,0,0,207.95760649522992,2,0
32.26293847486259,9,10.818348642272454,1,0,0,119.77370807712859,3,0
65.55550362656149,8,1.3036855961838658,2,0,0,37.54878509474817,6,0
125.45916543036218,10,3.2060026082121014,1,0,0,55.65284790095149,0,0
107.52259386079999,20,2.3654496462696404,1,0,0,234.9955179529256,5,0
316.14388410865587,22,1.9024262170016555,2,0,0,145.03417376169145,3,0
14.178708953010183,21,4.150169077531322,1,0,0,81.90047898906737,2,0
61.64673431192787,12,8.071875500958406,1,0,0,58.935416750499144,3,0
114.41792409779154,14,19.599967352288132,1,0,0,118.90768144994877,2,0
277.70656358232605,22,2.6391289154760593,1,0,0,48.7435529418816,2,0
107.6060275073865,19,2.5057788933074128,1,0,0,115.20783099329559,2,0
137.8115546855468,10,5.3496241401961795,1,1,0,172.4978539359741,7,0
51.93927083509491,14,1.821891193761146,1,0,0,146.78208936516074,2,0
41.55385164924108,12,3.5733032074852344,1,0,0,141.34726576449094,7,0
1258.3596433299908,4,1191.5380647848601,2,0,1,52.702514924585294,15,1
159.25191681003542,22,0.07733845797671204,1,0,0,33.112401434626626,1,0
94.20671620471475,20,1.9762643668641764,2,0,0,40.7648379623274,7,0
108.13084328546766,6,14.48550820371163,1,0,0,86.87107013145771,2,0
40.43829631679802,9,0.8966578665300912,1,0,0,28.721832542409686,1,0
58.164794369096576,12,8.088277411148233,1,1,0,189.05361184180146,4,0
16.655174024227318,7,35.21724021413625,1,0,0,58.81498944906825,3,0
83.27620074317495,12,14.453484729769016,1,0,0,99.9540744900858,5,0
12.786591555066158,16,11.919433028457751,1,0,0,105.49522278890919,3,0
482.8699594076998,19,1.4379014613117544,1,0,0,67.83938026787621,8,0
369.0500898748344,16,2.4141738524393808,1,0,0,83.76041022194686,6,0
71.09592437898276,21,2.386122852925855,1,0,0,300.7818403295945,2,0
109.56534943118307,21,6.695143400522003,1,0,0,58.78985183671365,2,0
72.80546565760821,21,3.207124239100368,1,1,0,38.83843682204221,2,0
40.05586738301791,21,0.6122977709844645,1,0,0,36.18858831130084,3,0
32.22517928975227,14,5.122055775909678,1,0,0,93.37356765854715,3,0
62.81735282728416,18,8.92212670342708,1,0,0,93.07242415110511,4,0
10.418203607964175,11,9.052965378423396,2,0,0,138.27669584723375,0,0
39.36074722770901,6,1.1835991793335197,1,0,0,73.96298671563956,5,0
66.00247851738938,10,2.5980537610202625,2,0,0,94.4462096840262,5,0
95.00194328597857,16,4.947148881226214,1,0,0,172.07826324037157,2,0
93.1381121369961,6,10.07601020832837,2,0,0,34.395571210870855,4,0
46.18553338158817,13,0.25017582323120025,1,0,0,89.71663947950144,2,0
325.09085437286785,8,6.3698696519109745,2,0,0,74.85554518666916,2,0
217.51906298567621,9,6.966888570872056,1,0,0,227.63772527519467,3,0
149.16022865695828,20,1.9215772885163238,1,0,0,205.23173722241904,7,0
215.33544037136923,6,7.575813250464765,1,0,0,77.72761516015497,1,0
23.182975516999274,14,3.946418614735732,1,0,0,34.69161703711885,4,0
108.40103412979002,13,6.495748793962798,1,0,0,91.79627110021462,0,0
84.77175913910884,19,7.884453014823728,1,0,0,59.78306802747584,1,0
172.62752553848586,21,1.5288353942257202,1,0,0,13.941665262364326,7,0
136.75701744966653,20,0.9422953046895408,1,0,0,89.61345023707092,2,0
54.11093950049054,21,2.3075270282315086,1,0,0,501.2500438094136,5,0
29.763029790833603,16,7.7931022296856876,1,0,0,119.74137954174017,1,0
169.42455746812738,22,1.820222837429486,1,1,0,44.318079272117,2,0
50.07815329996409,19,2.0564798477743813,1,0,0,115.24099335185993,6,0
777.7068329243046,8,3.401629929716128,1,0,0,148.02208860514577,1,0
10.075213463187486,12,0.5814747840845382,1,0,0,42.314410259827945,8,0
215.10466065617894,13,3.44843842760493,1,0,0,83.26859825154324,8,0
85.5312072979927,19,6.259119986520959,1,0,0,207.47020735046812,3,0
22.700398950521535,12,5.2900998272384,1,0,1,64.93360103034993,4,0
103.08598197096367,18,7.953372239150374,1,0,0,95.04227615639748,7,0
52.52236939972334,7,3.665508883528225,1,0,0,159.76560579582963,4,0
61.4003881796695,11,9.349776130719397,1,0,0,69.03778769133343,3,0
231.64627573470364,15,1.836405291437134,1,0,0,80.41071646100234,0,0
452.7661148843893,6,1.980776219206576,2,0,0,115.97788044146576,3,0
14.35690834057235,16,2.0906248536947776,1,0,0,83.48233194362551,1,0
60.266688894475706,18,1.395147911245643,2,0,0,95.6937969577293,3,0
43.25331863552755,12,1.442391548129559,1,0,0,127.44887901129601,5,0
11.417356782510925,13,1.6880016693175492,1,0,0,47.95108385399148,5,0
221.5244744100153,16,8.207098658176644,1,0,0,113.6986299634796,4,0
1543.2872778812932,3,296.70973294261313,2,1,1,137.86100584445808,14,1
24.035775996196808,14,2.7774134623012188,1,0,0,117.78576520791854,6,0
208.64203378386586,18,1.2957002429873437,1,0,0,42.609197012631014,2,0
12.79299986729152,21,0.27544397745580834,1,0,0,47.80918327854495,5,0
139.1025635476267,21,5.184734636626311,2,0,0,94.74968828660445,4,0
271.4342708433252,6,0.5365607407277477,2,0,0,65.98848143628395,5,0
78.07114411225018,9,4.5020393615051715,2,0,0,36.2559667274003,4,0
284.1457651358933,19,9.347058236657833,1,0,0,88.85344419854235,3,0
84.95854126026414,8,2.9185261201490427,2,0,0,445.5301270167265,3,0
267.4064148823017,10,11.753758859970507,1,0,0,352.82539580536707,6,0
136.56512054934004,13,1.6540898876548114,1,1,0,269.80491488072136,2,0
38.614979846520114,8,1.3246487205303112,1,0,0,61.687023236709386,5,0
39.17524657854723,10,0.9871772410732602,2,0,0,348.28088157479675,2,0
37.60131072690222,14,4.930728797648122,1,0,0,112.30210880984342,0,0
161.9459137043487,17,0.8871221404934386,1,0,0,230.7258048672578,7,0
16.96947133972515,6,8.51191375841395,1,1,0,151.76664005212916,2,0
15.36117294248112,11,3.910032946421988,1,1,0,99.72274177802429,3,0
120.44614880256222,22,4.462650315844278,2,0,0,114.0715743504933,2,0
391.42121595229594,15,1.9428452677551997,2,0,0,98.28753532702787,5,0
187.56141450517822,18,4.017345996106814,2,0,0,128.58604195949945,1,0
2101.255995146524,0,339.5439387875047,4,1,0,47.91383541406636,16,1
54.64518193542036,19,7.800567911136204,1,0,0,31.53938487266483,2,0
97.79875561355475,12,12.33913367521584,2,0,0,241.36467624381194,6,0
58.92758299080191,10,3.7105895884456035,2,0,0,116.44922227028998,5,0
50.86900028286785,13,8.43654768104456,1,0,0,50.88543176045319,5,0
235.16909210744407,15,1.0822123977039713,2,0,0,6.870501129729211,2,0
292.6108133614377,22,6.274585454436662,1,0,0,406.03236633230176,7,0
98.66800961592178,21,0.6219254877779431,1,0,0,43.52390252385638,5,0
94.92236176855299,13,5.31129644998419,2,1,0,62.101019076845255,3,0
23.800018887296726,16,2.2427307173683806,1,0,0,200.28946951182812,3,0
82.57129828506407,7,1.891342430293776,1,0,0,110.15522243478777,3,0
41.21670444462644,14,8.495860878288116,1,1,0,91.84961370533377,1,0
2775.57114549242,2,304.15385541994476,2,1,1,74.88578931001518,19,1
51.36263019431663,21,6.207556559060268,1,0,0,62.05828581455895,3,0
33.286224993081134,13,6.447617353241012,2,0,0,91.75123369994436,2,0
86.69231991565621,20,18.686442397563397,1,0,0,47.39873692812579,3,0
144.79731332983175,18,2.4306939405164756,1,0,0,25.235791665418226,5,0
83.9175096650731,11,1.571504591038784,1,0,0,250.18897508243003,3,0
142.9637773394195,21,3.47978729010142,1,0,0,194.0796488295844,2,0
32.07396872205818,22,2.890331695423058,1,0,0,43.26428578853578,2,0
183.19462316948608,7,13.154189390587925,1,0,0,96.43842998635978,2,0
135.8519539842604,17,2.0230355152719497,1,0,0,67.3395988747832,2,0
34.302226423461605,11,5.786131141862802,2,0,0,56.38313257810846,3,0
64.34209360679284,18,13.395083024695605,2,0,0,57.33650568948572,2,0
48.14546535140433,19,7.038862739514955,1,0,0,83.31332293156339,5,0
47.73735200247287,12,1.8383762208720045,1,0,0,84.44108023150923,3,0
250.12549619202497,7,4.72333419526152,1,0,0,99.19404921859451,2,0
31.224400352756227,18,6.180670243518188,1,0,0,129.32876275111283,6,0
82.10767813251034,14,2.007690030504543,2,0,0,85.59884729122754,2,0
171.63599902586006,6,6.044074843266128,1,0,0,123.54482305723965,2,0
24.0411463341592,10,4.778756942462389,1,0,0,181.32070788342116,1,0
183.51972585786382,21,2.9886274179508856,1,0,0,71.23237501849353,4,0
32.69325801274629,11,1.526863068656463,1,0,0,40.03639715355743,4,0
97.91447447999226,12,5.892530977259687,1,0,0,129.96487787031072,3,0
114.85347938379267,14,6.925198896090949,1,0,0,62.17266119561425,2,0
116.79756976060851,13,1.049683532396418,2,0,0,310.6905714738836,2,0
54.4359744015089,16,2.321254976401588,1,0,0,162.681974336467,1,0
277.924665444038,9,11.176602449943438,2,0,0,34.16747607875452,5,0
436.7836060086446,11,5.576078042223976,1,0,0,37.348457737004765,0,0
167.28709129098033,16,10.968363711779794,1,0,0,171.5954188392344,3,0
52.703574861584215,6,1.4815163486951382,1,0,0,29.136261522429013,4,0
100.44110944512168,9,5.453457066882102,1,0,0,100.54581241430967,2,0
176.47537553715645,20,10.671896643292733,1,0,0,76.76999454498929,2,0
36.86315285417439,12,13.875037039850406,1,0,0,22.164524283827035,3,0
1105.4771102177333,1,143.89459972112877,2,1,0,52.65815601958917,18,1
94.07219951615089,7,5.287615058191607,1,0,0,55.01839624469952,5,0
46.82048680410812,19,6.667599840907399,1,0,0,289.0873652219222,2,0
13.038869285184884,7,0.714009037698478,1,0,0,133.52175506112232,1,0
60.48783282666072,11,2.475704480185508,1,0,0,13.47664054216968,1,0
82.58127021689647,16,1.490859477492189,1,0,0,82.54813195378628,4,0
94.42683669611627,9,0.1300971577901604,1,0,0,30.6117320624413,5,0
12.74841557833659,7,12.49419612042768,2,0,0,81.9184537289814,3,0
93.16529760182142,8,7.192983599967009,1,0,0,23.58932769598481,2,0
45.5096868898954,8,0.10175167655326382,1,0,0,46.1057603032288,3,0
83.02009295857707,11,6.706285733272585,1,0,0,145.0503660807149,0,0
388.2762288150697,16,1.725594903492673,1,0,0,138.09425724717084,5,0
39.087985801364425,8,2.1453819672074355,1,0,0,34.09167488482599,6,0
116.89201164911101,17,0.017352120294691534,1,1,0,106.07886746971414,5,0
213.26669775409493,16,1.4783608546846088,1,1,0,120.84547844946137,2,0
11.584205120543173,7,3.5035284033091636,1,0,0,59.4453130604207,2,0
24.723082091498654,6,11.46017708107358,1,1,0,141.2407510523507,2,0
12.549632956406093,7,2.1747875519031434,1,0,0,18.869334423092262,5,0
155.36648004372108,21,1.2240177751996575,2,0,0,187.69099819645,3,0
40.933646463153984,19,0.2233408767009437,2,0,0,193.9737562950447,2,0
80.45290243660918,15,2.019239468942711,1,0,0,83.23479341167793,5,0
39.61935183707366,8,6.452459973030733,1,0,0,151.93691151594675,4,0
400.89909370927484,16,10.150470582397526,1,0,0,52.16172482811006,5,0
47.61384240521764,17,2.2746551386963536,1,0,0,29.960924153216002,3,0
8.458269714342302,16,37.96578667181977,1,0,0,43.0216547133998,1,0
106.25682348722448,13,1.7995912844649997,2,0,0,154.6663946010215,6,0
101.55847702344577,14,0.599090804662581,1,0,0,178.6696213698273,4,0
228.52965129166418,9,1.3767121447403632,2,0,0,51.31247578000456,4,0
131.95135285640072,20,13.057828356774886,1,0,0,90.65612675696836,5,0
80.2593734683524,17,10.219535661887676,1,0,0,412.594278186558,6,0
229.88292041108596,14,1.19832404511756,2,0,0,47.69065599422815,3,0
769.5646190112675,8,6.697829369772829,1,0,0,16.331009776771108,5,0
74.75037640729784,10,1.888194025860239,1,0,0,62.00486139413094,3,0
84.4978457624867,17,1.417094354709212,1,0,0,31.477664533956602,2,0
130.14813593116645,22,1.5963262097439244,1,0,0,140.48955838762316,2,0
306.1112975007568,9,7.355803607756885,1,0,0,80.22145239998181,2,0
18.43727246662016,13,2.261725422146528,1,0,0,51.9464578743376,3,0
378.2559160635586,13,2.915624863069289,1,0,0,34.8408314777716,3,0
49.045016768372456,22,0.5943975222673686,1,0,0,296.9708203621204,2,0
22.963038902330535,9,0.6291509242425233,2,0,0,174.77110307804386,3,0
22.036640747820535,6,1.977708703364429,1,0,0,19.657542929491292,3,0
42.150002428546536,9,7.409388333098336,1,0,0,31.559650050468008,2,0
40.11435612545821,21,2.5966764121644075,1,0,0,49.11455194389196,4,0
133.1144556893582,16,5.835627958048965,1,0,0,80.29950481160935,4,0
23.567652247886194,13,2.8458094512491723,2,0,0,57.57843306818204,4,0
185.49685719887893,9,1.8572107552466253,2,0,0,34.79367929098315,2,0
119.79755623830854,14,7.081367398561476,1,0,0,305.08897298014233,5,0
212.2784434268694,14,0.6265658141682717,2,0,0,52.91474816673874,3,0
69.84817252121867,15,0.9305724506840212,1,1,0,149.51076315133255,0,0
2305.5924937843697,22,2.1806566832744227,1,0,0,253.14500093611983,1,0
53.48329667319213,9,3.6689724844546303,2,0,0,153.7872226986413,0,0
55.46441522885128,13,2.157215216061837,1,0,0,88.45779721374754,3,0
70.3819974110971,13,3.2816783974093457,1,0,0,49.38626265280464,1,0
15.403771976543187,9,0.55958509302159,1,0,0,189.4518638166286,4,0
307.0262423447461,19,0.4909077447912501,2,0,0,21.56244949869123,5,0
93.1714190125935,20,7.913618212162389,2,0,0,44.73378561619491,5,0
78.43411237996149,16,8.028178250427034,1,1,0,398.4166507389715,1,0
63.63912303180441,19,17.057040960746225,1,0,0,96.83206888345852,4,0
213.6306062905964,7,6.954916589134567,1,0,0,678.2777655662945,1,0
130.78224437127852,7,6.287554960594114,1,0,0,75.8309810081066,2,0
39.55056847221902,20,2.674853144110228,1,0,0,46.62317000344391,2,0
528.9006651257934,10,4.868560480383382,1,0,0,125.81586378559192,4,0
31.590057383152597,20,6.442311904664661,1,0,0,84.36433964861982,4,0
414.39211513371197,18,9.157178845411215,1,0,0,99.94545810233078,2,0
296.9567589601441,19,23.237305362826355,1,0,0,7.875116330253098,7,0
98.33764225871835,10,3.3225053403166087,1,0,0,25.812034761417493,1,0
31.845269021611742,14,6.444301760682924,2,0,0,58.45854212172976,3,0
37.115299353453864,18,2.242374413395333,1,0,0,108.60253443847266,6,0
111.79032018069987,8,4.01443883396131,2,0,0,80.40051034526907,4,0
126.9830891843076,11,0.29188184311196086,1,0,0,146.19736061545657,7,0
14.822365276512217,15,9.478121731629372,2,0,0,18.36253161855151,2,0
31.010234717689336,17,3.098927821096748,1,0,0,49.09310877362889,3,0
799.9408061165118,2,977.7486673953482,5,1,1,301.14444169081867,11,1
322.77819549716355,11,1.3025116229286426,1,0,0,79.43302299019788,3,0
261.2506718800428,21,0.387386049941017,1,1,0,155.66605533933392,6,0
184.7407167003316,16,1.0969595865029427,1,0,0,201.6890203144878,4,0
778.4526857581915,16,1.0354109224219323,2,0,0,76.00975710675061,2,0
81.18619657926011,9,0.31740868488436497,1,0,0,58.94726602698772,2,0
84.16023447825573,16,2.9178436414159865,1,0,0,39.42427176053778,3,0
94.25523671395045,22,22.669226713327937,1,0,0,121.46358198500798,4,0
708.057226801656,15,3.4275461725437,2,0,0,554.1633611105623,4,0
184.1025789885203,19,8.177564089996652,1,0,0,86.0117160567045,2,0
27.9125136499491,12,0.7242588867985306,1,0,0,27.824188963654965,4,0
15.199761715168833,7,1.561343458828338,1,0,0,51.804358937634575,1,0
62.92915473292626,17,4.500038159431504,2,0,0,14.212704082572253,6,0
310.38588446639295,22,0.41558779358770387,2,0,0,88.89839615146677,6,0
91.3801018112639,20,1.960826034603744,1,0,0,61.81366263768785,1,0
82.90922215864558,14,3.355456566981312,1,0,0,96.41447869069896,4,0
55.177792220228135,18,5.376697537925943,1,0,0,112.31922039489683,3,0
94.78972116483136,8,4.992180355292145,1,0,0,40.09402477887817,2,0
110.30353278099535,11,4.91456287993037,1,0,0,58.13818140677219,2,0
29.85674217323417,8,7.731505584261914,1,0,0,121.45122363902131,3,0
123.96077577207473,7,1.9299185562367476,1,0,0,227.1078081319882,2,0
92.31539009561585,13,13.011061373616712,1,0,0,128.68271312083456,4,0
53.84445210677602,20,1.6034786156429115,1,0,0,33.413929646982695,3,0
149.34230040603197,9,0.10406357256504356,2,0,0,81.43109965259768,5,0
139.55736547973214,17,5.163670038425252,1,0,0,219.4225988994169,4,0
125.76794654349372,11,2.1982139227804627,1,0,0,188.43021077087968,6,0
80.88024792453133,9,7.637019392823339,1,0,0,80.63051602979542,3,0
465.6999343978693,22,0.7248770706235336,1,0,0,273.8019912347222,2,0
545.351259155562,22,4.91358911801636,1,0,0,80.08311920856687,1,0
15.286460955858528,7,34.1655979530924,1,0,0,38.617354364332535,0,0
30.077568913824177,10,2.568198485843312,1,1,0,76.55099486779181,4,0
140.36740569718458,12,0.9189016717250547,1,0,0,57.91983495379675,3,0
17.0282665878581,6,5.048376937169632,1,1,0,54.87838195774457,3,0
119.46855065006633,9,3.574311996291781,1,0,0,99.31262282708231,4,0
454.4368557713979,1,288.00681269277504,5,1,1,34.06084050006725,8,1
134.59470493889884,16,1.530678207975361,1,0,0,23.849187247164924,0,0
47.90182467201468,18,1.202606780525726,1,0,0,78.08092246791779,4,0
46.81640432876044,13,0.27318748010472327,1,0,0,157.3170618129812,1,0
573.6618119012367,13,8.283070598184434,1,0,0,48.502551247605254,2,0
723.9431891130344,11,2.8168338821065895,1,0,0,20.122306120621296,1,0
61.222009614401586,11,0.16949183300898338,1,0,0,203.7855423514706,5,0
166.24459465796372,11,7.670342471976504,1,0,0,108.9704634077555,1,0
177.99285496051124,18,6.6270526703921275,1,0,0,78.02761479549638,2,0
39.70874077277407,10,5.532091527326097,1,0,0,46.44930431491673,4,0
57.32754209405758,17,3.8739828417773263,2,0,0,24.995854606490198,3,0
137.75060832616387,18,1.7852162165383403,1,0,0,88.46546551969661,6,0
51.37949140928429,13,11.063917689908102,2,0,0,72.96449486615604,2,0
219.48934448946062,7,0.8235199762159446,1,0,0,167.05318419243258,1,0
87.67126924640323,6,5.359339674344307,1,0,0,45.701894749166804,2,0
48.61483759710221,22,2.946986064218508,2,0,0,189.59969692961042,3,0
18.26970167976774,8,0.2665580739336854,1,0,0,151.75259823281914,1,0
25.623069696925597,22,9.760716764405506,1,0,0,17.84453251207843,1,0
288.85259909206627,16,0.6596810368913587,1,0,0,95.48861753073403,2,0
63.90839942477255,7,2.4292829290008324,1,0,0,46.9885336770505,8,0
63.05616994633375,13,20.650116173760317,1,0,0,84.32838027089954,2,0
90.07861769392056,22,5.515269559179062,1,0,0,262.6409342539392,3,0
147.29704527111315,19,1.1697165467218553,1,0,0,54.558125224998555,2,0
152.90306796626194,21,3.209084625323113,2,0,0,51.346958623899624,4,0
48.325781390215155,19,9.040142985731016,1,0,0,18.02261460872338,4,0
43.989746106444436,22,3.050665186724655,1,0,0,150.42224131902287,2,0
82.78791032398898,13,2.5268619033945017,1,0,0,31.656847578125227,3,0
167.89559043159022,10,8.874860910058418,1,0,0,170.85812745132137,8,0
61.55697407656305,11,0.9707803057748501,1,0,0,48.42490751676319,6,0
191.93884796279036,10,5.58459574629132,1,0,0,94.4099334059802,5,0
41.64499516434974,20,2.87911815522715,1,0,0,103.17608970499349,0,0
49.420237444808386,17,0.3586545149325514,1,1,1,34.4415085529427,3,0
55.71676578870317,8,5.329525074375473,1,0,0,116.39601066980505,1,0
80.02547875434836,9,14.592214532289685,1,0,0,412.3184967223861,1,0
31.59750778416988,22,0.3614284917740291,2,0,0,1072.869059404359,1,0
82.40340117618608,20,12.050922986699975,1,0,0,344.17448014200744,2,0
48.85334484918715,10,6.144560093936958,1,0,0,19.394207147792404,2,0
305.8464158892552,12,16.882094302544388,1,0,0,99.2670644920142,3,0
72.70475279102472,8,9.068137795482322,2,1,1,41.60339995919107,2,0
29.05270413982815,14,11.582161035382395,2,0,0,61.89689528823531,4,0
314.0996901843882,22,4.137171385876002,2,0,0,83.63138108022989,5,0
180.83535390263393,6,3.3248791933185844,1,0,0,82.10772073085703,2,0
394.0746465989358,15,7.097715575447992,1,0,0,64.72375745939495,2,0
51.670693921007604,17,11.688686256128607,1,0,0,168.03919725194592,4,0
85.20890945053004,12,2.830757421063494,2,0,0,136.6187303129051,1,0
144.55095524001857,13,0.10776336341513346,1,0,0,260.1204649623102,0,0
74.192202000702,20,3.4281218849058313,1,0,0,58.8148513759639,2,0
38.509122027564146,21,5.9081640764765675,1,0,0,55.27976398055371,2,0
275.8032580981989,18,11.802918374424356,2,0,0,80.99681692487383,1,0
108.46790413224424,11,6.073959488237467,2,0,0,54.52993685236521,5,0
61.82861815599602,21,3.006027583143831,1,1,0,114.6230104834475,3,0
120.87044299310101,11,0.11125955467558948,1,0,0,95.11653562624998,2,0
141.6748015783931,7,4.2648761146290015,2,0,0,130.76729206614064,2,0
124.08881555413119,18,12.833319157912591,1,1,0,37.81119909399981,4,0
7.226263390958223,6,16.225704774634927,2,1,0,120.57813752680666,2,0
80.24216047940845,6,3.1622203346072713,1,0,0,54.753891479155044,1,0
37.04859719201003,17,7.526822687766107,1,0,0,147.84361650790277,2,0
44.404059521668486,10,11.219799425507214,1,0,0,41.43926088894711,1,0
154.0810410537599,12,4.2368359106672795,1,0,0,180.1357341665867,5,0
230.30198284143322,0,338.93172105449133,2,1,0,65.35826887822685,19,1
118.1055642935389,7,0.20977872114687615,1,0,0,24.817918028680047,2,0
150.3679695018974,17,1.7480526217942747,1,0,0,182.83640475861347,1,0
247.21900083181745,6,6.0427850304165425,2,0,0,151.84460066166966,0,0
20.442237232776517,9,4.109287115977837,2,0,0,101.90622787840996,3,0
210.5208148320869,20,11.738821622442352,1,0,0,329.9098800633675,4,0
98.24592299759938,21,2.852986630418008,1,0,0,142.30626954782318,3,0
4.955440778495954,15,0.49493853588208214,1,0,0,273.5313441483403,3,0
13.340473585546851,18,2.033609420760647,1,1,0,314.97139983076755,3,0
75.02635232398141,15,2.429733036548383,2,0,0,48.07039337381925,1,0
155.0084107995715,9,7.529433614204684,1,0,0,40.67770631014823,5,0
103.0721094183216,9,4.802423464455499,2,0,0,568.8329861783178,6,0
209.9438146153816,18,4.675904791221556,1,0,0,169.19913652409366,3,0
266.7683586398682,15,17.772481037284834,2,0,0,194.5909104806487,2,0
173.8413385826086,12,43.67956011891106,1,0,0,69.36460818280194,2,0
38.23118262551203,7,0.10051068126564314,1,0,0,172.72521074154926,5,0
109.07156615043085,20,1.334109661958929,1,0,0,46.300784666491424,3,0
83.19702582725964,10,9.268158028201869,1,1,0,37.47189998265364,4,0
122.1379124107298,9,6.882468484139909,1,0,0,64.77389917545082,2,0
136.87262307439505,17,13.861699395870431,1,0,0,261.99776620858705,8,0
355.88628923810387,19,0.04708517507772644,1,0,0,40.18080508268651,3,0
84.82453414723221,6,4.678441271935483,2,0,0,182.51990052848942,2,0
144.52780324372404,12,15.734687011294694,1,1,0,113.90681533790541,3,0
509.8119613129322,13,1.1212651570491685,1,0,0,38.60205301676663,5,0
1135.9108024739228,0,415.1724936738426,4,1,1,33.60519028719927,13,1
98.9506305728357,18,0.22903815304702063,1,0,1,26.88374767248921,3,0
77.87425581533364,20,7.730248701960685,2,0,0,237.10439558858812,5,0
72.84493603941293,11,1.26003477505943,1,0,0,34.1739116544677,6,0
86.57235000872134,18,9.299970922883269,1,0,0,50.45533632287084,3,0
30.253168492857213,14,3.3030112259831563,1,1,0,66.04904466273936,3,0
55.03905890690444,17,15.562059162704621,1,0,0,118.5743512792186,2,0
125.67033700465089,8,6.399764496277214,1,0,0,48.35271485432106,1,0
90.35042056302704,10,2.895149292398976,1,0,0,34.47217910140217,3,0
126.21130526572034,11,0.026907561878848116,2,0,0,83.03245851339646,3,0
120.27428668848317,22,11.39231247689644,2,0,0,139.5046106741418,5,0
61.83688059978176,14,1.4573726735432004,1,0,0,169.76512268216925,1,0
37.83049090310554,18,3.806161676937948,1,0,0,145.43831324977054,4,0
459.49587512316236,12,5.315080443256383,1,0,0,38.47653776347447,2,0
213.95274955486363,11,8.227376551308268,1,0,0,111.03475491825075,3,0
108.09326828212161,6,11.876486964830749,1,0,0,320.1120884538198,6,0
48.76518951604779,8,14.076930838040553,1,1,0,90.9585138575387,4,0
68.5425882694901,7,7.570352352204663,1,0,0,72.86067157270782,3,0
41.27237228832822,20,1.3440600794562088,1,0,0,25.751976514648,0,0
86.63259793409586,18,1.174017815658854,2,0,0,52.07535923509925,2,0
167.81294430839986,19,2.70637482556915,1,0,0,243.2786271111844,4,0
107.8802222796523,6,0.4088586915768028,1,0,0,84.21805239647688,2,0
84.81518913685629,11,0.029115913878778394,2,0,0,119.237854013575,1,0
80.22023320837393,11,4.275903454596255,2,0,0,76.07408557957552,2,0
182.05998302780975,18,2.223622409891908,1,0,0,115.64553563789426,5,0
49.55226504781786,20,2.19176614965267,1,0,0,65.21165212796905,3,0
69.48389688972867,15,16.259716561464234,2,0,0,119.76801819044071,2,0
451.42859493447907,3,437.265508349478,5,1,0,50.79727143381586,13,1
266.66204728673426,19,11.60691223071391,1,0,0,100.72833883162804,5,0
88.29484238147606,20,8.079351743494335,1,0,0,59.30784490064029,2,0
269.49426722495815,22,1.6439483640179764,1,0,0,41.90624144696662,2,0
93.21306992342707,7,0.7154108899266055,2,1,0,39.42033800345987,3,0
68.10407635051338,17,29.145368464343253,1,0,0,124.90523296671469,7,0
72.68052984791572,9,0.45667882851507735,1,0,0,101.9545073566601,6,0
62.3520197775524,14,4.257839284039703,2,1,0,86.78766236513887,4,0
932.4613895834411,10,3.4586623883305148,2,0,0,55.451815474576215,2,0
1.9412739863494124,7,0.24464457509618676,1,0,0,95.69439168752386,4,0
39.558461054117984,6,15.57755682064305,1,0,0,87.68590813938125,1,0
202.63301892871553,6,2.9525784836039293,1,0,0,123.35933128855169,1,0
355.980665558479,21,1.9255030653928709,1,1,0,34.023134076635934,1,0
94.85365025706888,4,509.72617453299364,5,1,1,117.32082309069845,10,1
49.764266038589774,7,4.610716095850696,1,1,0,82.7668636116851,3,0
142.21276497355342,19,1.3652651375370373,2,0,0,92.04385280736645,1,0
27.744507348954286,6,0.6890386693873265,1,0,0,96.67616511805667,7,0
171.5182720136205,13,7.780693054530237,1,0,0,311.70448009876424,0,0
161.21479127849793,11,1.1879353956874357,1,0,0,363.0914039158769,2,0
6.4511103351899495,10,2.3216263423338517,1,0,0,75.30123996189552,6,0
63.31224043033575,9,14.827047874315396,2,0,0,116.19106246728731,5,0
34.48625239356284,10,10.863050586161682,1,0,0,127.29331166743243,2,0
292.4867356866188,9,13.92895329203739,1,0,0,41.9712821897127,1,0
312.52347324414814,8,1.593259977662703,1,0,0,69.861094381708,4,0
35.71368725728247,12,12.683060340160168,1,0,0,164.51198934847466,1,0
717.1326802370555,15,1.648683413665608,2,0,0,138.8058401048634,4,0
47.41405640944626,6,13.22413879642881,2,0,0,26.404449224301878,1,0
89.13527782939614,9,12.865141701585179,2,0,0,15.622119068873674,1,0
789.1391892342772,14,1.1821803665761266,1,0,0,117.80064489294205,4,0
208.3770364923007,8,2.665702497355089,1,0,0,122.47683213485264,3,0
38.805053611662565,10,1.0068987980526418,2,0,0,150.56588308842382,2,0
161.06077377612948,9,0.747806936047793,1,0,0,271.79046819437974,2,0
72.13120389814125,20,4.084568685510239,1,0,0,103.59920249231274,4,0
20.559904106224465,6,1.8694221827263005,1,0,0,51.86784397162869,0,0
151.70556434615514,8,1.5000623759432137,1,0,0,63.363877716195255,1,0
12.780393010572041,20,0.26423926869330194,1,0,0,35.654793617483406,4,0
39.11092020131528,16,1.124429345283629,1,0,0,28.76714703574616,1,0
177.14951568382406,18,3.263240446741708,2,0,0,99.82896072044178,1,0
134.51984331481012,7,13.317761566016905,1,1,0,125.29585993663193,6,0
66.44495942328199,8,9.227917213501826,1,1,0,92.28081589506785,5,0
303.96641702872796,0,328.9172028392207,3,1,1,27.123838039517896,16,1
77.75161552280527,15,2.1911558514029874,2,0,0,366.4368582999321,2,0
113.28699134446279,20,2.3398528637261986,2,0,0,317.063664333372,1,0
3.7794340043526047,10,5.477798073617307,2,0,1,132.4141176728479,4,0
113.9936117882397,15,2.9813479712152064,1,0,0,192.05578265931436,2,0
87.17804361784177,12,4.765738755843134,1,0,0,248.7026064474101,3,0
177.723719780716,11,3.067464260324499,1,0,0,40.66606668795352,3,0
195.63066214037323,7,9.417435980430431,1,0,0,41.28754853031645,5,0
11.88001306097296,7,1.2966587239281502,2,1,0,45.063944337984,3,0
37.42663598847183,22,7.935905805121122,2,0,0,56.681196180784895,5,0
18.646496668808556,14,0.12088156290743267,2,0,0,159.67405938021935,3,0
35.679467167015204,13,3.0293683965774965,1,0,0,44.09364931331567,0,0
86.09001783329872,10,5.271827869873512,1,0,0,160.85316428669879,1,0
170.46727064453918,17,10.739892507494943,2,0,0,35.15427499035156,7,0
108.87748092720466,17,10.144824808964785,1,1,0,11.165224944293545,2,0
20.02796188374631,10,14.91662242332376,2,0,0,41.034750228121254,6,0
13.828890083372983,15,10.570477122603158,2,0,0,19.737937029008016,4,0
29.45352326109106,6,6.5678141969411605,1,0,0,85.04106336195156,3,0
29.776112782425507,21,3.379976007408223,1,0,0,129.86389573894974,4,0
37.725524911995116,17,6.813722870920586,1,0,0,65.64065992902118,1,0
76.86050084324408,15,1.992436035219183,1,0,0,87.73470561272437,1,0
10.947497434787605,6,1.6723596109531718,1,0,0,118.81741236205087,4,0
381.31736350293374,14,1.1625652000102464,1,1,0,70.36843487440112,1,0
22.93954308192637,6,0.09772469923955762,1,0,0,141.16141632691492,3,0
33.531223099298344,6,15.657332348859638,1,0,0,38.54865162068916,1,0
87.13826473336559,14,2.626783834483779,1,0,0,133.5066528377098,5,0
70.3217874961946,11,15.79083590920979,1,0,0,142.13571016762606,2,0
52.559835347307,21,15.782744892004153,1,0,0,90.23802656713059,7,0
42.9754315258329,22,22.84808255922681,1,0,0,176.1669116885457,0,0
130.15592402620203,9,5.9430193435939715,1,0,0,55.008689151959885,3,0
42.49046362708544,20,1.3921702531704567,1,1,0,66.57768576749913,2,0
2515.6557535954776,4,438.102286302575,2,1,0,96.72503028071212,21,1
64.94002472855468,9,4.385049183818779,1,0,0,69.73030331464405,1,0
1195.0880882718611,9,6.949083492591598,1,0,0,269.8711015431493,4,0
50.54031195048964,21,4.908394346714799,2,0,0,451.8973497888061,6,0
17.880118398498638,13,17.965862859495886,1,0,0,73.46144421310403,4,0
103.79085995906054,11,0.9820714695862007,1,0,0,249.65183311213457,2,0
253.52017772627272,10,5.06424462189897,1,0,0,28.208921221208232,2,0
47.77060463369966,15,0.36600762791484076,1,1,0,90.80217114194527,1,0
185.22337055013574,19,1.945524234197419,1,0,0,77.40918526664314,2,0
105.16377506349983,2,34.78494605842795,3,1,1,39.95241465923333,13,1
10.66966185738927,19,1.4497351720877496,2,0,0,28.545926953647086,1,0
168.27248393369106,7,8.076183009916479,1,0,0,34.51228641967926,3,0
14.833087446764226,22,5.132351809596182,2,0,0,187.49187630493978,1,0
520.5022349950206,8,4.33827020674397,1,0,0,34.879736759251294,2,0
14.75681000513103,14,11.428392705548038,2,0,0,95.51027163840806,2,0
508.3497178892781,7,6.596200542080757,1,0,0,34.75185337610941,4,0
61.96883361305597,17,4.553407924039987,1,0,0,24.291032422238732,3,0
86.8492590165858,16,0.316922292054751,1,0,0,158.41919928077135,3,0
60.625551855285856,21,6.198662462794047,1,0,0,59.38514817282799,1,0
148.66345279817506,15,3.2352997713626075,1,1,0,72.24595179239078,4,0
10.761846866515889,7,1.845386175883088,1,0,0,131.1883339847081,1,0
28.607090508641235,14,6.686029371493976,2,0,0,23.34900219838832,3,0
73.43639371345863,14,1.959467269451164,1,0,0,11.305419575302547,2,0
32.29075331809628,20,9.284837215339914,2,0,0,31.842311326165085,4,0
60.82417712915751,13,1.6882344314678672,1,0,0,57.55810149014392,2,0
224.2183429788405,18,1.4812409533994337,1,0,0,70.24734666604856,1,0
299.4452719700914,14,0.8652088125185142,1,0,0,89.39845812255852,2,0
162.62422182809428,11,0.16160499214257273,1,1,0,47.68528564903193,4,0
296.084911033364,20,10.735843730906172,1,0,0,38.56742331951746,3,0
10025.802958544771,3,581.1294990220517,2,1,1,81.05609872891199,16,1
18.088836683887624,14,4.9830101469259365,2,0,0,176.26632984140736,2,0
38.6461757180642,12,8.023989200658713,2,0,0,158.6058376152287,2,0
42.54592211932522,20,2.287779442188447,2,0,0,203.59344458764835,2,0
244.20550632837885,16,4.576911746184519,1,0,0,66.51949239436169,1,0
135.38680622430664,14,2.9854684862106744,1,0,0,63.241607850045426,2,0
40.32167501966546,7,2.688731650269134,1,0,0,154.8925293667204,3,0
216.45058802784754,20,23.724494805955256,1,0,0,59.94858836844002,3,0
29.818744532887735,10,12.376725323598063,1,1,0,44.99036568395327,2,0
16.56903132700512,20,0.8939349415418409,1,0,0,290.3827325832051,5,0
18.993643181604387,12,5.547949836866951,1,0,0,99.66828900158752,2,0
150.75079186720654,9,3.5871250854034633,1,0,0,37.28113634666753,5,0
18.057365811596693,14,1.2610031109359134,2,0,0,57.298624076846345,4,0
165.7061716373971,8,24.413365549094497,1,0,0,39.99469218026136,1,0
445.11016246972935,19,10.579415100492596,2,0,0,49.636341541705306,6,0
222.91427331026762,17,0.09353304449071345,1,0,0,40.66456000791256,2,0
197.39071359683015,10,2.2076236995607856,1,0,0,144.39463884045114,3,0
185.14427065632765,15,5.570628456883664,1,0,0,16.88549829293852,4,0
85.55840236726152,13,4.850939103253966,2,0,0,383.51725407907287,2,0
307.7275409883459,20,1.9743785521269233,1,0,0,117.48712278609116,1,0
229.53514796211127,8,1.556546800553718,1,0,0,99.95237487753624,5,0
180.39795079421057,17,2.6246283902615195,1,0,0,12.518156064377735,5,0
226.56793352730418,22,1.589513622650569,2,0,0,47.426193377047504,4,0
31.027885640187108,19,1.896342237294969,2,0,0,160.48282140053445,4,0
33.51947653851689,15,1.197501217018395,2,0,0,102.0147495829928,4,0
97.20497478382603,20,4.962284495534097,1,0,0,147.9553307071151,1,0
70.2631571985963,15,8.699179992957129,1,1,0,237.79017771220765,2,0
441.21091927237467,17,2.0385904877717893,1,0,0,74.05408894747382,3,0
361.7568705984325,17,21.68472184415038,1,0,0,75.16814892870036,3,0
16.36613227225997,8,2.660028622156323,2,0,0,57.46817304880959,2,0
283.164379416845,7,0.41755062694879075,2,0,0,117.90291515190926,3,0
161.3448989219574,16,17.688644693376887,1,0,0,65.21256480804776,6,0
23.99037157115531,14,0.5121974674550351,2,0,0,192.09458053922734,1,0
46.15058082023828,15,3.187898728695932,1,0,0,128.90437430181746,4,0
31.29639544380525,19,7.283276166942661,1,0,0,46.88277033429413,2,0
49.68927562466391,15,3.757070674080138,1,0,0,64.88565791576163,3,0
25.136408676752076,16,7.974317115913934,1,0,0,47.934984229872754,2,0
142.122307987505,6,16.46849248324046,2,0,0,124.58735900422992,6,0
264.01532180400204,20,5.234591697656246,2,0,0,109.74236513164666,4,0
194.56186989420775,6,0.8884631468042099,2,0,0,35.83689976627098,1,0
800.8956121956237,10,6.630273892614752,1,0,0,61.28489820772871,6,0
88.05530966784961,21,2.847097059769919,1,0,0,110.63489394337266,2,0
79.18101175569146,16,7.010379268670346,1,0,0,111.62640038250686,5,0
12.418204850689884,9,0.030897812650363867,1,0,0,71.41729409014992,3,0
135.4568055784836,16,19.272459110068795,2,1,0,242.23279464707875,1,0
89.81588776324286,21,9.001422420396016,1,0,0,120.69535123160225,4,0
104.51843656168792,21,6.921552035928061,1,0,0,47.034114916214214,5,0
257.25017154445885,13,7.716660278946077,2,0,0,57.518623740093375,1,0
14.350641239643597,10,0.5477796659953553,1,1,0,117.80666232536882,3,0
159.32492884603096,9,10.651496130838867,1,0,0,126.95977516178526,5,0
42.04097467432275,19,1.2691780033799926,2,1,0,49.63309397550574,4,0
423.69766705603774,12,6.962890050650717,1,0,0,39.966821782264134,2,0
29.016100317288632,21,4.165164535173377,2,0,0,32.637055902291664,3,0
30.702666774059974,6,3.899565381173142,1,0,0,61.4852102207197,3,0
90.29301613538408,10,4.9237562577741825,1,0,0,48.492181386556396,5,0
66.5810626294088,21,5.7873424693004285,1,0,0,174.88853548578587,4,0
44.36486000285175,19,29.284987972465018,1,0,0,115.35016481786379,4,0
16.082682404559296,21,2.3022281643595837,1,0,0,35.95499912069584,4,0
188.87280152467716,16,1.1662009331884953,2,0,0,39.83968124209986,5,0
182.91174295781823,9,2.492078815957182,1,0,0,233.62608120570007,5,0
109.90434739953788,13,5.10074918356745,2,0,0,31.86550941312828,3,0
38.38294552265581,9,2.973866250936572,2,0,0,53.56761963964524,2,0
113.0081493896189,13,5.1023924530752645,1,0,0,176.9076670524785,2,0
146.81574286241667,22,2.175690570046784,1,0,0,41.76410108186287,5,0
382.43675425854286,11,1.597200168494106,1,0,0,103.27013272676483,1,0
15.627378774373081,19,0.7236261101407104,2,0,0,258.3583649102775,1,0
173.19723418734978,10,3.200696570512686,1,0,0,34.32179096333565,1,0
9.674871729310365,10,10.748701029915575,1,0,0,5.957343252131925,4,0
30.950203388184764,11,5.525429898712262,1,0,0,136.97477720556884,2,0
40.9750654140504,20,8.316681183181325,1,0,0,71.26747203392513,3,0
23.000803414463835,11,0.3511648359994112,1,0,0,183.2486828728104,2,0
235.3166793316069,10,2.3720280536983025,1,0,0,155.15182254678172,2,0
258.8118245945165,21,6.431830117216151,2,0,0,124.11740218261207,4,0
231.08567151849604,16,0.317914467244798,1,1,0,115.81594700743173,5,0
56.44355927867388,15,3.1566768326048096,1,0,0,57.60340273114408,1,0
56.501672892435785,20,0.4964256045537274,1,0,0,39.81895109357189,6,0
25.279692428389442,17,1.7119373168090992,2,0,0,102.06086848105187,0,0
81.58621984048125,6,1.753368810483054,1,0,0,242.08577969453276,3,0
177.92453690766348,8,19.786268518783377,1,0,0,292.34453409983416,2,0
65.71381459607122,21,8.018257797425154,1,0,0,139.92484116166958,4,0
206.29842232794945,17,0.7438324607328728,2,0,0,50.096295521632015,2,0
1003.929095331893,16,12.544576408553198,2,1,0,114.63067676577715,5,0
62.48005506179612,11,3.2896280064031864,1,0,0,72.9710459572139,4,0
120.46737685902349,11,0.27969293894492164,2,0,0,80.86335254517252,1,0
771.4692887267393,21,3.270993851934492,1,0,0,63.487369837897006,3,0
174.66699382016887,21,2.625004537318997,1,0,0,56.17522174363813,1,0
28.304011517415262,17,11.724558378299585,2,0,0,45.18438886043416,2,0
36.245548835562005,7,25.88267427736514,1,0,0,78.01272178789759,3,0
100.20612238382873,19,7.507291163657284,2,0,0,108.30976317566036,3,0
177.5573792366736,22,8.499568696842923,1,0,0,155.3728874060316,4,0
115.02094984908983,10,1.334741939304223,1,0,0,101.97932424277096,4,0
147.94988336534695,19,1.6823401839745091,1,1,0,163.11973114727618,3,0
75.43156617075806,16,13.701395175478794,1,0,0,17.451851985943836,3,0
52.97088280914388,7,11.510433422284098,1,0,0,39.035098488603275,0,0
231.96279758556162,8,14.71931004107071,1,0,0,35.79514745365375,1,0
35.400715823099695,9,12.309805073125737,1,1,0,101.0077872329081,3,0
119.22461682309233,17,3.946151701240188,1,1,0,97.0433512449718,2,0
11223.377404616733,0,595.7232966038548,3,1,1,77.17668975364401,16,1
92.94464947780139,10,4.331999059648265,2,0,0,199.69882894063673,3,0
364.80225388211187,18,1.6438038417671474,1,0,0,27.450433325861802,5,0
183.69306703114336,9,10.698157424959549,1,0,0,69.35526079173904,2,0
1109.3799688137153,7,0.1363235795257652,1,0,0,79.05425961656022,5,0
459.2717721888892,10,1.4718042724743006,2,0,0,91.93269057210632,4,0
54.33806959348565,19,0.7027353587774865,1,0,0,257.3729151439768,1,0
195.59142434907935,20,3.0650338000776727,1,0,0,110.17796045368623,4,0
55.973296094909955,14,3.663371264212106,1,0,0,81.86534854475929,4,0
486.45365502932253,21,26.7799880326477,1,0,0,29.55456239162934,2,0
59.269240070676396,12,1.1482935478561789,1,0,0,51.63994303908028,3,0
293.5039486851085,18,7.308377203483971,1,1,0,28.93732707183386,4,0
157.82275978037023,12,6.301417652292081,1,0,0,58.73034465976482,2,0
32.269802765286656,16,5.114002741806408,1,0,0,163.0074146865884,2,0
46.96221671195802,8,1.9299284274380248,1,0,0,14.105356050968904,2,0
63.86644289667217,7,7.499382607245273,1,0,0,460.0429903418662,1,0
70.75871407034705,18,6.146103504703976,2,0,0,150.22703040013334,1,0
562.595692919811,10,0.8251881662192182,1,0,0,89.70430704735304,6,0
22.010920215474624,19,2.2167400713553196,1,1,0,107.23170634139437,5,0
110.12905497328268,10,6.580481145780704,1,0,0,181.49843830808246,5,0
30.695196338011762,11,4.856027818905888,1,0,0,74.16679683590498,1,0
7.4796899714845955,7,1.5523026896446308,1,0,0,176.21729762128587,4,0
218.16601744380054,18,0.3221347874347514,1,0,0,472.2993391028627,3,0
81.67017248136024,11,4.51521345014443,1,0,0,190.65474829304753,4,0
449.46916232869177,6,11.791391144063141,1,0,0,48.85442826494026,2,0
39.50649265349286,18,16.00367388307966,1,0,0,223.13403649495157,3,0
23.17477564040015,16,6.614893816626557,1,0,0,44.259440944756015,2,0
404.80209840520746,13,3.800546788028098,1,0,0,41.71131100826252,0,0
153.9132633661191,21,0.8541141177745564,1,0,0,420.0576725527804,1,0
9489.083230920081,5,294.10611033014845,4,1,1,51.180217487943864,14,1
66.70660298743184,9,13.187235646716868,2,0,0,78.42282970740311,3,0
23.44812018966327,12,2.4398930912875807,1,0,0,443.16054208988044,3,0
86.45863485462529,14,2.8915862469843354,1,0,0,141.2440856318831,1,0
107.76084456630826,7,7.792833309970795,2,1,0,213.79525303439695,2,0
112.60815460249933,21,0.3550412859626515,1,1,0,51.4675435559604,2,0
226.55269460790595,10,1.5560782800011699,1,0,0,144.57940474680154,4,0
175.9235757104407,22,2.189157411124581,1,0,0,39.13895136773122,1,0
38.96229075600328,18,1.6568940073041265,2,1,0,67.13987976011963,1,0
12.058663272953568,21,0.5664740646998317,1,1,0,113.7989760304758,3,0
128.9830303051425,19,0.41706799383892484,1,0,0,39.43507661611253,3,0
124.36060902569653,11,9.417514326330423,2,0,0,61.055025027353885,0,0
149.49665695972345,18,17.470844653404516,1,0,0,84.7237032488764,1,0
279.7146837009837,20,2.560809504784216,1,0,0,31.84103805969017,3,0
64.62288653144479,11,6.553218505248529,1,0,0,107.69768404969692,4,0
86.37193487365751,10,3.5790587576475335,1,0,0,129.39072360115395,0,0
27.360038338826694,8,0.8571457012435604,2,0,0,78.50883175172542,5,0
46.48667740811415,8,5.285235912541166,1,0,0,207.32270447308878,1,0
14.042641874583394,21,11.521634089550885,1,0,0,37.547913792810164,2,0
78.80660680639174,15,4.079741999959177,2,0,0,48.65902402269058,5,0
60.514600616937145,18,5.216154033527007,1,1,0,114.57288518725211,3,0
102.15172612455339,17,6.2610194477784,1,0,0,30.49792026772669,0,0
169.2241820659885,19,7.682108784542817,1,0,0,126.00087431895679,0,0
321.96415769702577,21,10.659871870731216,2,0,0,59.08834496699418,1,0
320.12575231284296,9,0.6734786735176558,1,1,0,159.2402052812888,5,0
296.964248213865,17,4.799651893389688,1,0,0,17.397553108888705,5,0
458.70010161371744,7,5.59904460467955,1,0,0,27.284085615605786,4,0
373.2953247371932,13,1.533128797325133,2,0,0,125.38636316265845,4,0
136.30097613767487,6,0.2726525660186306,1,0,0,78.50147348001423,5,0
296.81615661649096,20,2.025394172678097,1,0,0,118.67890098691727,2,0
820.9999114460607,11,1.8836780528392114,1,0,0,42.2717650798227,2,0
24.156625564062615,19,5.829655287468024,2,1,0,346.2102717216691,4,0
79.44882587013554,21,4.7108123540083255,1,0,0,40.98115479387292,8,0
73.07832341420259,9,4.109063707081328,1,0,0,37.17479892793367,2,0
155.02713321425182,13,1.8295817937506953,1,0,0,184.3383873344354,5,0
76.87359812282371,13,1.560037848237771,1,0,0,14.272181252662524,3,0
174.5359389876921,20,1.5089485898924129,2,1,0,75.20535010703227,3,0
86.47384941734592,20,2.206926564159108,1,0,0,81.92273507592846,7,0
159.25508237003092,10,1.9608649646534557,1,0,0,156.6569997647511,2,0
99.28387324395284,18,6.1610802334342,1,0,0,166.12519037241734,1,0
241.9204113872468,22,6.278465655190001,1,0,0,80.04216480989245,6,0
302.8076241203126,11,0.08460027227499015,1,0,0,56.5716410664106,1,0
112.60476404616007,21,1.6373478786747666,1,0,0,97.08818914689442,2,0
66.31177993099463,19,3.534077081549097,1,0,0,45.27455729425137,4,0
96.5491459455198,8,6.76412241542098,1,0,0,53.521167872031484,4,0
142.58982370826214,6,6.175137803985904,2,0,0,60.429512246974134,4,0
24.698117894534693,14,13.919171824625394,2,0,0,63.47711440479992,4,0
112.65608212640093,13,2.523921237970273,1,0,0,89.74299964516877,4,0
204.8648453829466,22,2.851502174071398,1,0,0,20.192011809801773,1,0
4282.5883887816535,2,1077.3806785126121,4,1,1,47.00149493342876,13,1
62.60645283236938,20,15.926995057286346,1,0,0,113.8496629698984,5,0
238.72504694329746,8,2.48958739101131,1,0,0,80.11821622389392,2,0
881.5236551062465,10,1.3883206949363598,1,0,0,28.99840909789139,0,0
43.90091735718142,17,0.05403172268729936,1,0,0,70.34834682837568,5,0
124.27597038141045,6,3.0931810902578487,1,0,0,53.56198378597712,6,0
9.86373293709839,7,3.10435242680939,2,0,0,129.34057276519724,0,0
25.297583940662413,12,10.606685646813354,1,0,0,104.26624192267829,4,0
58.35881586772779,21,2.2897211448405437,1,0,0,14.124761787198766,8,0
147.91453118821715,16,1.1545278459842014,2,0,0,32.80290363195613,4,0
223.67984893089607,6,2.9550033109330816,1,1,0,17.043982590660967,5,0
71.85487895529512,21,1.4580433166442512,1,1,0,96.29886701115413,4,0
265.4732510590711,15,1.9012474662916121,1,1,0,68.030891922614,4,0
57.51459039124956,11,5.164293505264743,1,0,0,140.8815988542563,4,0
102.59001181698062,21,3.595252272687679,1,1,0,188.3158198453077,4,0
268.8601936988699,6,3.3182156363635302,1,0,0,135.06649422715256,1,0
103.5816167775394,9,10.897109144660392,1,0,0,130.4821101920552,5,0
59.6310630872325,19,5.627948562452939,1,0,0,25.589207864037963,6,0
48.00618001674545,7,9.852006748291014,2,0,0,39.024996148221256,3,0
34.70762962263141,14,3.0542707834191933,2,0,0,119.0170931359324,9,0
44.198761708681666,20,3.103428812815358,2,0,0,23.246740005524508,2,0
22.757955278254855,17,2.4029031197808894,1,0,0,53.385690859324605,2,0
73.87537354823986,14,6.336626016612684,1,0,0,115.3727902759265,5,0
112.9600796503784,11,2.7786413077902257,1,0,0,19.01805341916135,3,0
33.04309254221424,19,0.5550292209536078,1,0,0,92.5007298974429,1,0
23.74380273542588,9,2.824575495592137,2,0,0,14.127089971894687,3,0
17.173659615928585,12,8.256087308939687,1,0,0,114.5980044765035,5,0
25.41911863483208,20,2.9603495653434218,1,0,0,204.11117085329073,8,0
23.951930254348543,13,7.139982191556803,1,0,0,135.74135647514004,1,0
73.01204201750905,15,9.45610928063062,1,0,0,153.32830352695385,1,0
175.26734622619554,17,4.567747471142276,1,0,0,68.2651208415112,2,0
333.6831560245009,9,1.3539303127613513,1,0,0,114.43492924889817,1,0
13.286118326960258,17,1.24294393756995,2,1,0,54.66768453594318,2,0
107.86399322081894,7,8.70507618319549,1,1,0,62.71777292459132,3,0
267.40079017788554,18,0.7117974099574289,2,0,0,54.82968896548029,3,0
417.26758636264003,13,0.8790060949269085,2,0,0,329.0044795844816,3,0
17.87291833565681,21,1.7412041929928035,2,0,0,69.77470140665604,3,0
775.2475963651327,16,15.622908916929033,1,0,0,36.95414798767519,1,0
110.16717785591415,16,7.044488329217335,1,0,0,389.7536218108297,3,0
36.21644496463538,18,1.6505139539489098,1,0,0,46.07863732833162,2,0
14.807264417014464,13,4.327281159555455,1,0,0,38.472622776452226,6,0
52.52082173375459,21,1.2670101593378051,2,0,0,112.74361748892422,5,0
164.69921807294708,21,0.23531331859214272,1,0,0,15.068039830268324,1,0
273.864731875902,6,0.4287335103457845,2,0,0,162.05603347095774,1,0
280.2326489230462,21,6.8387837941476,1,0,0,37.41590486336991,5,0
36.440594068082085,11,2.380005066354594,1,0,0,26.14877274863723,4,0
247.8038261728083,13,2.3878023329185583,2,0,0,15.553723270893993,1,0
31.622816934866957,17,0.8633274409948779,1,0,0,17.766725994341375,2,0
62.469500690680775,11,24.600200806913435,1,0,0,97.82647716693269,4,0
213.75370446369809,6,0.4464463315163788,1,0,0,91.86799131973856,2,0
392.1267316509793,20,2.3695106223075704,1,0,0,39.67932585448081,1,0
160.44938324481367,9,1.4573584280448493,1,0,0,112.8818631856792,2,0
10.250540685375872,9,0.8465516985099354,1,1,0,80.37802018110557,2,0
256.39333079691687,10,3.034348830048211,1,0,0,48.25314392429042,4,0
275.14433969508315,13,1.4577562302325673,1,0,0,31.211103197551516,3,0
195.76925649495976,22,9.82631481847941,2,0,0,183.61082889685738,7,0
51.38736695427045,15,1.0950505454162407,1,0,0,72.23598268794068,1,0
309.86314176023643,7,1.3108499168548626,1,1,0,49.49328565340135,2,0
39.878875332412136,20,7.397301680335807,2,0,0,22.771419726780348,7,0
27.349452292452266,21,9.822106959576669,1,0,0,60.439311421203996,0,0
195.76827558054447,16,9.799851476292734,1,0,0,52.00227849301337,6,0
212.22767205223485,8,0.0061764362806342,1,0,0,262.0621271463167,2,0
23.651617354570377,14,6.330243087112875,2,0,0,209.03452388251782,2,0
47.87519135353216,18,3.0853847499143097,1,1,0,62.16893627797323,2,0
43.86723176808325,17,6.055030396029963,1,0,0,86.14931216476332,4,0
170.25965991742453,16,6.286157299958473,1,0,0,127.78387546169549,5,0
52.09875534588239,17,15.397792986795826,1,0,0,58.312957430340575,2,0
87.58551930987738,10,0.4898853564279973,1,1,0,24.11044338395829,2,0
25.588213724744985,11,0.2556383830816341,1,0,0,226.53515711154674,2,0
16.1883473067151,12,3.538843284390211,1,0,0,188.5317884859897,0,0
323.00406096427133,14,10.27478469571648,1,1,0,280.9713115113622,2,0
69.01993940350606,12,0.8985306195455198,1,0,0,175.26320842153044,4,0
62.22288516376047,18,3.218086723171409,1,0,0,74.43969826271123,3,0
67.62622003046832,12,1.9298538936025347,1,0,0,173.96026182756495,2,0
638.3387772503321,5,615.9911381711511,2,1,1,46.73614661043903,19,1
359.43453038275067,21,2.4156470067317444,1,0,0,95.55455528545176,1,0
79.54057906290822,13,7.493564431146949,1,0,0,132.79066604508415,3,0
80.54160946526352,9,13.651074163307701,1,0,0,89.47628908642395,2,0
88.11411234587696,20,0.5049211921028338,1,0,0,230.11882883020857,2,0
43.627926693060395,9,1.5517855800869227,1,0,0,55.64960383421962,1,0
113.50445555417109,10,2.4346006753633223,2,0,0,144.35175053967328,3,0
202.4028552692531,16,6.210349374269672,1,1,0,32.00964339083479,1,0
171.4888914540211,8,4.5310498734932025,2,0,0,72.7803241093155,3,0
101.72193920786738,10,2.041994859693152,1,0,0,47.65157864019602,4,0
50.56343413124647,11,3.1284610467134675,1,0,0,265.4862099496623,3,0
358.5825831730972,7,6.063402478837812,1,0,0,59.70859015718372,5,0
71.82436037594861,18,4.893439081484187,1,1,0,124.41902669823737,3,0
39.76807000050618,13,4.208187623322324,2,0,0,99.52397578036724,5,0
150.4733438027729,14,4.937441901197972,1,0,0,45.41199937547198,5,0
51.746184225439364,7,14.312755087030842,2,0,0,123.47546706289499,4,0
158.31804073868292,9,2.9305223190015726,2,0,0,104.16919608121921,3,0
71.05559626676155,20,4.766364248903068,1,0,0,37.82693227436848,2,0
103.44710286764806,15,7.605480990517309,1,0,1,40.07244527925026,5,0
112.00393923424858,16,13.233638681500143,1,0,0,55.08683196949658,3,0
485.18236695569783,17,2.5352173880822586,1,0,0,77.34512467609733,2,0
289.3919685270727,14,8.053610666074897,1,0,0,59.94128743826245,2,0
138.6930129295585,15,0.39900110871003036,2,0,0,56.258773517761,3,0
1165.0309816715555,10,3.379682094305446,2,1,0,100.6984588618878,2,0
55.91200560688431,17,0.4169874356896095,1,0,0,40.334448912005044,5,0
35.89562452046706,13,3.108335287540514,1,0,0,66.95876978126104,5,0
32.71702631266976,13,11.10103332685594,1,0,0,166.37240720289074,5,0
305.30001402680006,6,7.934283026613644,1,1,0,15.643298719770646,2,0
401.6462541743822,12,4.007721896908202,2,0,0,203.12851127250153,2,0
119.57108627505526,8,0.8302431351528904,2,0,0,193.72981568275628,4,0
134.834871653465,18,4.877230518130996,2,0,0,81.93793374330603,3,0
105.31680109474458,9,7.057731465314214,1,1,0,389.2734134827101,2,0
33.969759260791776,14,10.764204813257605,1,0,0,15.904872098094607,1,0
150.3953409204473,9,17.063069600874247,1,0,0,168.2590608365956,1,0
66.08446940909944,9,5.531762491847401,2,0,0,34.90621452403807,5,0
33.04211569890918,21,0.34906993242794,1,0,0,82.92783199481407,2,0
108.48469717333491,7,0.07873557703104114,1,0,0,67.05619368851646,3,0
68.69884560291538,13,11.645305294019476,1,0,0,24.85081988694335,2,0
104.30277842028596,16,2.1605830452145636,2,0,0,62.85551915520546,2,0
85.50768683560224,15,2.5016563215777436,2,0,0,56.87358156152324,4,0
39.6115632773844,16,2.5505648780853027,1,0,0,199.62252552483565,2,0
78.39308318857488,6,3.5420211072450343,1,0,0,72.16967160307217,1,0
369.2067782481908,11,1.7577127188848753,1,0,0,62.847936437064526,0,0
416.91124425712417,17,2.7366060316320855,1,0,0,61.18789731699485,4,0
635.3381861576323,22,7.843420645772068,1,0,0,50.772107675051615,3,0
517.5719752158935,3,533.9841466096666,2,0,0,48.151436690126864,10,1
42.275532882142876,14,7.332105931703331,1,0,0,76.36181611403913,6,0
25.801563427997696,21,3.5100247580994894,1,1,0,124.09714943140293,4,0
39.92431863134311,9,1.7408352743802638,2,1,0,183.28716518898216,3,0
172.67155280782362,19,3.9238704214745637,1,0,0,197.00135970386134,3,0
83.56013655483194,11,0.4244903561952984,1,0,0,58.460015895716275,1,0
203.46642884319004,8,1.919484966043838,2,0,0,135.6588980400041,4,0
97.6404080889632,18,3.8624156374823655,1,0,0,25.83300652458014,2,0
104.8315600465115,9,4.008863756203445,1,0,0,85.59979113687355,4,0
93.12127944958002,14,4.339551958775561,1,0,0,143.0944122793674,6,0
185.78531352587416,18,5.4335105314109,1,0,0,190.0440493233349,3,0
36.949948257588794,12,16.92452719520858,1,1,0,250.75855631067995,3,0
135.52293971441114,7,2.444254926927191,2,0,0,72.52111847457664,1,0
61.48924634389899,17,5.780330302658326,1,0,0,76.25649914277655,5,0
70.35941443950507,17,2.8015245730112417,1,0,0,33.617043829636124,9,0
107.88466531748577,6,11.503071077829821,1,0,0,157.12374075987097,5,0
871.9157984223776,8,1.603692942254926,1,0,0,84.36773681730162,3,0
337.46765812519124,5,79.68858127632214,4,1,0,376.237682746435,11,1
181.0734939892633,0,25.248495445320092,5,1,1,69.52786731075496,16,1
86.94608642462038,10,4.0113632751493595,2,0,0,33.68439782713886,1,0
33.84164180229804,17,2.050679609696548,1,0,0,56.95976703372597,5,0
27.666526438439128,15,2.281100439113727,2,0,0,33.656947702334385,3,0
392.4979135177755,0,6.8484334380583665,2,1,1,148.10540951367724,17,1
66.6945023177897,17,1.4324069657994434,1,1,0,52.37785595664072,3,0
18.138453511488457,18,1.8176994095089842,1,0,0,64.95281162957798,3,0
363.465292429328,9,0.2499069727655246,1,0,0,58.60593297207921,3,0
119.55195223840907,11,2.6788277993566405,2,0,0,199.7437256664935,3,0
17.68041557164574,18,14.0853456961587,1,0,0,103.90225983254739,4,0
21.512736453962248,15,2.4880583293538825,1,1,0,133.35328151080162,7,0
98.02371602358504,21,1.000135579172268,1,0,0,130.63053509419163,2,0
155.12331051421648,7,12.333864932706106,1,0,0,108.91967185747292,1,0
40.21340288332902,22,0.316986203379614,1,0,0,155.75565051202693,2,0
163.71042322056385,8,1.890110771431506,1,0,0,72.48376532162285,5,0
140.8518403151538,18,14.148091290087192,1,0,0,149.34281611628788,2,0
77.9712734773634,11,0.9269017787770641,2,0,0,39.16048008305229,2,0
189.4614758740726,8,7.968784146118679,2,0,0,162.6998595810927,2,0
48.15559344072251,17,0.5819133958008803,1,0,0,42.96630316159344,5,0
784.5074493598611,12,1.2959568261842431,1,0,0,36.04306469301045,4,0
96.85325432592481,9,6.777429689138737,1,0,0,41.36707974555725,3,0
141.46719295023465,13,7.001790108862286,2,0,1,72.73258598132624,6,0
20.400531038422315,21,0.16372570132466388,1,0,0,56.51380106102802,1,0
56.27416425886887,8,0.43634767198331287,1,1,0,202.52961985483736,2,0
91.44135117050959,18,1.0186068202356187,1,0,0,38.475611146157014,2,0
456.99774588749665,18,2.232287840406354,1,0,0,148.03531963397504,1,0
93.13289122276406,16,6.470789444918914,1,0,0,169.51338699487258,5,0
79.30775940971435,22,8.355621531082983,1,1,0,104.4177425725293,5,0
60.72700050140847,17,5.708188035213524,1,0,0,54.12007486468444,9,0
488.4415238672532,5,684.9933718354308,2,1,0,29.7777445301257,10,1
110.79566922841131,20,5.543250600715296,1,0,0,61.445324101530815,2,0
51.64809027384397,11,2.319515352706169,2,1,0,78.96687227737607,5,0
34.067480064279735,20,11.90644061263314,2,0,0,152.5118750769693,1,0
125.98274624684387,8,3.7716405201129306,1,0,0,238.37383872528932,6,0
9.986099174469249,13,0.3172955247482998,1,0,0,112.1164581898857,2,0
14.967130381912343,12,1.518464341201591,1,0,0,60.81364803499027,4,0
124.93718282325857,19,1.0951485723662602,1,0,0,104.05602987235366,3,0
36.46300333459635,12,6.006489813746489,1,0,0,113.54084631512572,3,0
63.88733480937386,12,3.800487171460177,1,0,0,17.463537482782886,4,0
41.84426697051284,22,6.619423317642937,1,0,0,124.79732498457626,3,0
70.61914279665416,20,2.9672558262598123,1,0,0,132.19992062459897,2,0
72.17082123332018,14,3.7947800968786103,2,1,0,104.69093555779965,1,0
11.199700764641536,19,11.693320544084497,1,1,0,149.76421946773783,4,0
11.295585559289803,18,0.47742127247896426,1,0,0,110.56871552768246,2,0
357.26126735818644,21,1.3254752034904913,1,0,0,92.91649429601152,7,0
136.9491887537463,6,2.3241740231086423,1,0,0,84.01904788727188,2,0
17.614530967162768,20,15.644833076927933,1,0,0,40.848958609500116,4,0
46.99294195093575,9,0.4305412050816221,2,0,0,41.22032778291125,1,0
108.00425534732233,16,10.955346119848228,1,0,1,21.66048169419813,4,0
225.0511421234427,7,2.240079538952224,2,0,0,215.41386595825566,2,0
111.80715576904728,19,6.39626635016967,1,1,0,40.45616594405641,0,0
32.25363636322199,20,5.00431381490138,1,0,0,45.69160584198118,2,0
23.850709160891135,8,3.0268316104627373,2,0,0,44.55755347957091,4,0
119.10975067975619,22,4.205586734402196,1,0,0,105.74051270763036,5,0
54.179676814735885,9,4.207079147654035,1,0,0,53.063343282393475,7,0
97.37573280106949,11,3.2516643935253304,1,0,0,38.399453550983694,3,0
60.443978838918206,8,14.401177167112685,1,0,0,118.6520462371988,5,0
17.24905436658813,12,0.9724271162102716,1,1,0,44.72915092481637,2,0
48.084091545303465,19,16.848303310123683,1,0,0,103.57149778328458,3,0
277.0930470944665,13,8.691865040212862,1,0,0,88.13660003962877,4,0
39.93193619627236,16,1.8559907975779641,2,0,0,199.89102958479185,2,0
68.38802219918944,12,15.162840900399758,1,0,0,34.02716557296678,3,0
13.275761506167793,21,4.029208194401789,1,0,0,76.40765455803547,6,0
104.84948891513034,11,5.631409197043402,1,0,0,116.54766491509686,5,0
70.78694576449715,6,6.28998687480249,1,0,0,77.34382640314166,1,0
188.5155495941624,8,0.4938062557969122,1,0,0,126.125251455959,3,0
84.94771931117445,15,2.9383484508185935,1,0,0,235.6136001598969,0,0
22.9666758406567,20,5.874257999206964,1,0,0,151.58634779599043,1,0
187.63090184612537,7,5.4337193121971,1,0,0,251.60196922634913,4,0
91.29986098351533,11,6.491992193192278,1,0,0,221.26439108078068,1,0
33.843073352848435,14,7.666941494841113,1,0,0,102.39233378165783,0,0
56.49738934952945,15,3.307344568034617,2,1,0,81.44276154975483,1,0
40.65437080119603,7,1.1155560259871347,1,0,0,35.07655082499263,3,0
484.8927301168454,10,5.686516614874453,1,0,0,18.253837607632413,2,0
41.50426452712928,12,9.857214414673336,1,0,0,106.31709846888283,0,0
21.895595614319273,20,1.0402647116610027,1,0,0,365.9784056514702,2,0
176.52681587891098,17,0.4786755988804664,1,0,0,33.34993434228141,3,0
178.92319438282414,14,0.729491116355502,2,0,1,235.15875478860977,5,0
49.39173600448612,8,1.8582199873543184,2,0,0,299.9142288283221,3,0
234.22800050098385,22,1.2309321522034704,2,0,0,107.81734759127315,5,0
126.94931109489738,20,8.873990404102315,2,0,0,116.93513748058503,3,0
481.27426844840375,19,0.7240249474485095,2,0,0,30.29121071362826,3,0
119.41203009986117,8,2.8385463650622835,2,0,0,159.26341005666748,3,0
106.4387929444077,22,5.064757484608361,2,0,0,144.1908210825149,6,0
72.10415916641169,6,12.13968850114243,1,0,0,11.148572488475809,1,0
169.89350535752985,6,8.250303039384947,1,0,0,75.29723724323941,0,0
49.51780573663914,13,3.579713365237928,1,0,0,49.27308650411248,2,0
68.82941525393886,18,0.28560698897558445,1,0,0,115.43389114398714,2,0
117.37363985126312,8,1.022376197742093,2,0,0,39.823017602149385,0,0
295.7369831655253,9,9.686741175481885,2,0,0,85.66612536024266,2,0
51.349849400079535,11,1.797061582307957,2,0,0,32.34204678395107,3,0
128.63970162429013,9,1.0847326194587317,1,0,0,15.98563772539013,3,0
68.60359164304788,21,2.107789508495668,1,0,0,120.58356588364438,0,0
465.62386698242784,19,3.2145075029207346,1,0,0,446.02921717521036,5,0
151.60521995158607,18,3.6535773857523517,1,1,0,87.47794293839239,1,0
230.20199859289107,18,6.811003434012032,1,0,0,19.36057948327764,1,0
101.85474156221666,20,6.60945833679977,1,0,0,47.607372251664046,3,0
56.92741132540121,19,1.3835989580642756,1,0,0,128.59259762384295,2,0
876.4024713869168,17,6.4523405864861,1,0,0,141.32338278018923,4,0
224.8402782230986,15,1.2443814407103622,2,1,0,39.26638459196638,1,0
55.27903794112777,11,3.0782551950072774,1,0,0,118.60496043289739,5,0
171.20394282511037,10,2.8767363729769584,1,0,0,40.00800207621564,0,0
25.431633996584917,20,8.152479619976651,2,0,0,30.623630341364958,2,0
73.01655384350634,8,1.2694453126200702,2,1,0,23.418320371020236,3,0
62.14169853524983,6,1.6599527807746497,1,0,0,160.32728016462266,1,0
56.960995872207214,6,3.9269010031290446,1,0,0,39.32422086252747,3,0
48.21424950679328,10,9.62825117813092,1,0,0,20.516791577132427,2,0
80.74046313552368,19,4.012960065561158,1,0,0,64.677195573598,1,0
11.794652322045422,14,0.35104721879520134,1,0,0,154.65460164007803,2,0
135.6148193705789,15,0.7666558540719397,1,0,0,378.98857504317806,2,0
20.74851617015197,12,6.4122929489262095,2,0,0,37.78774843397517,5,0
229.962335659371,22,2.007216594779305,1,0,0,142.6311562396165,4,0
85.74241680970964,17,1.3214598080269098,1,0,0,196.33095973351328,2,0
29.43170197780914,12,0.2947286369973431,1,0,0,71.07186573298247,4,0
15.70992325483943,10,3.2680210844163513,1,0,0,151.333677476331,4,0
361.48030146850243,8,0.4728794944435544,2,1,0,107.67130666790915,2,0
176.1843996302452,7,1.1115473694813787,1,0,0,59.042991190593796,6,0
634.5508225253972,9,3.9365964797636206,1,1,0,175.95157627671267,2,0
4.848403698802973,21,6.134516695671428,1,0,0,108.42676137355623,0,0
516.1981129363271,7,15.346079945147824,1,0,0,90.99919686478128,2,0
148.14947769471954,7,0.30934513728389895,1,0,0,165.1902712326654,1,0
35.8068847680823,11,6.4790700058654735,1,0,0,28.680921442076937,5,0
66.00518129445456,22,0.7160074351527956,1,0,0,30.427287932608344,1,0
69.62020833780846,19,9.465027244594738,1,0,0,135.07908929264264,0,0
88.18522594147352,10,5.618447198901357,2,0,0,38.454131723196866,1,0
150.94967690629,11,7.082000710158805,1,0,0,74.40650029369756,4,0
298.94563967024135,6,2.619139563489841,1,0,0,43.07933704706831,4,0
70.34621261131825,21,4.481168788536763,1,0,0,87.47308089904905,3,0
76.01094281710688,11,5.456230174675277,1,1,0,79.83564477543345,4,0
127.4292888889825,15,1.3577331674132407,1,0,0,76.23730320539136,1,0
25.991081669061877,17,1.9711230598686025,1,1,0,163.80026208533903,1,0
321.1448996116254,12,23.31708264567021,1,0,0,261.07822920326447,3,0
57.616936836787616,7,6.27279854366324,1,0,0,56.31862426517283,3,0
47.383442642970024,11,0.007792242879516533,1,0,0,32.597975400927915,0,0
82.91772255386083,14,0.9144293150298161,2,0,0,50.15127842319782,2,0
206.47129022463793,11,2.5609189535057175,1,0,0,71.70178163437411,3,0
10.97094587410854,17,2.815551803227328,2,1,0,182.5838686563662,3,0
25.092359468563526,13,4.939183235515728,1,0,0,35.77538774873958,5,0
69.10618030554984,7,5.775509291465912,2,0,0,68.19704806053306,2,0
92.2239129678558,6,5.4953539932764786,1,0,0,49.38049459206293,1,0
132.7647286873012,21,3.1454881595027118,2,0,0,34.026479812072225,1,0
177.31465591504755,18,1.5839063985499091,2,0,0,153.55535912059455,3,0
80.96780817159173,11,10.055854161349512,1,0,0,67.80852934023311,6,0
34.375667984731315,21,0.9427153517940725,1,0,0,143.37353072988384,1,0
261.56287374832505,20,2.790682672203067,1,0,0,196.53037076393406,2,0
256.53789912243985,13,10.201678813760996,1,0,0,27.127940046525506,4,0
23.568897230941978,21,1.5697033618674607,1,0,0,54.9246306542698,3,0
98.0614873580441,9,8.133670887033698,2,1,0,67.32085734107847,6,0
100.25324644028834,13,8.143855428818934,2,0,0,56.96757415792103,7,0
105.33500380513226,12,4.715950473192054,2,0,0,51.76235670334573,3,0
41.95987883200274,19,0.059109316359459534,2,0,0,25.147417698065414,3,0
10.635528600425493,6,11.548791970891724,1,0,0,71.15534952268125,5,0
148.53854323129264,7,0.7239329708068667,1,0,0,61.55558278164731,2,0
64.38381095541847,10,0.8041671645272204,1,0,0,44.66536159504536,2,0
91.69188984239427,18,6.290830776164723,1,0,0,69.24146582646249,3,0
91.28668758367624,19,2.9583749552172725,1,0,0,54.947006178816615,2,0
23.345278177529792,9,4.240492614448751,1,0,0,153.13161113802857,5,0
65.42772277803606,8,6.493793780552638,1,0,0,82.3639727617332,3,0
206.07283828156542,19,7.093984413453056,1,0,1,718.5076340773252,4,0
62.4472947806677,15,9.269623652709122,2,0,0,77.4407199012663,0,0
32.41972983105787,12,6.273643061718305,1,0,0,54.10077677622015,3,0
296.63650859755444,9,6.643465174380121,2,0,0,66.97802030485644,2,0
57.65618224958305,14,1.6602143494998087,1,0,0,126.92363259265932,3,0
378.5807981916421,17,1.2012644787882003,1,0,0,28.70809450146267,0,0
42.37599853428161,18,1.9040728390596795,1,0,0,42.820574406501784,5,0
234.7182408851987,22,4.060485441046909,2,1,0,85.99172615280008,4,0
15.272141991536763,11,6.6846072103213885,1,0,0,36.53488866738859,3,0
72.17316313435914,11,0.9014655610274798,1,0,1,64.77843587487614,3,0
96.3870219971222,20,10.719272961578735,1,0,0,111.67234566529213,2,0
50.29665962762539,20,0.7977631747555035,2,1,0,35.66589434961141,7,0
30.23600914200327,8,8.61446391138313,1,0,0,33.006273590343945,3,0
52.437587926514446,14,1.419264760637711,1,0,0,21.602077653023265,4,0
307.6173222339712,19,3.8990194566125806,1,0,0,37.00983282785173,3,0
112.40784963525454,18,11.96905914788243,1,0,0,81.62544040158582,3,0
18.248922394818145,12,2.8337397376260887,1,0,0,78.03432641021219,2,0
243.5726342011446,22,8.213603985539066,2,0,1,305.9432796077904,3,0
997.086515728788,19,1.4165495562932087,1,0,0,70.47599807727092,4,0
97.42158540375706,17,7.188801438958748,1,0,0,27.82370278369128,6,0
212.0246370124064,12,3.5642979521529616,1,0,0,65.85535355577657,2,0
109.64986740771567,20,3.0722638495099712,1,1,0,415.2844590078035,5,0
80.11224017285802,13,7.117163004692783,2,1,0,41.47348908397125,2,0
296.0341991128375,20,1.8064872034800032,1,0,0,78.06145327379058,2,0
171.0484978489319,11,0.4296886115097603,1,0,0,29.007411973208644,3,0
104.15044810721417,8,1.4778133074982471,1,0,0,25.600635147833753,3,0
196.7281589087726,10,8.677063775180764,1,0,0,183.17328689274734,1,0
55.5351455745348,13,2.633078460052368,2,0,0,96.34144760921536,1,0
149.227227216446,11,4.650016681391848,2,0,0,281.55654049718413,1,0
39.8689242267656,12,1.0101502747323368,2,0,0,48.87887840119014,3,0
1032.5145392553347,10,6.122175615070561,1,0,0,92.21327629234202,1,0
205.42854584079205,16,1.7562600178742769,2,0,0,57.07179712317819,5,0
124.22349356716829,6,1.0087689270162894,1,0,0,71.04879961303469,5,0
180.524019166389,14,4.509485477378879,1,0,0,131.25654683353605,2,0
143.5301778146674,6,0.383776213836127,1,0,0,108.58631728953776,2,0
164.68781392529644,19,3.6894752627549927,1,0,0,47.39192122709384,3,0
61.836327745669045,14,1.6572958981068233,1,0,0,156.15092231721792,1,0
11.237534553244915,20,0.6194761961583316,1,0,0,197.0662561620047,0,0
39.46395602267686,21,9.113487942069893,1,0,0,183.2148959170717,2,0
490.3164703232114,7,0.3455508465400914,1,0,0,81.60130920391792,6,0
37.45822150780726,16,3.642236966450727,1,1,0,145.71270881854414,3,0
21.41599020437758,15,3.2342316913416496,2,0,0,63.29208061422373,3,0
105.38650147841811,15,8.661673446023245,1,0,0,126.94746652715833,6,0
144.94549415267574,6,0.4183110675339521,1,0,0,197.21287104392778,2,0
49.80542598696402,22,0.146988525993341,2,0,0,47.48350378292783,4,0
33.31931720910788,13,5.241094517130608,1,0,0,88.42944603593678,1,0
85.85237894608231,21,1.8677099228856227,1,1,0,78.75512046453915,0,0
40.5730780535744,7,1.4426863112790378,2,1,0,240.11491995763873,2,0
1585.100443610778,8,3.1347898613439753,1,0,0,38.54214708591984,4,0
598.932325205343,15,5.672834266778888,2,0,0,147.48598648685575,3,0
684.2043834177681,0,447.5918614525043,2,1,1,141.69163333477883,12,1
129.41241040954898,22,9.146602516682895,1,0,0,83.84114764327813,4,0
263.388927041778,21,5.446939176427734,1,0,0,131.67949226032064,3,0
82.83314043102678,10,1.4436791039167782,2,0,0,244.5258848129745,1,0
29.992902653850702,20,10.314120596637133,1,0,0,170.99516687498058,2,0
167.06125912458896,8,6.734960112258105,1,0,0,64.07927732421548,3,0
90.59341614827699,21,5.670009116830141,1,0,0,53.271129890531746,2,0
92.11894836389264,15,2.1734022201228496,2,0,0,92.31597942149926,3,0
84.0890683709778,11,1.8471717292028647,1,0,0,147.08552002161483,3,0
120.14792150018025,9,4.545680815008755,1,0,0,115.87503204676496,5,0
19.09328244870525,8,0.5513881938850768,2,0,0,27.63532699346263,4,0
35.554741310006776,11,10.659080342849956,1,0,0,132.58408530744177,2,0
26.245031245405695,18,0.5272376733942483,2,0,0,138.39036080318164,3,0
53.0909233301333,19,18.224882254679063,1,0,0,201.8644460222206,3,0
180.4047432213231,9,7.373142616485913,1,0,0,105.35086568070098,3,0
76.69755729951069,15,3.4970879490717195,1,0,0,88.29505501866721,1,0
99.7691061652642,10,1.3269656352381474,1,1,0,101.73637991453327,2,0
1038.7278057303545,22,4.894332374289653,1,0,0,37.73623866178996,3,0
5983.206600445204,1,692.1780085537573,4,0,1,22.515532525978593,14,1
478.1404435772314,15,4.074680925475404,2,0,0,324.2403314167783,2,0
264.2374536833654,15,1.1161677819222966,1,0,0,32.22133304361199,3,0
50.07233852860615,20,0.18275337852949014,1,0,0,33.35980073803909,1,0
23.891622433379528,9,8.518216886351754,2,0,0,33.92290836213799,3,0
920.2757062486228,11,0.3067280066696732,1,0,0,194.36547636874138,2,0
26.92293033057614,14,1.0559706279170253,1,0,0,63.18786930271969,2,0
125.451401898468,20,4.137659064981751,2,0,0,106.98651040007003,3,0
196.04830367065645,12,3.013647220606152,1,0,0,67.84572363770992,5,0
161.11166620271314,13,20.24099000392948,2,0,0,32.36414407986667,1,0
186.6503255085812,16,8.897979721137753,2,0,0,23.435691945207886,6,0
48.86895658351106,22,4.264957108241018,1,0,0,96.12946059598475,1,0
54.605115540996266,16,3.1200769183609696,2,0,0,369.29601784511834,1,0
15.162747321560461,12,0.0838699187831307,1,0,0,92.08855124284274,3,0
36.65630068822031,8,1.2843332145763386,1,0,0,25.49125390776568,3,0
499.6383572138569,3,87.18465904074763,5,1,1,19.532176537011843,11,1
344.52964232775435,17,0.2950241032039925,1,0,0,97.39671746786338,6,0
135.10552265798174,10,0.40621903054823943,2,0,1,194.68044290007262,5,0
623.819476280043,11,0.9278157550018693,1,0,0,218.6496278333048,0,0
42.99016385534638,12,8.549155469172456,2,0,0,51.36778456601107,2,0
67.88121965916264,16,7.588097359458916,1,0,0,15.396881403005617,2,0
452.9911052689197,6,0.2036061990813638,1,0,0,191.53970162267765,1,0
233.49864038492225,20,5.14817298899382,2,0,0,71.1445029512867,4,0
29.673365890698914,22,15.908064560308128,2,0,0,57.96503211431335,3,0
190.7759026219238,16,2.4967354287292407,1,1,0,39.67573000945016,5,0
96.76528917997888,19,6.7022583904754285,2,1,0,448.3133002086753,3,0
110.31715670563472,9,9.817728791953918,1,0,0,82.68431738589523,0,0
154.51450014971698,22,7.372304957408868,2,0,0,71.37830866659422,9,0
178.9736253185356,18,2.2685787902382053,1,0,0,68.20935986315153,3,0
289.91564241139866,12,3.6311793422438647,1,1,0,61.86856005183423,4,0
136.83282977433726,15,0.13229664693226162,1,0,0,40.48392422056948,1,0
6.030124799749302,9,5.996442606760343,1,0,0,76.90257564350564,5,0
33.88777265291846,15,9.316053339142744,1,0,0,38.24318249427381,3,0
163.180079533395,12,1.178049089529531,1,0,0,66.39945879145584,7,0
136.0376185231921,7,0.20723648073933226,1,0,0,93.12182303135587,1,0
16.346942962804153,9,1.035929231755177,1,0,1,65.52931398183625,2,0
90.29174332116408,10,3.321713209411214,1,0,0,89.13694993193634,2,0
368.19750532345523,19,3.98858497783382,2,0,0,18.65659656318673,3,0
83.69190941868594,14,5.240653771213871,1,0,0,306.32739755372955,4,0
54.765913000747524,22,2.0954234370252802,1,0,0,142.52033328512636,4,0
168.73771199000427,20,5.076073332466406,2,0,0,85.48663759817676,3,0
150.86670034844596,8,9.116292153715914,2,0,0,165.97375787892847,6,0
157.04825652681419,21,1.557075280074034,2,0,0,54.206188089421836,2,0
274.97529989459196,6,14.672762132965671,1,0,0,39.991082329610784,1,0
30.00546629274642,10,1.849593658800857,1,0,0,45.78587863193351,1,0
142.27657380676482,6,2.328918710745958,2,1,0,57.345038093310166,1,0
72.60582566427848,15,20.118752293095557,1,0,0,31.770094515234142,2,0
381.33197422356466,11,8.89164807711456,1,0,0,51.61290448429949,3,0
18.80931015743239,16,6.369359779514293,1,0,0,22.282841430124897,3,0
86.84929900229685,19,3.434261587954862,1,0,0,113.98701297458648,3,0
58.212408175737316,18,2.9348946592316443,2,0,0,99.44007492560014,6,0
34.132714038361485,9,1.2652607091487442,1,0,0,122.92654128088441,2,0
616.1642007078282,16,5.80530367209215,1,0,0,103.57004851070279,4,0
33.49750612848454,22,3.108795410094705,2,1,0,138.7770237486597,2,0
42.57214660975493,13,1.8492875148268473,2,1,0,35.42528211010688,6,0
30.952912117731522,20,8.333035149565957,2,0,0,115.45332793727115,5,0
55.747120688013645,21,6.840902401945246,1,0,0,62.30237567790855,4,0
61.61296129334475,8,2.8433298258004003,2,0,0,36.582939183759976,1,0
92.70575861996063,19,5.319389551674792,2,0,0,50.74341483597702,3,0
145.40276014017599,22,2.190599941044769,1,0,0,72.14135509215996,5,0
53.19503991563276,18,3.278463938976337,1,1,0,616.791025103261,1,0
1004.8719722808056,18,12.036087587860793,1,0,0,57.4463259428289,3,0
62.04086146988359,17,2.1822452641161063,2,0,0,26.057811465132918,2,0
401.4288510089603,9,2.3149654005581612,2,0,0,17.516411603690297,2,0
113.55118417477611,18,0.7287195105178962,1,0,0,114.01175795837537,1,0
34.620969707715844,15,2.3495473392164734,1,0,0,55.056284521686926,3,0
42.02124519392823,11,1.4082050000530337,1,0,0,63.26011382330201,0,0
38.91965463705996,16,27.228393125606534,1,0,0,327.5451155175192,2,0
79.24886791015857,19,0.30223555130775215,1,0,0,36.45263537430793,1,0
97.07012339327422,17,5.4093220922226255,2,0,0,96.49095392653933,6,0
175.4840368009828,7,0.018908858574678535,1,0,0,93.38899830503742,6,0
448.39653248439447,19,11.894567448405699,2,0,0,185.09559198368956,3,0
63.2272806937019,10,1.9940775392790187,2,0,0,102.17659767262698,2,0
55.89352696584836,6,0.4005486313549449,1,0,0,43.84678980067395,4,0
104.46758207696408,13,14.09111975826004,1,0,0,45.98141673924159,4,0
416.70049431054645,10,11.424758911316808,1,1,0,174.51410281307153,4,0
761.7258622095848,22,15.816549141815734,1,0,0,75.24410270523242,5,0
84.74072246282019,17,34.07755779551033,2,0,0,57.430367604337434,4,0
399.7047449198937,20,4.579561932405016,1,0,0,36.4837944432959,6,0
202.28094140045755,8,5.341397860172259,1,0,0,85.70821731407801,3,0
202.0185550095764,14,0.6919780042036714,1,0,0,239.57997467867918,3,0
242.89472110469276,18,3.1845326284235824,1,0,0,128.20481684460103,3,0
21.709837492637735,17,2.5892581085382522,2,0,0,26.37722128510458,3,0
53.268096803667376,15,2.0932087834025284,1,0,0,76.68657345377088,2,0
98.23783525842212,18,10.896773715084812,2,0,0,328.7046880083336,6,0
122.44680042366225,12,8.959450811726219,1,0,0,42.371488578443255,3,0
71.63096526116016,22,8.673978897985599,1,0,0,409.8492004642135,5,0
11.130589191709557,7,0.5882462603077112,2,0,0,59.07131457397151,2,0
38.91633952177206,17,1.0858624829932642,2,0,0,41.28262931284001,1,0
330.8752080713163,16,2.7111598618684845,1,0,0,20.983908632367474,2,0
194.68868485654377,20,1.4104435712378347,1,0,0,138.89694766565,6,0
91.68892803295245,6,1.4113444469058278,2,0,0,72.00931072670265,2,0
20.445617908474244,17,9.272708280636108,1,0,0,66.18945495018399,3,0
47.810485153334476,20,0.9731720992554427,1,0,0,87.81063614537092,2,0
43.28042482664937,15,9.255251516958943,1,0,0,54.351247578431355,2,0
157.56348380440144,20,2.9175816025699213,1,0,0,209.1815832305367,2,0
54.06533955152033,16,5.1355418301558835,1,0,0,208.19908403180787,4,0
117.9260058126872,21,5.105922946129763,1,1,0,40.92290589727496,1,0
9.945166425879123,18,7.680152260914303,1,0,0,143.46434161816893,2,0
267.71017508609197,8,7.726330700386368,1,0,0,143.14480132903955,5,0
28.397288815569127,8,3.538207619098909,1,0,0,93.60523779907061,3,0
67.23818852507989,14,5.682815178183953,1,0,0,46.755080291112776,5,0
68.53033063437715,14,0.41366428789408105,1,0,0,9.562791616034604,1,0
410.929649461703,12,4.719249993482305,1,0,0,36.65789310777271,1,0
48.538053792147196,14,10.569778508940217,1,0,0,197.46801802015307,2,0
114.85692363736356,9,2.7766002075520806,1,0,0,81.69107397128174,2,0
74.94501840710576,14,12.908877427750156,1,0,0,222.74398229073975,2,0
225.7050220505337,15,5.588523021604099,1,0,0,81.95584111856617,3,0
133.70004688258766,22,1.4991484203069996,1,1,0,42.70493201643635,3,0
1994.800718924634,7,1.856840891752478,1,0,0,143.2761271913851,2,0
93.97520522950504,22,10.253844196227227,1,0,0,85.44932709302853,1,0
11.650755133050968,20,3.0579625716348597,1,0,0,388.8460936105259,4,0
462.54320177374564,14,6.069453660240441,1,0,0,191.42920533224188,2,0
58.25682494603919,9,15.046251971383235,1,0,0,59.09470152756773,1,0
6.555175536693365,17,0.8277615021459384,2,0,0,149.83871365509793,2,0
283.2945470647769,7,1.3827887396507248,1,0,0,28.604103566452054,0,0
91.79389983305435,11,8.53685127769684,2,0,0,50.11950827722794,5,0
37.8211997094713,13,3.357837556804895,1,1,0,47.777794769273285,2,0
25.571925494045512,18,2.7989950369510725,1,0,0,475.72259548790805,4,0
242.7524863468583,15,0.3540574415903516,1,0,0,403.7022697686143,1,0
131.7331217907746,14,1.8760668778938652,1,0,0,128.00197744545923,4,0
24.881784329431444,15,10.99145875239424,1,0,0,74.13285326587632,4,0
153.931830230641,7,0.5464440489492645,1,0,0,27.060220651946445,1,0
15.188841927694854,7,2.592725319193568,1,0,0,138.53470616316304,0,0
303.82363568304294,17,0.20284733242031444,2,0,0,46.67818107159696,3,0
55.04205627054335,20,27.666556948865626,1,0,0,92.46153379722662,1,0
85.60942506262312,14,1.0988591755812098,2,0,0,23.171613460540033,7,0
27.199847143820755,16,3.5402323189626057,2,0,0,125.88611423551684,3,0
53.708450606745096,20,1.5316740274365905,2,0,0,53.07581895505252,2,0
27.485636878186895,18,3.5215768596825465,1,1,0,96.54511944410848,3,0
292.5140471017947,8,1.149951620491059,1,0,0,180.01322988439125,4,0
111.60689346671275,9,5.906002662506874,1,0,0,131.08837102258497,4,0
36.575523700909656,7,13.030238976392056,1,0,0,72.85731335251036,2,0
69.16893073034943,19,4.095852826448486,1,0,0,37.800226329209444,0,0
429.02328580764606,7,2.542482985617618,1,0,0,129.6101045704244,2,0
107.42168852386104,19,1.5771135929511284,1,0,0,35.64798495975834,3,0
103.0460773739988,17,7.555971617478683,1,0,0,125.54523237086593,1,0
46.904396706643325,8,6.123333385544568,1,0,0,60.948075908915555,2,0
66.08115023713279,7,24.266333141713478,2,0,0,206.79958307528864,4,0
58.2942681797983,16,10.173600045371574,1,1,0,88.19729202305035,4,0
129.9780391819999,21,10.452651175843723,1,0,0,47.516588201302525,2,0
76.5495235435262,21,5.104892264537546,1,0,0,102.85208122642432,6,0
211.12885693111994,20,11.05271354121154,1,0,0,76.77183419760091,2,0
117.774972271356,9,2.469651329725927,1,0,0,100.77001180319219,6,0
97.09549123781244,10,1.0816404693582322,2,0,0,58.030368686888096,8,0
317.1050921095808,13,6.25732703325868,1,0,0,61.76431706448159,1,0
96.48013784459333,11,16.595872915666686,1,0,0,60.62674535478038,3,0
92.95756948668924,13,0.34117735396092985,1,0,1,72.67647028195974,2,0
174.79220502712292,19,1.3115077961197326,1,0,0,265.87150231226093,4,0
122.36165840569505,7,0.23839180608427424,1,0,0,151.87508352909134,4,0
266.63896859370425,19,0.9543239095771721,1,1,0,54.356381980328216,2,0
79.22923175039884,9,4.612104495411811,1,0,0,73.68279625692865,0,0
65.68780348803396,22,5.543329988946775,1,1,0,150.00376221778157,7,0
49.90432549386035,8,0.37342046268273754,1,0,0,199.42974154353016,2,0
47.39482715315242,19,2.3465564451870122,1,0,0,47.98201622128708,4,0
28.99765743824646,14,4.393238089120112,1,0,0,259.8301104575972,1,0
597.1639870402378,13,1.333820171779928,1,0,0,65.61491027285264,3,0
81.51802294437172,21,12.446034556034176,1,0,0,199.1032876688097,5,0
896.8585197784554,15,1.8555019679981593,2,0,0,44.978035918569596,7,0
25.172896523252266,17,1.454976177203172,1,0,0,236.96735122172527,2,0
26.412057838513363,7,3.6794724062654542,1,0,0,15.043170193727137,2,0
85.04762588550754,10,2.503653123748177,1,0,0,195.55903425079907,1,0
77.17648197774625,7,5.973129454178993,2,0,0,117.323317102666,0,0
84.99643351801643,9,5.18870717460869,2,0,0,45.33584574706164,1,0
25.90102708093064,16,11.220480776805,2,0,0,266.3267454570701,1,0
54.27337640110865,15,9.427165305253336,1,0,0,199.42135041966736,2,0
110.77956156506521,17,4.708927857093262,2,0,0,37.94904743714918,1,0
283.7492331955526,19,0.8010692942892023,1,0,0,149.4670270429838,4,0
510.2682540849427,16,0.5288407975007055,1,0,0,102.42933383537027,1,0
96.82198613782535,18,5.112221247910652,1,0,0,120.04058501837193,3,0
254.69274339676713,6,4.849259296059547,1,0,0,100.46400241470165,5,0
29.531801067064528,14,10.386314074141431,1,0,0,42.51889540126713,5,0
125.63361470908441,22,0.4906184540341656,1,0,0,282.1616224885813,3,0
126.28646729224043,14,2.2883665116786824,1,0,0,69.07685573696148,5,0
27.608560138417012,18,0.4622091006911688,1,0,0,31.27889226565955,2,0
9.256990249687814,12,1.859548663749834,2,0,0,36.742953576123256,2,0
278.34114107322426,14,1.853579941166038,2,0,0,26.423654757068753,3,0
153.06984403894432,22,2.0682805230903787,2,0,0,44.64239010167159,2,0
32.978612102725755,15,1.100390576162285,1,0,1,72.53890307052727,3,0
105.28739730315354,18,1.5147503752268796,1,0,0,86.63837607281326,3,0
90.71546893912007,8,3.5582771273423104,1,0,0,104.97099995198288,4,0
252.3960605283566,20,6.075389212693155,2,0,0,165.52843198545503,0,0
25.658236419018863,15,1.0637959398684713,1,0,0,104.05848476812461,8,0
239.477102215991,19,7.611357669284089,2,0,0,43.88999213628518,1,0
62.002012730184106,21,29.71594895093809,1,0,0,114.18459756464713,3,0
113.62097035279295,17,1.376890187703854,2,0,0,40.344743097788204,9,0
82.78251769185118,9,7.532802514962754,1,0,1,1230.6501286557368,1,0
23.520496947204318,14,0.8030642725463878,1,0,0,63.1197297233279,6,0
795.1749664239685,18,2.3102157033433457,1,0,0,177.998573200819,2,0
57.481155489594315,12,1.5786728176653317,1,0,0,37.99232440806236,7,0
69.53462722650592,11,1.8236410473042697,1,1,0,212.79557304061038,4,0
284.1056129299031,1,394.77962176523346,5,1,0,156.90598748667392,13,1
30.89967006210518,8,0.8328783526833645,1,0,0,217.2212817541603,4,0
543.7448369742901,8,8.34749043668784,2,0,0,18.789487584353786,1,0
59.67869347594839,12,4.073001499929477,1,0,0,16.42851191378153,5,0
48.08801329514951,17,0.02827290275005539,1,0,0,127.07575094469888,3,0
50.26159880974871,10,0.17321282848468264,1,0,0,82.10367511529324,1,0
68.87095121962538,11,1.4657156665055113,1,0,0,146.00455241178068,5,0
42.266549470169984,11,0.4057804882911962,2,0,0,43.04951718335212,5,0
19.076602402806767,17,1.5135024593134814,2,0,0,53.425464912498455,1,0
292.9869807535259,15,4.129865258274797,1,0,0,56.30480361345701,5,0
218.16059873039532,6,2.3798426583513765,1,0,0,95.1269020961101,4,0
57.38659475222465,10,3.981771517845864,2,0,0,70.22511133096526,1,0
77.25757801017832,15,15.839165554337185,1,0,0,21.26176848598616,8,0
128.00321701254478,11,2.5018519649969404,2,0,0,75.6248369291054,5,0
108.0952657200019,8,3.17233659802668,2,0,0,19.690422940277468,3,0
660.18186703013,18,2.5227496205774855,1,0,0,34.99921702169565,3,0
335.26271675049327,17,10.426143196133674,1,0,0,161.82933079741161,3,0
315.8930192089538,15,4.142582801361728,1,0,0,267.5597337737413,5,0
70.14961896581009,18,15.831821053798524,2,1,0,133.01381681422933,3,0
73.65269256550313,15,4.166823628224181,1,0,0,22.233907097843435,2,0
358.9540964709193,22,2.9985174459281168,2,0,0,20.480340135550357,6,0
384.7588388737029,12,2.5433491339426144,1,1,0,133.68885562960745,2,0
181.03471591631234,6,2.0554858671610083,1,0,0,155.19293157563595,0,0
183.2699070589877,8,0.908702334237639,2,0,0,96.5958475978755,2,0
151.75245929229013,21,9.540110558198995,1,0,0,213.59502658051235,4,0
517.0487009082594,14,9.331878948149972,1,0,0,114.93429235121069,5,0
45.76903166694837,18,1.076735808139999,1,0,0,21.79531229432519,3,0
20.244800251071435,16,5.857362523532795,2,0,0,200.00244276956383,0,0
22.213358123595565,8,3.30497319352319,1,0,0,118.60646194313028,4,0
324.0635299509704,14,1.7900257362406078,1,0,0,89.03872979239296,5,0
79.38057591584126,21,3.557876402781836,2,1,0,106.14835450022422,2,0
309.0200236803263,15,10.608311767828646,1,1,0,62.04950178901125,4,0
47.53252316037626,22,1.7198141013347679,1,0,0,27.548901480253814,1,0
124.06253164229032,19,2.200381578633943,1,0,0,59.24486288945148,4,0
118.9614882266934,10,10.826112467723457,1,0,0,115.97937980326967,0,0
200.41886975413775,19,3.742405725725262,1,0,0,39.342706989680956,3,0
93.74625254552794,11,1.07436229303324,2,0,0,174.4692978667617,4,0
83.00941501492825,15,0.7994146326668089,1,1,0,108.20715494318341,3,0
69.02076261086789,12,2.710869630733323,1,0,0,970.6850781418375,4,0
39.49067282566737,9,15.489940949077228,2,0,0,13.527917764125355,2,0
100.28479828108628,17,10.983161765254499,1,0,0,104.6399136429161,4,0
41.73055481897834,13,6.928580549659948,1,0,0,140.09496888981428,2,0
578.505113732782,4,264.19014647972733,2,1,1,76.28800975385278,17,1
232.1797621701788,14,2.5336603187928364,1,0,0,211.36857992131993,2,0
33.550684429690435,9,0.46425892612989883,1,0,0,26.044181995230275,3,0
54.02200700657836,11,3.184643913893272,2,0,0,52.540739471303965,2,0
265.08434694859614,13,2.5527449571832905,2,0,0,148.44826978102324,3,0
38.0760941364388,15,0.5511065484645343,1,0,0,49.37194690469719,0,0
248.54598631124702,10,1.7359165847365807,1,1,0,307.8706895339774,4,0
444.69884187150916,6,2.935341844710532,2,0,0,40.29224901279633,3,0
199.90530509443758,16,10.568073914894402,1,1,0,68.64868826631181,3,0
27.605582145782495,17,0.9427324467870981,1,1,0,423.9462915921245,2,0
84.68987272890446,14,0.3101796560967893,1,0,0,229.17470570010377,4,0
63.69414985394928,7,5.488195546805576,1,0,0,238.67375668664118,0,0
334.9813911662132,9,16.686973746967574,2,0,0,215.1697701667647,4,0
63.3443530755304,13,1.1064073854964822,2,1,0,23.481115960064926,2,0
315.55669374702956,10,2.3295057231175136,2,0,0,111.49402498417612,3,0
104.1078329644809,18,1.4839704860132894,1,0,0,103.17136735290839,3,0
51.13267023345686,10,0.5617590122227843,2,1,0,86.33853781267669,2,0
21.678421461757726,9,3.5299948384520183,1,0,0,171.6149961864608,5,0
244.83446228622321,14,0.8400729573796613,1,1,0,24.73285575325764,1,0
92.12113041590017,16,1.0309406159588796,1,0,0,59.15408919525082,3,0
11.167111457649288,8,0.5706962047653732,2,1,0,35.13582814162052,4,0
7.475811285666726,21,4.6760465463695935,2,0,0,164.7272353116024,1,0
138.1454474575635,13,7.166286885392283,2,0,0,177.58491549906904,3,0
110.80839153860073,22,4.366818761823426,1,0,0,45.238226542343654,3,0
239.32334599564723,20,5.943610957155549,1,0,0,105.55582809754978,2,0
156.93410872042557,10,0.34631173210177957,1,0,0,30.49452837523877,6,0
76.69735359346944,7,2.511007922989435,1,0,0,44.171658187353074,1,0
111.28487477824636,15,5.738768993766619,1,0,0,79.29034939692934,3,0
134.3544405349953,13,0.7188760588966392,2,0,0,92.89185132622259,4,0
141.19693724813322,21,0.8857782700157926,1,0,0,44.6039712961037,3,0
130.85136858757426,10,1.215431286406355,1,0,0,173.07753534391628,2,0
97.62001488137179,6,2.769101799950882,1,0,0,241.5695202685445,4,0
65.5123782683442,21,1.4413744376834798,1,0,0,55.99488262624204,2,0
14.648691647267498,9,1.251740120035757,1,0,0,61.671905914838455,2,0
634.6411338146607,21,0.7051308842202217,1,0,0,45.37159582639059,4,0
33.43033344710206,7,6.223707438475445,2,0,0,282.15247507559457,4,0
701.9194754334042,18,4.91520038578699,1,0,0,136.46273734750812,5,0
232.76185018893602,18,1.685062174452946,2,0,0,88.26024628975028,3,0
54.73084813192984,21,3.822187351950523,1,0,0,33.12032443244953,4,0
6.348203991756107,21,0.3096518202363257,2,0,0,78.55791644810189,3,0
576.9192700942139,17,0.10944556865972174,1,0,0,194.15299424538804,2,0
53.364192726044124,8,0.7878795683641239,2,0,0,89.07363120225088,5,0
100.88393202303304,17,2.92366310028733,1,0,0,46.369030765151415,7,0
89.69342449948974,14,9.273169058405568,1,0,0,89.01220040667918,4,0
1220.308730072041,21,6.8425463039298275,1,0,0,216.4541227009666,1,0
179.41612082257987,22,1.0539084268207723,2,0,0,37.60109692441852,3,0
231.12036141169895,21,0.8454280571862993,1,0,1,57.44211370456652,3,0
113.52804936486869,6,3.6282351268519797,1,0,0,39.08149811960226,3,0
252.6094296208975,14,3.094773559445562,1,1,0,161.86692459387663,2,0
280.32449586309787,22,15.487873563802063,2,0,0,96.76093582317284,2,0
180.90536154460028,16,24.34870953422029,1,0,0,149.46763634974366,3,0
71.62184209651326,14,12.609413609830739,1,0,0,84.53369251856726,1,0
25.10962965559716,22,2.4669890626017255,1,0,0,51.62376098242636,0,0
86.37589451514509,20,13.913966178642658,1,0,0,183.05807898343167,4,0
32.83336801894,9,1.0935851477453964,1,0,0,43.64966929299291,4,0
60.81836789400387,9,5.532081560605439,2,0,0,42.056243692893105,6,0
151.39648733749576,17,4.175705256521728,1,1,0,90.73483605335048,0,0
99.82694424645268,13,0.09868032580473662,1,0,0,403.41796198574804,5,0
10.691334143461578,18,0.7272537076560993,1,0,0,44.61280716681256,3,0
52.02439293576703,21,0.1220356007472051,1,0,0,54.844850006800264,4,0
251.42658437537057,22,10.72398227105092,1,0,0,31.06124178658946,3,0
196.24208093118165,22,10.446562550133125,1,0,0,143.69870450591415,5,0
47.33375214841953,19,4.029299314335199,1,0,0,117.54223654477222,2,0
20.10198965631259,22,0.03093404759636543,1,0,0,32.161136420660995,1,0
418.8013618091101,10,0.025557152108011804,1,0,0,34.548716316978755,5,0
292.438049467642,21,1.544992237871763,1,0,0,204.62236756377877,4,0
12.609419430638697,22,13.301559962677313,2,0,0,106.72245765752585,3,0
17.073166354577637,12,6.811009895176797,1,0,0,170.24486119735948,2,0
380.67462430254676,20,1.2870181429220318,2,0,0,35.457037972679814,2,0
41.06836396411713,7,1.6651650900005395,2,0,0,201.19915604468713,4,0
18.835782556731406,22,3.004482584132222,1,0,0,47.0801301660799,1,0
84.11026514257223,16,4.091638114318957,1,0,0,33.660859540749584,1,0
148.51199381038296,18,0.09834471009626433,1,0,0,212.60095372472776,0,0
70.72251228876878,14,6.1229859604428905,1,0,0,280.4510443041204,5,0
271.9249021010543,12,0.819491745135134,1,0,0,21.45142026626671,5,0
34.589965418073774,10,5.949447038240956,1,1,0,275.89585169614105,2,0
96.30483078012183,9,11.018634588229466,1,0,1,32.820638922428486,1,0
102.81894995811858,15,0.23180855257802582,1,0,0,221.66201193763393,6,0
200.04986752840352,19,1.7488043214629134,2,0,0,57.88176055243477,2,0
73.31138962388596,9,6.552431479590455,1,1,0,174.38398360336856,3,0
15.686152754843395,9,5.194550544655742,1,0,0,480.09534276355333,2,0
91.87391677072824,12,0.41570770750095687,1,0,0,44.17362630461179,6,0
55.47779642982983,8,2.215582862445522,1,1,0,210.0834193944606,5,0
179.75927147811433,14,14.025211360569417,1,0,0,56.87196917475137,1,0
79.64378546331102,9,4.441101432408561,1,0,0,100.22299193137057,4,0
101.72748305053179,13,11.122881022678591,2,0,0,183.03089488684515,1,0
65.44130568569888,15,1.6101125634046187,1,0,0,77.57375647149046,9,0
25.702757495880803,11,3.0294633241799493,1,0,0,168.16503282172977,3,0
162.96846605094763,16,2.0136362854145773,1,0,0,295.2289913279484,1,0
53.64066346209946,18,9.414054886338837,1,0,0,295.0739853393417,1,0
117.30475723533084,19,9.027528753356588,1,0,0,190.39807475919346,3,0
37.267638471746736,21,2.4153702978886913,1,0,0,49.47540718864896,3,0
5.26415869352357,11,2.6184775847297685,2,0,0,71.52712969544672,0,0
113.72530231951333,22,1.0605542733422175,1,0,0,54.23786798835514,2,0
681.5091131813367,14,14.985428256770057,1,0,0,699.4534530317367,4,0
148.39299464760447,11,5.28418454924158,1,0,0,15.963953470875596,4,0
18.20826565979583,10,7.259603438570666,2,0,0,67.02007732511206,5,0
172.82960235281823,19,0.9729870611954904,1,0,0,80.05251783103358,3,0
253.124396819893,10,7.770778149769148,1,0,0,9.51399929118558,2,0
441.59959090669787,10,0.9073365937135387,1,0,0,185.86436907668985,5,0
182.5878402753754,6,0.7764034645644429,1,0,0,94.31412573762846,1,0
76.6646250791559,22,8.628527833132134,2,0,0,18.328711221152194,1,0
235.16917954455124,21,4.728173549749362,1,0,0,10.133023937021884,4,0
99.66915941493359,7,1.0160675437974522,1,0,0,102.32673841710907,4,0
29.3804681631043,8,7.3001689024624525,1,0,0,114.20251098549912,3,0
191.9027276153073,21,0.4073513815102522,2,1,0,73.4103025713958,2,0
136.96228669829588,15,8.64081534678621,1,0,0,145.05583314664025,5,0
87.28804375170581,12,0.39604611387683347,1,0,0,160.95892500575692,4,0
66.75256006203115,7,1.76292241329244,1,1,0,264.242400314501,4,0
91.09133451690376,9,1.9132761506845601,2,0,0,39.45578923951473,4,0
67.52868567727107,7,0.483118284469187,2,0,0,91.93841979806018,3,0
76.8376321419581,22,2.5300033824589674,2,0,0,286.31961437171293,4,0
153.59929232652692,22,13.321398814563725,2,0,0,118.33225280102583,4,0
125.39526851302668,16,3.7523704467857937,1,0,0,79.40554515938878,4,0
142.07512587133257,20,7.3274043175887655,2,0,0,13.200045856399269,1,0
402.6274812458356,16,3.5440879417823847,1,0,0,41.640077038604694,2,0
64.93110290843546,12,7.20761963915967,1,0,0,104.35879706088012,5,0
92.33149226685272,12,2.0027376745228596,1,0,0,163.2411079395669,4,0
40.333224398008326,8,2.9452808845384504,1,0,0,109.17931357288451,5,0
171.5020864489663,6,8.17331345742382,1,0,0,51.102093635660225,1,0
32.65846371512715,16,1.6369449109162808,1,0,0,21.005751177853337,6,0
198.4940871909644,22,1.8713946352566535,1,0,0,176.75196137664938,5,0
262.8393876374531,17,0.9123581485712013,2,0,0,532.9714504628874,4,0
59.591979216583745,15,4.802541815134425,1,0,0,93.42752440090774,3,0
402.39398995706654,7,1.9289969953769273,1,0,0,26.89100483724513,4,0
152.54823376573847,15,3.496049739695235,1,0,0,74.08635351372621,1,0
27.27784934664783,22,2.150842476791665,1,0,0,73.39244307202651,5,0
169.68079954449334,22,2.736203783146207,2,0,0,110.76951021505835,1,0
55.5484980445361,7,0.19718791223644647,1,0,0,65.48133271282717,4,0
114.22512778247025,16,0.8380228648973288,1,0,0,120.99428539456302,2,0
64.90876590028613,10,0.624091348435713,2,0,0,174.89547404809255,2,0
127.92551846194151,10,20.107936714842953,2,0,0,56.74174727605068,2,0
85.42130557004386,21,12.200115329358844,2,0,0,162.7132280724182,8,0
7.231129142077917,22,0.13033700725775318,1,0,0,90.85857402389676,3,0
139.34295127257158,20,0.5795426830957409,1,0,0,113.89771193429772,1,0
114.18609625831219,11,10.822116468946268,1,0,0,32.35615265689875,4,0
283.84993743379556,6,3.7117351889456036,2,0,0,29.91436303651138,6,0
351.9103703680831,21,7.351190840437418,2,0,1,43.499396420062126,2,0
210.79750108637288,21,5.846428904340445,1,0,0,132.75879932710444,5,0
133.30091549023757,5,246.76713151546662,5,1,1,42.450999901881595,15,1
70.3142372222213,16,14.833424247536108,1,1,0,74.6101087831704,5,0
204.43138598062305,9,3.5559886593263155,1,0,0,64.85446520310457,1,0
35.62577983383947,15,10.983448501849754,1,0,0,304.78509222942563,3,0
20.06943447409439,16,4.833298716816052,1,0,0,62.4106076057724,3,0
324.16046434742884,17,2.145926845839364,1,0,0,76.44242185888068,8,0
33.27650252879493,6,0.04532761363104949,2,0,0,336.7884982995825,5,0
544.8503563799408,6,3.0703106655242496,2,0,0,65.81548364894599,4,0
88.01999002174364,14,0.5783780253628721,1,1,0,45.99651590742219,4,0
18.858536826733967,22,6.259275658790187,1,1,0,89.57069720932022,1,0
48.38318818095553,14,1.5568512534095946,1,0,0,32.135439770509535,2,0
81.56594773595127,11,3.590141668812319,1,0,1,270.29059437583277,2,0
7.479589736627078,15,4.072168241541348,1,0,0,339.77455251216463,4,0
50.679084683413954,13,2.1021904831794593,1,0,0,34.782055016622095,3,0
249.36638485248096,20,7.348089210436855,1,0,0,153.25773971432054,4,0
38.211943922572274,21,12.624711466519091,1,0,0,127.44899002780723,4,0
56.15232763565975,20,2.2758208010239755,2,0,0,46.03617024369166,2,0
138.87336298337928,18,2.305858228675062,1,0,0,50.48892480502156,2,0
46.36587994781571,7,1.0301070187877992,1,0,0,81.7321687908722,5,0
60.06104609838652,7,7.719785086989402,1,0,0,77.01228449726582,2,0
120.20139694928413,22,3.3831939145472223,1,0,0,270.1998438020286,1,0
164.94403468398002,14,11.859193859432995,1,0,0,56.545922634929944,1,0
31.641530508950414,18,0.5885079081871744,1,0,0,33.25217863980624,3,0
13.736762249175651,21,4.624268151925351,1,0,0,17.86779743145905,3,0
27.97529956300873,18,1.646397651530387,1,1,0,52.47131686015934,4,0
23.344241331506126,11,0.487387175251089,1,0,0,50.388944696095514,5,0
210.8451754250677,14,8.74599402354269,1,0,0,13.87389246581172,3,0
244.25619549175272,15,0.9734583462080122,1,0,0,123.21014140547075,7,0
102.13674110854699,21,3.006388360805779,2,0,0,47.70076540196651,2,0
202.06127780936094,10,3.1302397100251103,1,0,0,23.282948732735697,5,0
71.22636487402347,16,8.893890106731359,1,0,1,160.5210260318748,5,0
16.413395003816724,21,3.4430445924865087,2,0,0,57.47614788513918,1,0
154.47276488280795,12,6.021304438494215,1,0,0,41.27820079960276,4,0
41.99206873690396,9,4.124363723334735,1,0,0,62.88798359370245,4,0
15.80436584585864,14,1.4907476126543222,1,0,0,457.4377302490959,2,0
310.26852576655773,12,16.989667583492604,1,0,0,39.78241898139706,1,0
67.48124703515533,18,1.7257217947068326,1,1,0,438.632233033847,3,0
79.67396483528849,22,17.2028119926582,1,0,0,86.62913513200144,4,0
137.60591862826558,21,2.9510729087938476,2,0,0,55.225243567811425,4,0
22.145420298394892,19,3.369625028065364,1,0,0,155.67303558962786,5,0
119.34688099851999,10,0.45935050400873223,1,1,0,59.697899445257065,0,0
35.164328393241654,19,0.9086956729992974,1,0,0,112.41678404999735,3,0
34.697630237082706,16,1.9196573707123996,1,0,0,27.90644471828491,0,0
66.47461976652316,14,1.2660305748112932,1,0,0,41.0179324618511,4,0
97.27921896813832,19,3.548498860126924,2,0,0,95.34574899861316,3,0
38.225459114657326,9,1.4207297034342048,1,0,0,50.74352152718013,0,0
26.39002037826641,15,0.9204873227898296,2,0,0,28.071525258818227,1,0
189.07192364805903,16,10.521046849959376,1,0,0,423.7917031917446,5,0
60.50201966962698,13,2.968915553179542,1,1,0,46.04940742337017,2,0
211.44733841815267,6,0.24194166144438312,2,0,0,44.1314332328142,2,0
41.01812193084082,7,1.296834099625713,1,1,0,77.57391565282913,2,0
1694.94607710053,19,2.3278356058155807,1,0,0,71.01217950993151,4,0
3068.8408241538746,6,3.4826511061067396,1,0,0,47.85140080031616,3,0
140.4502786540927,6,0.9053328734651179,2,0,0,28.216873565232344,3,0
147.53477622032523,14,2.0399884293768897,1,0,0,186.4852754700633,6,0
74.60000684690512,19,3.5202853359886364,1,0,0,47.010568664100155,5,0
94.21428729725135,16,1.4579110961577024,1,0,0,45.17805593081975,2,0
65.15912364062207,15,11.691063130530644,1,0,0,42.10107377270202,3,0
29.119537099768102,19,0.2538853954278244,2,0,0,189.76836780924262,2,0
76.55773660703156,8,5.884107784563827,1,0,0,18.192435105062234,2,0
34.00886282507281,19,0.9210940734180727,2,0,0,343.5447743106445,1,0
383.30081871097155,11,1.0724934893322966,1,0,0,123.37125808448124,6,0
132.4735037654866,17,0.36972596942586616,1,0,0,182.80584217784204,1,0
804.6888056208694,16,1.2263327684686272,2,0,0,353.30183936546456,2,0
98.4348865103735,20,7.941066754186749,1,0,0,81.86952219413467,2,0
47.863273401210925,8,13.091518169520048,2,0,0,50.274893869290324,2,0
225.67061558435688,22,0.508685166213797,2,0,0,57.12222602232183,0,0
277.0263754778677,14,3.7173628513179002,1,0,0,115.815485442953,2,0
161.39214415968848,14,1.6109991726820538,1,0,0,25.32531482612372,1,0
21.994319203146144,11,2.8886514163860157,1,0,0,76.09640829122428,3,0
86.03426937930304,18,1.6035854817874553,1,0,0,57.391555075183255,3,0
54.35721289399676,14,0.4415092782842679,1,0,0,300.06403369920673,0,0
85.06464621250873,10,1.848828598016992,1,0,0,63.920284677604506,3,0
58.874133463007134,20,4.552747445050534,2,0,0,105.38199835798615,3,0
43.42523613882967,22,3.3558390955450697,1,0,0,133.23640840691888,1,0
229.8363224934963,14,2.3963810867658157,1,0,0,18.073554331639055,2,0
67.35779572245588,20,1.757564343287671,2,1,0,173.30414752505177,4,0
458.73309785275325,12,1.7124191728196723,1,0,0,64.71787603588754,0,0
117.03849418942828,22,0.9755648161904853,1,0,0,90.0601921020732,3,0
119.13245555564768,18,3.8665836430732248,1,0,0,20.25403516462729,3,0
47.67746723068895,17,3.8437037030742665,1,0,0,82.62075421065997,1,0
320.0839277573034,12,7.761665117371544,2,0,0,97.66208703331593,1,0
15.091527717795891,11,11.00308358784298,1,0,0,302.83360446692063,1,0
57.60252395755992,14,0.9936976332302327,1,0,0,204.27518222158113,2,0
74.65337507821006,7,12.510963575294646,2,0,0,47.956302397003014,4,0
69.5732054805289,11,2.793802486354535,1,0,0,15.521507834849553,2,0
68.46144552975889,22,1.0867969225721763,1,0,0,193.41175951574587,3,0
505.8431017623571,9,4.363255292517481,1,0,0,216.10805989365207,6,0
24.414643837882267,14,1.3783209249711073,1,0,0,73.01578861836362,2,0
179.49439677646495,11,4.265190076926327,1,0,0,27.926931743926087,7,0
155.57362856884768,19,2.350879847023765,2,0,0,42.8899940859561,3,0
143.63167570350598,20,3.010107663173919,1,1,0,39.376762097758046,2,0
104.2170362517333,13,0.26150402814367,1,0,0,95.09276079249145,4,0
228.44149064885843,20,5.938002421007655,1,0,0,83.38295259848147,2,0
24.78005511221728,20,11.731683783515852,1,0,0,32.49873358239981,0,0
190.0512181651092,7,13.635192828389615,2,0,0,298.033112229441,2,0
380.6736330844874,19,6.4564629077214395,1,0,0,112.66491790774077,3,0
915.3710845837708,20,1.750788169629121,1,0,0,34.780239777709696,4,0
112.92052452696134,20,4.432864446181164,1,1,0,29.913218232832783,5,0
40.00478757677704,14,3.3908170488026004,1,0,0,92.47661610026098,4,0
122.93464294793492,10,0.849702208688189,1,0,0,49.22566402567136,0,0
120.56544630143527,11,0.7096442833736804,1,0,0,76.32880114854902,6,0
174.78307236210898,14,10.383603597713005,2,0,0,47.456589613428044,3,0
81.28855919674687,15,8.606486561662738,1,0,0,126.29334456137907,3,0
60.983079379596006,19,5.224603993161868,1,1,0,105.64163604474764,5,0
56.834340976203336,9,11.559899902696742,1,0,0,453.43918633509446,1,0
179.14675073251547,12,1.4389441448552651,1,0,0,673.2302184838017,4,0
95.39467266493658,7,0.4745745818166963,2,0,1,289.629197165036,4,0
46.99193849394253,6,0.3717436101852495,2,0,0,246.98967348952547,4,0
159.26964854397232,18,12.724505862303609,1,1,0,40.396132508973075,5,0
128.72281435801926,6,7.2006522268210045,1,0,0,184.94144477337795,3,0
333.4337188090384,11,0.9121477057532832,1,0,0,46.41114375665618,1,0
36.69890777941361,13,12.573610099179515,1,0,0,94.52147113006951,2,0
51.618557703084306,12,20.637734369833396,2,0,0,68.01467323035317,4,0
84.08241675446561,12,13.86437885559336,1,0,0,205.92779465583757,3,0
43.64266685936198,17,8.755256189229131,1,1,0,234.29804751755975,2,0
373.88708704735814,8,0.642396091503121,2,0,0,182.35455828567862,4,0
86.37962886811164,16,3.1324122451769827,1,0,0,143.56926363905885,2,0
30.394214847041027,14,1.9607847127994296,1,0,0,81.20095396600226,6,0
124.46648000004181,7,3.1134079677124262,1,0,1,31.369184990903992,2,0
11.320438033801095,18,1.0961756894291748,1,0,0,68.83388205425878,2,0
59.34540490496162,21,2.1423030192642303,1,0,0,52.02433159044545,1,0
69.75734937813283,8,1.9479270514842042,1,0,0,98.17068078897054,0,0
37.40023256887468,22,4.093320939685158,1,0,0,35.33156042142491,3,0
137.560118150338,18,2.6983454693853863,2,0,0,26.050331581239373,2,0
46.600780133772744,16,1.4730093586705415,1,0,0,51.056511846256576,3,0
63.591197550990344,19,4.545510363634953,1,0,0,70.61263173402543,1,0
154.93912212575563,13,4.680404642135051,1,0,0,42.59129811307649,2,0
58.86040670452447,7,5.24399855495293,1,0,0,274.5941141713091,6,0
189.68422655768381,11,1.6082840881036773,2,0,0,189.26245153805652,4,0
42.26880287684304,12,1.0301308348130689,1,0,0,108.93576459855302,2,0
36.03616331986493,20,4.628328688210729,1,0,0,18.211721041964434,2,0
74.17227951766084,11,6.047236376595034,2,0,0,170.8838880381689,5,0
50.62078049783956,15,8.130702038343273,1,0,0,152.14203510251377,3,0
61.17126325296398,18,0.7116010516224733,1,0,0,295.311170467798,3,0
18.711229430438397,16,2.845575648361145,1,0,0,177.3446128868454,2,0
60.48045810834885,17,1.3067994996613623,1,0,0,138.1382811878468,3,0
147.52200958974643,16,7.4106701670410144,1,0,0,69.48865808403413,4,0
58.93301254453764,17,10.503290726839387,1,0,0,220.77796609447665,1,0
33.174706776438846,18,6.4798181581710566,1,0,0,205.9770055964598,4,0
120.06441234392132,12,1.4173382734787374,2,0,0,72.23087325734308,1,0
58.394757467445494,7,2.938123801182595,1,0,1,26.74121392947143,6,0
90.085165611239,12,1.2291689226517892,1,1,0,88.43391153181287,2,0
30.993114536868745,18,7.424240776187868,2,0,0,64.37043342750873,2,0
429.6147034463115,10,1.971398710454893,1,0,0,198.58411560014534,7,0
22.044355869433492,9,4.879671253276646,1,0,0,247.90249674814422,3,0
94.84637624117109,21,13.83859715202496,1,0,0,74.60205294288684,4,0
167.1736256012111,15,0.3000856354208197,2,0,0,44.914655268931185,6,0
65.23123925041925,19,1.70245478869764,1,0,0,58.46548809921862,2,0
19.64191261259607,19,8.987036148977415,1,0,0,281.5731924153965,1,0
50.93499569425375,11,1.2338154078411465,1,0,0,151.94573125703263,6,0
74.43758321246132,7,2.8080634741834776,1,0,0,64.79143749413463,6,0
421.0435899009738,19,6.195296547170511,1,0,0,100.15669016595643,3,0
54.521649052453164,10,4.7192211083170745,1,0,0,119.1545819314968,2,0
293.40905173801735,8,2.4614713091947844,1,0,0,19.08072307549874,5,0
26.567251483222996,18,8.495225092392419,1,0,0,226.79651485728525,0,0
151.31424175907446,21,5.419220252316269,1,0,0,98.19463305682457,4,0
33.20736579337875,20,2.2508978830582382,1,1,0,355.2322265824148,7,0
67.57281547741545,9,7.739795114597749,2,0,0,293.39769696652223,1,0
304.52763905897706,6,1.8791485055750299,2,0,0,308.5411701584257,1,0
183.9650235042688,21,14.78078692979251,2,0,0,71.24799202221844,2,0
236.22149294316765,8,8.088516738553285,2,0,0,88.45057610308803,1,0
42.938452255622586,19,14.147807484761014,1,0,0,93.64937996783736,5,0
35.189877116189095,22,1.5726057121486874,1,0,0,118.52126600521848,1,0
754.1454206786036,2,52.9460666630449,3,1,1,121.30431498749013,13,1
86.11870886928789,14,0.19725665538735454,1,0,0,82.77113902574966,4,0
106.48619374326749,20,2.502268136535759,1,0,0,203.01587132166253,5,0
31.339908725256038,12,5.0865558607655945,1,0,0,98.88834895962388,1,0
194.22779192787615,6,5.770133784464294,1,0,0,69.400963293131,4,0
12.2590489909319,15,0.503858855057474,1,0,0,28.079476436453156,3,0
16.73230540022659,15,1.8225812663766991,1,0,0,153.1201017284574,4,0
562.5933317799484,12,1.9463215023178346,2,0,0,15.330329227280766,6,0
100.66509924819673,21,8.8409627048336,1,0,0,156.50249667766215,3,0
97.75279253934373,9,0.4665019463649981,2,0,0,195.25548056945203,2,0
102.58482573349077,8,0.5616448948341389,2,0,0,71.03947681482191,2,0
29.218845597474697,15,3.1946981136644355,1,0,0,59.801898597115645,4,0
107.11973295337516,13,3.953211342777507,2,0,0,36.491203947344864,5,0
36.38668047383827,19,6.133970757889758,1,0,0,36.811170785744885,5,0
58.66743712134971,16,9.341007322813462,1,0,0,38.36596871718769,3,0
297.51976234369664,9,1.009936145463969,2,0,0,113.48874711346777,4,0
182.68291324652253,11,2.870760581919311,1,0,0,62.86840471507371,5,0
321.14718729074093,17,7.889062358324745,1,0,0,102.6740527865553,4,0
134.96044168745155,20,0.09401684507976417,1,0,0,46.39680365862355,5,0
33.21721858633703,6,2.78667745367263,2,1,0,45.50858840542772,5,0
52.869755034055125,17,3.411677887794617,2,0,0,135.97018845707967,5,0
357.26207905945773,18,4.483167651205778,1,0,0,107.53727726561394,2,0
130.34853351368605,15,4.0548720610605145,1,0,0,80.4172400403563,4,0
179.48177600445734,18,0.08806556211954275,1,0,0,413.62405841163564,3,0
67.71952179564792,21,0.8219870133892915,2,0,0,25.134328128621956,4,0
100.90986056120542,12,0.5160883432339245,1,0,0,19.6036324515943,4,0
109.16514672169143,14,0.4925687701578771,1,0,0,176.91747749505862,2,0
64.85183999729495,12,8.077775203567704,1,0,0,253.0334884981246,3,0
26.64485853552393,6,3.9102115495694703,1,0,0,548.4306619590885,3,0
24.79196014205427,16,26.892761165172914,1,0,0,48.43301286372253,0,0
47.98853550797613,16,1.9221923593969974,1,0,0,86.11508371931839,3,0
551.922533471811,12,0.5860210847841599,1,1,0,110.38228063949609,3,0
59.17891111987779,22,3.8812627844673715,1,0,1,54.207513997447116,3,0
21.999929596804837,22,2.0084603874213163,1,0,0,180.71595642543014,0,0
3.5929861162541012,12,3.681781833725963,1,0,0,14.539867196941463,4,0
105.4349208479517,13,0.08636430238041762,1,0,0,32.58399000626961,1,0
78.37805802198082,17,5.4050120634829115,1,0,0,42.35610968659438,1,0
60.70422612308071,6,5.865198967589657,1,0,0,30.942862706456264,2,0
45.82463025330729,18,5.634058358207319,2,0,0,68.95370359397133,4,0
276.217373966879,21,6.266764483536437,1,0,0,30.38302256485815,1,0
57.39369927204345,17,0.31279349114711963,1,0,0,229.64589191848327,5,0
42.13451920961145,11,0.9259483103971593,2,0,0,158.6451704201905,3,0
61.45891511055364,14,4.659443645213615,1,1,0,131.71027521884278,4,0
297.4295563327392,15,0.6209464727384305,1,0,0,17.519629867793277,2,0
252.13403160873426,10,3.0780638539818916,1,0,0,37.50579977562526,2,0
169.79965211915584,3,343.37488704180026,4,0,1,46.752009155171734,19,1
1415.4711795356347,11,2.243769627577347,2,0,0,61.218604824647464,5,0
196.63675035200765,17,5.114652475441349,1,0,0,55.123251720685815,1,0
30.999399346321546,8,1.1552304133559352,1,0,0,126.6188538052839,4,0
64.30343521286163,15,2.278644816984387,1,0,0,364.2403893449186,4,0
47.00119911654408,7,0.2259114770790413,1,0,0,110.5542426189164,1,0
69.79231639126421,18,0.15520085662342567,2,1,0,121.81191943182094,4,0
120.9214280042431,11,8.680292560791926,2,1,0,158.85190736689768,1,0
23.03065133387327,10,5.554105158350918,2,0,0,55.73553432778899,1,0
109.71770878431025,12,6.490335923112529,1,0,0,37.677271988510846,2,0
179.31866188097487,16,2.4417718937898405,1,0,0,59.046405311261324,3,0
88.24187324522637,10,4.759315038782454,1,0,0,172.29714001473414,8,0
292.94606972098387,20,2.323969916345335,1,0,0,330.15087125924714,1,0
57.68825552900171,8,3.3190462271632466,2,0,0,567.5708022056807,4,0
142.3639352989867,18,0.6121141592799773,1,0,0,156.81527882937706,2,0
154.86597161389108,9,1.3770849647839372,2,0,0,75.61328094546865,4,0
87.07501681448663,7,0.5893666977991787,1,0,0,75.77127534246337,3,0
69.21746757076383,17,6.57450774708932,1,0,0,158.2652308549912,8,0
55.465761869317944,22,8.868506851014956,2,1,0,77.23791083629901,0,0
122.78965311976283,20,1.8691691880591856,1,0,0,33.07748072219282,5,0
134.02793072933116,18,1.6803553813552488,2,0,0,96.65512761635968,2,0
271.47697884639103,14,8.055631379983557,2,0,0,433.6594654765565,0,0
330.01886534798047,21,1.1566382846934147,1,0,0,71.82287236310083,2,0
283.90433971431355,7,12.884413189276735,1,0,0,82.18118005449813,4,0
297.3906602695578,16,1.2607144203725598,2,0,0,98.04997345297163,2,0
145.39315952517146,7,0.24693017431874617,1,0,0,104.85294810923163,5,0
259.80988961184835,10,1.3702144214071503,1,0,0,159.7689543089931,2,0
583.2425975904733,15,2.397887328356269,2,0,0,14.481513837995143,2,0
112.53687134711141,10,1.2405385952698107,1,0,0,50.68991400895496,4,0
112.60958922623345,10,5.354001057226968,1,0,0,225.44311950845156,4,0
99.74785268188971,16,2.3553254820586798,2,0,0,52.07802665759011,5,0
814.0435979143717,16,3.715890281097318,1,0,0,91.33497083214523,1,0
144.24920302527866,11,0.7737293391605843,2,0,0,54.057406308706696,2,0
98.78830689942903,12,2.404757765332925,1,0,0,226.83855198291297,3,0
46.726538548606456,11,5.120757439772358,1,0,0,20.967618270111906,4,0
50.55733963506384,20,1.9933941354033466,1,0,0,33.94077567746611,2,0
65.88613784048432,22,4.473865810683018,1,0,0,44.29776188108919,2,0
66.91295134043331,19,2.3371236237805855,1,0,0,222.67549825982363,1,0
80.93634629068544,17,0.42103523641460855,1,0,0,210.33064054802165,4,0
52.26845864221577,22,7.6087990918206945,1,0,0,113.88454159353554,0,0
72.80289276237235,14,1.6742733550939628,1,0,0,84.17357829863239,3,0
100.22767762805731,12,19.766898624070073,1,0,0,46.63709780865974,2,0
405.0429004698411,11,2.810801501584029,1,0,0,124.36102378871382,1,0
22.215088957646362,16,1.9225371182850988,2,1,0,288.77311394928387,0,0
65.91223696866399,8,4.315133046453081,1,0,0,61.77668109813746,5,0
23.54551335729994,12,0.39071543663469815,2,0,0,103.23289270550028,4,0
192.31894396527954,14,15.60113730449315,1,0,0,233.36068044622502,6,0
260.1494460829154,16,3.733986355819567,1,0,0,37.65979835285669,5,0
72.78779552685414,17,0.2486411269352853,2,1,1,246.39907644901638,2,0
199.62295587181254,17,0.9230399159079056,1,0,0,240.87532695078812,5,0
250.56278957631483,11,13.15919163370171,1,0,0,134.68656167412618,1,0
224.47663395469334,15,5.4586109472011515,1,0,0,74.95309115361236,5,0
55.19342450027932,19,3.3967912507316793,1,0,0,15.119727137399046,2,0
96.66522785189457,13,0.7913627620881646,1,0,0,115.66233009089716,2,0
70.02708987208749,14,5.591085328012091,1,1,0,45.16233185157018,2,0
15.753340996113858,8,12.192672998172743,2,0,0,92.03249798425406,5,0
68.04638858199404,17,10.336586828280883,1,0,0,102.92811419110404,5,0
479.4177692123635,13,9.758482482055866,2,0,0,65.61905762297391,0,0
265.86799827313143,11,6.022688955443316,1,0,0,70.75682878325236,3,0
12.196037368756645,8,10.728615293895745,1,0,0,94.8935141063397,8,0
147.15782455130233,16,0.011175245031673501,1,0,0,84.05335794859114,1,0
53.610629561974775,19,1.9286494105872287,1,0,0,162.0179959740205,5,0
27.285711263881712,9,11.31260617526843,1,0,0,163.8367086388195,2,0
920.2992734037483,9,14.9305549236688,2,0,0,60.610584696143235,1,0
159.31368558413462,4,415.35602770200717,5,1,1,70.2110650918111,10,1
465.29562359739555,22,5.973594333710351,1,0,1,22.65743442278036,3,0
144.54522446096925,22,8.94032027158847,1,0,0,146.58476969862588,1,0
91.33271058302245,19,3.989179109451566,1,0,0,199.9926400828051,3,0
430.7483432638653,11,9.449030563262074,1,0,0,26.09316599626314,4,0
62.62480462003119,15,13.328096908149847,2,0,0,116.49427685709446,2,0
10.45506431268634,15,3.3687632703102306,1,0,0,14.247002843908586,1,0
15.356834733363973,16,9.240975976097484,1,0,0,78.36468037849757,3,0
67.02397034210728,14,0.39224038271739764,1,1,0,28.548792038344594,3,0
46.96287663973117,7,7.161990590297735,2,1,0,49.087009000164564,9,0
160.60190264887734,7,9.781381482096577,1,0,0,116.70111616216167,5,0
110.20351540344933,15,11.999018246237213,1,0,1,69.32311647230851,2,0
689.1999669637638,17,1.7670138700426072,1,0,0,218.08748214540685,1,0
72.19956780010156,19,17.11354537955044,2,0,0,78.05796402686346,2,0
71.86126300975965,14,0.14529450714014736,1,0,0,246.83843154629443,2,0
252.94950007648916,11,0.828996230682717,1,0,0,674.5619803969004,3,0
93.63900794732737,14,2.184499138793887,1,0,0,80.74850097757597,3,0
145.3814464470326,21,3.8742590545525406,1,0,0,81.3960501162136,3,0
37.77845771316445,9,1.396217761618678,1,0,0,45.83652760006926,1,0
29.334264214905268,11,5.683712418913467,1,0,0,84.82285537324185,4,0
2976.488886179222,2,145.49374188315318,3,1,1,58.328765455696704,18,1
41.862433223065004,15,6.279902135325664,2,0,0,47.67178525444593,4,0
943.0089623780528,12,7.314420527940483,1,0,0,52.44558333761151,4,0
65.84684757771954,17,0.7745965073292127,1,0,0,129.5315461203132,4,0
84.42063167814948,19,4.182113448645774,1,0,0,135.67473952304616,1,0
37.337120457542234,10,11.303488429797486,1,0,0,68.85977072565532,4,0
55.53086255768996,22,2.1145040119374343,1,0,0,166.82148254155717,5,0
415.7961844036258,20,0.6175611844575122,2,0,0,33.0064526150886,2,0
70.25418510735847,13,13.30993500304313,1,0,0,55.042390276986694,2,0
10.72709281076177,7,3.903022724473015,2,0,0,30.511752883114195,3,0
190.52180090958086,9,3.910491248942484,1,0,0,37.934956329267585,0,0
96.01211820564338,12,9.378682274256587,1,0,0,40.75870517980386,4,0
147.62948480601148,12,1.955751176024139,1,0,0,18.44860161999841,2,0
31.21155227870027,7,18.468914339277717,1,0,0,36.31695002232808,1,0
21.25940118439996,20,3.7874112512299707,1,0,0,46.42673540766422,0,0
110.1384989079518,18,3.774181541287641,1,0,0,180.05276923766365,1,0
32.30587977124931,16,3.682845989836794,1,0,0,97.77817401649645,3,0
478.14918265543344,9,4.0840469795901395,2,0,0,20.304078365826662,5,0
61.46762326272658,18,1.0571868016195638,2,0,0,303.46241028404427,3,0
87.57408273250239,13,5.214043428025034,1,0,0,119.75486938880476,2,0
349.25605649959346,7,13.55232866411194,2,0,0,76.19813734217435,1,0
66.55006359980335,7,2.6626986377049633,1,0,0,106.91554615813237,4,0
1754.7339401761471,3,56.97067283262814,2,1,0,17.757076897887202,9,1
165.3129491021676,20,1.418766017606459,2,0,0,158.24083387200682,3,0
23.71184008605527,16,1.006967772707143,1,0,0,55.528050639126995,2,0
35.93773413115441,19,0.6567756897371533,1,1,0,22.728832481372038,3,0
474.0245978504451,15,0.024762743266391416,1,0,0,312.41888419187956,0,0
68.69203840689045,7,1.1751054404794306,1,1,0,129.31838307609223,1,0
95.1004889530097,10,0.6180080044871626,1,0,0,22.132937573672663,3,0
381.3679297683045,14,7.208204061435247,1,0,0,157.19735667050864,0,0
57.7655842299405,19,6.278707803518855,2,0,0,71.32448061479336,2,0
37.1933917681971,12,2.3803553655615532,1,0,0,161.4847073102219,2,0
10.193891621543358,16,6.056986186174223,1,0,0,317.0700721172201,2,0
36.346471360477864,17,1.0499502213399892,1,0,0,113.02022843368692,2,0
67.48714947787532,20,0.7139173522526014,2,0,0,154.99964939196258,3,0
177.9250379674146,7,8.6027197964927,1,1,0,66.10958775906246,1,0
29.41416955191024,19,4.3242635885661205,1,0,1,88.37796047183674,1,0
41.60661568045025,6,0.8982403684176478,2,0,0,283.0424236075355,1,0
1707.9486940221368,15,0.9200358733567598,1,0,0,36.52598547218604,5,0
165.5442996978553,12,2.68941839132329,1,0,0,34.77892406810436,2,0
91.7753800804203,22,15.129387291958245,1,0,0,52.35778631960813,1,0
6.205480615651903,19,12.530146194615156,2,0,0,55.955010206956636,3,0
265.63211175685564,20,5.759407369076514,1,0,0,90.0422962727733,1,0
11.306298529832425,13,11.825401727121871,1,0,0,60.39415675409688,3,0
702.1828507451789,11,2.7396439497681957,2,0,0,245.35533786381342,5,0
61.85566082284116,20,0.7722899695692711,1,0,0,109.22429380526033,0,0
283.94078144276295,13,0.4297622264149005,1,0,0,67.15663251387055,5,0
158.2077622289394,16,0.19729303063909553,1,0,0,49.13216103022984,4,0
64.12778419089315,7,3.37878143416062,1,0,0,176.74553099118285,4,0
61.283514724872234,19,13.449444510948503,1,0,0,77.68924163989352,2,0
294.75528627806875,8,1.433844889987761,1,0,0,24.307678563664826,7,0
82.939018461441,20,2.1554660757594544,2,0,0,67.7363039039507,3,0
34.55081175387777,21,1.4741332337732016,2,0,0,60.637434636501645,1,0
215.72182942938358,14,8.693214798896772,2,0,0,104.27156017128036,4,0
27.16783048997129,11,6.161408578789578,1,0,0,98.77434085698789,2,0
132.7125877648015,6,16.466601540666673,1,0,0,52.971823747202095,5,0
242.1561817962492,2,447.1804796221761,2,1,1,119.33209093098252,21,1
42.958255250534165,16,3.2888540636134564,1,0,0,130.7503543342057,4,0
27.02599402711849,6,0.2270254469463136,1,0,0,325.2443831323842,1,0
104.61655005748472,20,3.862387998120906,1,0,0,61.148086041057866,6,0
64.6308348661235,18,8.099606972327887,1,0,0,145.455390812334,3,0
122.41336676592475,15,1.7299373076090632,1,0,0,29.835494305415853,2,0
76.65914298601446,15,7.820765550333958,1,1,0,473.0203811768254,0,0
53.04197710378888,13,6.027744159479123,1,0,0,18.57778474026358,2,0
21.770738629629907,6,1.390964808285353,1,0,0,39.5044325885434,2,0
56.307308932191376,22,1.2298817652058744,1,0,0,60.38776012277936,3,0
11.4123628115992,21,18.52140399181526,1,0,0,48.42574018748662,4,0
192.69351859887587,5,32.37003035846652,2,1,1,86.88006796731264,17,1
49.932284053162334,15,0.5492739312864912,1,0,0,197.541718052149,2,0
76.8204151406477,21,1.2481933832457583,2,0,0,58.0474204818462,4,0
27.41413844481796,19,4.055150259088375,2,0,0,23.148494958862575,2,0
66.74843923567722,7,8.430745374737855,2,0,0,98.51829718662697,3,0
13.826108099312046,11,5.967118307820077,1,0,0,57.800328384222965,5,0
67.05708304557483,10,2.397754115094027,1,0,0,134.8934167107259,2,0
178.66414147908054,20,11.538523058851709,1,0,0,93.60801928169394,3,0
192.57893460647975,15,6.944335731343619,2,0,0,108.81066789541742,4,0
33.941347883121836,11,1.4122041361959135,2,0,0,81.6660602525493,1,0
104.11761751613064,18,0.9114489130077409,1,0,0,56.314545563773336,3,0
71.44589594293355,22,10.12186235413405,2,0,0,102.75762458705563,5,0
36.22232560208533,11,2.6374387661362704,1,1,0,42.96669375662796,0,0
114.88747808225573,21,6.617700540629055,1,0,0,367.74699861000954,2,0
134.32145640708174,8,0.5411919848553224,1,0,0,55.135066031367735,3,0
19.003558786100797,6,9.393588712966693,1,0,0,57.75417968240699,5,0
25.679951156917316,22,3.261640763002533,1,0,0,148.80457363267655,3,0
66.31266396167095,14,0.14649348130698206,2,0,0,76.70479030645022,2,0
170.4991347668025,10,7.350345049592205,2,0,0,66.93197620060516,4,0
41.67927212173346,15,6.017990681805172,1,0,0,251.93301489665964,7,0
50.88909380910438,22,22.347053174560138,2,0,0,127.67923963911679,5,0
30.412371213449198,22,5.644503659284048,2,0,0,245.3688351712314,2,0
139.0649427943506,14,0.32946987977321285,1,0,0,54.204044909186464,1,0
38.57198012720146,18,9.453986247624249,1,0,0,384.3038349126481,1,0
42.84605731831331,6,2.261442608302333,1,0,0,31.86635892669057,0,0
52.46993399236271,18,7.848595328263337,2,0,0,46.19073631082502,2,0
203.97175827943715,20,0.6373662362283273,2,1,0,216.33962475184202,7,0
346.9341890743354,8,8.371756458766972,1,0,0,110.59473145243625,3,0
19.4118912488726,8,0.8845511437834397,1,0,0,77.12862533682053,2,0
129.89759482188677,18,1.8285409001988826,1,0,0,110.65673278193904,2,0
89.65125177621762,17,6.793030578115504,1,1,0,34.96294083153216,1,0
385.0543438245482,6,1.7014913986598321,1,1,0,98.59280685796585,1,0
61.68199672042185,6,10.842865363449555,2,0,0,89.8173107081494,1,0
128.46660002473848,9,1.6844855541495298,2,0,0,75.44762778283894,0,0
146.528242966446,10,1.0305199105641085,1,0,0,75.96026207883361,6,0
21.66791077172263,10,19.568483040737195,1,0,0,131.2922203749062,0,0
101.0559813713065,20,7.239556218349261,1,0,0,45.93416000703701,4,0
54.26128227031828,6,3.868337625296814,2,1,0,67.69444005678805,2,0
121.09467488206403,9,1.1679067783018964,1,0,0,104.27163509810438,3,0
21.245501606738287,21,2.650863881023949,2,0,0,98.14185915971287,3,0
77.69626985693597,20,13.716092182985587,1,0,0,58.052198478444076,1,0
548.5051361355935,6,0.2138235838567444,1,0,0,54.75724245917368,2,0
9.891929510972771,11,4.051761045756456,1,0,0,162.83133107286272,2,0
349.52789965538216,14,3.858921665929678,1,0,0,51.765495672593175,4,0
105.3331220424772,16,9.050137228192416,1,0,0,60.23662339018781,3,0
91.15140036690318,11,0.40509943713104446,1,0,0,69.77515267329326,3,0
24.663354642702863,15,5.799705413516336,1,0,0,88.61429890579272,5,0
38.669785605889146,19,24.78395147328005,1,0,0,37.75858846499792,1,0
31.32324614415884,21,0.4073871854874758,1,0,0,284.6986464291932,3,0
75.76413612922894,18,3.5425931598453673,2,0,0,386.6524236791426,4,0
19.835455828112984,11,2.049008213619209,1,0,0,290.1521974109642,2,0
250.34537677286303,19,7.624414230546952,1,0,0,160.7518777870348,3,0
425.8811942834876,13,3.237756552636439,1,1,0,57.27207315789774,4,0
126.67949458355568,16,3.1854035031242036,1,0,0,71.80148700510422,5,0
37.95899108570301,18,10.372814478785251,1,0,0,155.67728997994885,2,0
84.58940167038045,10,12.66107743269843,1,1,0,49.03057451616587,1,0
100.3920449296289,16,3.0333698788682657,2,1,0,76.30258497646965,3,0
110.07474729351979,10,1.7648468948138205,1,0,0,20.827484894349823,10,0
51.65168822199699,21,0.7927172215947121,1,0,0,72.12049030914766,3,0
278.01812086013,6,4.467163048085144,1,0,0,53.73362203793197,2,0
659.9040248136941,9,1.6643398533402285,1,0,0,110.33553330704969,4,0
39.74928547971341,7,3.2266889241361643,1,0,0,144.25906515598186,3,0
111.26104297634855,8,7.562420593742024,1,0,0,460.6781436267164,2,0
76.78081387440943,6,1.8772781751977408,1,0,0,47.755806253565574,3,0
11.94213219531673,19,7.425030353029395,1,0,0,56.71590477810386,4,0
125.04129288172008,19,4.875175316007542,1,0,0,46.18338442641571,2,0
14.254363833327227,22,3.616632470582864,2,0,0,105.9961317853554,4,0
13.20145226745581,20,0.8865874435974432,1,0,0,48.474011051291924,2,0
120.00865979868597,22,1.8711906290044706,1,0,0,97.41708761075357,2,0
324.6653530240165,11,0.12632851417599658,1,0,0,134.43494022956912,2,0
52.50336678875608,7,2.8854426900305503,2,0,0,57.57523944691576,4,0
35.72808923297558,21,10.611559822418453,2,0,0,166.77681177347017,4,0
362.29396543002895,17,9.17201095568188,1,0,0,90.18926598262641,1,0
284.19823887937196,11,3.2548866441317648,1,1,0,37.613993047331434,1,0
89.08000254395593,12,5.213184524342646,1,0,0,52.64844492773815,0,0
181.8423671524773,13,4.79495458188557,1,0,0,34.91584273058868,2,0
179.99311911697365,19,2.8722075301801797,1,0,0,249.2406538554351,4,0
958.5366245191301,18,10.195747315955714,1,0,0,42.60221124572212,3,0
94.71645097631905,14,2.5170885490171986,1,0,0,102.34893985795357,4,0
35.94621866231902,8,0.6618508260964783,1,0,0,47.964724671141255,4,0
154.84489980702375,7,3.7584511222411985,1,0,0,121.4934365274995,2,0
7.173831722858909,6,4.15185565965378,1,1,0,190.81629834442063,3,0
236.7032162376851,20,4.477980787827331,1,0,0,67.45039886044252,3,0
124.33437433617524,22,9.356834365901952,1,0,0,56.2883721999863,1,0
58.462158827288775,14,0.25962581147375285,2,0,0,56.88635219610721,5,0
84.98563540676926,14,3.5194171609885903,2,0,0,49.567290701013796,5,0
44.16029736804316,15,13.379068595707116,1,0,0,155.73769803024823,3,0
68.51092708103084,12,2.59915200739799,1,0,0,205.10885921961085,2,0
182.62917134755446,17,3.247760715093931,2,0,0,141.55628193077615,4,0
126.27933624939224,14,1.0359647597014765,1,0,0,99.73588034578704,2,0
159.49399590706344,7,1.6369417362755478,2,0,0,79.5210922280547,3,0
307.969444757359,11,0.39360447911617186,1,0,0,42.545163514601434,1,0
41.58783148908815,20,5.558383493666908,1,0,0,63.136571609698976,3,0
28.702398420322773,11,1.4286174527437532,1,0,0,138.18985516728213,1,0
59.087270921774426,8,9.747231218151764,2,0,0,40.27710866322406,6,0
299.63842723737883,13,4.537743267778244,1,0,0,58.99156517921719,0,0
51.66155549213498,16,6.874976618167069,1,0,0,66.66086735157891,3,0
70.88451143135751,15,0.8555044069243688,1,0,0,42.441579020730906,2,0
63.48110456309274,11,1.2998565424460893,1,0,0,92.91964559736785,5,0
329.30835022484433,8,6.537678358348989,2,0,0,61.771143120904306,6,0
29.344438113820623,21,4.755949194933825,2,0,0,17.749436395322476,2,0
147.924087996928,17,3.6081329746403528,2,0,0,123.69122504687424,2,0
80.35159047934373,19,6.457221405273309,1,1,0,94.13466694342371,2,0
33.40172851346406,21,0.2284557830395687,2,0,0,126.41873899111052,3,0
827.807163922712,6,0.13995652154394628,1,0,0,100.75932407006842,6,0
20.19113917668163,9,4.072303561567878,2,0,0,539.6785915393938,5,0
47.41008977988631,22,6.179396954778753,1,1,0,36.87373515640654,2,0
92.05171649879799,15,0.4831980464741932,1,0,0,76.61610084996916,4,0
18.82199450626602,6,0.14373092664095483,1,0,0,335.5714474570431,2,0
14.111379337378933,6,1.0357405610683506,2,0,0,64.82832355600955,4,0
23.46592781785706,11,6.777135722163954,1,1,0,137.3332797154792,4,0
1337.1942251687074,8,2.6198150826889988,2,0,0,228.90721970204902,0,0
71.09972511930555,14,6.448035443510095,1,0,0,177.32797571925298,2,0
489.70280951144935,4,202.43296920594344,5,1,1,87.48190568011152,19,1
17.20402431292917,8,2.1266764277473174,2,0,0,55.04250351125831,1,0
28.320450700261596,19,5.90724421710822,1,0,0,68.41019700590127,2,0
308.1858176090683,22,8.26416347726355,2,0,0,88.07669738337533,2,0
63.301704273908385,13,3.791970074318307,2,0,0,92.54147671185312,2,0
76.97822763451872,19,0.40038582754360674,1,0,0,14.986461113835537,6,0
50.47813494437751,19,3.808846136264114,1,0,0,238.15542337664232,4,0
131.80316194581027,7,2.338504195489614,2,0,0,27.153142070443142,2,0
29.158200892408104,18,2.890884808834484,1,0,0,31.76259450167608,6,0
125.70842646628165,13,2.6894947082333225,1,0,0,33.384700044848366,4,0
53.64502322159078,14,23.579488054952968,1,0,0,61.33412713775014,2,0
53.40308041518454,12,3.653848054909066,1,0,1,208.83691879052284,4,0
69.38640526208457,11,3.9730566125744913,2,0,0,58.34267189162291,5,0
71.89070245567338,12,15.223709138431815,1,1,0,123.72518516847867,3,0
71.22519550525031,6,2.3227441714521686,2,1,0,142.4560875818564,3,0
44.28114641217381,15,0.6271516715847254,2,0,0,110.29291142821242,4,0
15.69799935192919,6,0.6970061946496828,1,0,0,47.11585172198942,2,0
78.30432199270065,11,13.76584438367922,1,1,0,62.82570948002978,3,0
45.16273165992476,13,6.10867484142775,1,0,0,134.01783408159505,2,0
62.457983271600284,8,5.828694455155344,1,0,0,126.67703214212803,1,0
299.60089770481125,22,7.585422811717335,2,0,0,68.50580499180798,5,0
54.6534719919049,18,0.9495647498391104,1,0,0,48.864257435847115,8,0
243.70870468452202,20,0.8018342352066726,1,0,0,14.325991624888067,6,0
139.24510210575713,21,2.390873769216886,1,0,0,102.68487554476914,2,0
443.41452870138284,14,2.634407845109519,1,0,0,46.98482287579872,3,0
206.31530000355178,6,7.417684382272477,1,0,0,130.3615298786557,2,0
51.78389339702302,9,7.824954247796047,1,0,0,23.889501402031783,0,0
132.7377967350401,19,18.625916313297424,1,0,0,196.93567046596976,4,0
295.60276151800304,22,1.1371856662601894,1,0,0,31.553345625553725,1,0
29.992736882845605,13,0.9617888734031671,1,0,0,110.2115701980516,8,0
60.639903370013606,8,0.5460018295611351,1,0,0,18.55673873665341,3,0
193.92652390300017,16,2.3066078191369184,2,0,0,126.62001858290355,2,0
35.09082907528103,16,1.9246742700109818,1,0,0,115.15347020743323,7,0
261.9091736128746,6,3.2842853335859648,1,0,0,57.64931491711222,4,0
481.7267708212347,18,19.427629777945246,2,1,0,55.34886604922097,1,0
41.092932235444906,11,2.2483652658434776,2,0,0,51.665565406397086,3,0
553.7734286700858,22,4.064605404588716,1,0,0,62.60109954490235,3,0
29.473028590113504,18,1.066184386988696,1,0,0,307.5096299735417,3,0
118.99528355627322,12,1.2133689408579091,1,0,0,70.41845811362244,0,0
463.5714505989323,18,5.43472199278574,1,0,0,28.2457053807983,6,0
300.66434707807326,18,8.267257330296696,2,0,0,149.7086950254783,3,0
81.65267790572788,21,2.7245614048392763,2,0,0,23.646772286911432,6,0
85.49499116766522,20,2.577512851128615,1,0,0,131.45894150854096,5,0
171.45322692498218,22,1.7704298774058402,2,0,0,57.951190909467904,3,0
13.710349073768619,7,6.232808553240288,1,0,0,61.017584241712605,3,0
40.56422148106967,12,5.959481511463714,1,0,0,82.54268310710769,2,0
61.27944421362316,11,2.157668470970711,1,0,0,90.7633663240346,6,0
83.04646336148386,8,1.3180374007449962,1,0,0,32.83830475697141,2,0
70.93516741959661,22,0.35136387201677044,2,0,0,26.73180781380434,3,0
135.56327840958738,18,9.214294016423239,1,0,0,264.5916215050135,2,0
119.25099722635046,12,3.621079732864136,1,0,0,51.452082965087655,5,0
36.24565676298283,21,1.6782442279292638,2,0,0,27.658290047580778,4,0
19.439673994788393,10,9.78902910804649,2,0,0,17.27801700163425,4,0
285.2890422831,11,1.1777934424766399,1,0,0,115.55730903292607,2,0
157.557496364444,14,1.995009528165311,1,0,0,60.80338050908005,1,0
70.04703770151079,6,1.4311548502509992,1,0,0,325.2355876318335,2,0
120.67155981622471,16,2.2704493155749588,2,0,0,267.09496363470686,4,0
138.09786860002123,19,3.4782190225805016,1,0,0,35.57604227121483,7,0
56.19767287825706,8,7.111637608831469,1,0,0,116.19526027099192,3,0
56.56456350785966,10,7.045998523455258,2,0,0,186.54892434977106,3,0
83.1738219368483,20,8.37717516004918,2,0,0,30.030148918042478,5,0
31.498666455103077,13,5.029585438390019,2,0,0,37.88023819995215,3,0
72.5583032495958,19,0.908901483648546,1,1,0,13.99487143318553,3,0
37.34450005421402,17,3.871249449965433,1,0,0,141.81821204713307,4,0
62.1772371233821,18,7.432446263978669,1,0,0,82.81813438784889,4,0
38.451078579784145,6,0.0728321142126453,1,0,0,184.781876761655,4,0
63.33806656639414,15,12.310076922040514,1,0,0,21.567224588430417,2,0
67.32597252166802,18,11.477627799162615,1,0,0,49.7862165087887,3,0
22.61036165541665,17,2.6926295590411184,1,0,0,60.81389982391667,2,0
10.466551475611322,18,1.0121288084542908,1,0,0,103.18022933774692,2,0
54.986171428745614,18,8.144116396889995,1,0,0,176.24428588290917,2,0
647.1267482543872,20,5.22901363217636,1,1,0,103.34809656088954,6,0
49.93530902448248,22,0.011381041012910336,1,0,0,55.945049284217134,3,0
890.5132759591439,5,425.3952561733265,2,1,1,146.09069426316574,16,1
28.979218849262168,14,0.8551868573230057,2,0,0,183.9166207127442,5,0
100.0583775614086,20,4.952146552883599,1,0,0,124.88795449343485,4,0
197.51216130056497,21,1.0570708035799767,1,1,0,56.148127167816845,4,0
57.597838901855475,14,4.220938488337134,2,0,0,33.066636396193,3,0
66.04188673305569,19,1.2273964984274623,1,0,0,31.185076086543795,3,0
97.95600759728237,7,0.9738473370127578,1,0,0,142.2459848650537,2,0
74.82094532951305,15,6.28152023610954,1,0,0,18.832817792108944,4,0
51.87742684233151,7,0.25587892691562975,1,0,0,109.46805664459423,7,0
41.52147656210534,16,2.6413713101543728,2,0,0,535.2255138420496,0,0
51.40929330940528,15,1.5061007411779093,1,0,0,43.19073047261126,3,0
49.04045485594762,7,0.21277894393906607,1,0,0,50.98355512928053,3,0
2338.0616981163475,2,6.513299567407354,4,1,1,287.4245804594628,14,1
194.74649957499415,6,3.400749992476734,1,0,0,50.996261359757256,2,0
180.440750994666,11,4.681246893306953,1,0,0,86.95396167203627,5,0
127.29457410174133,13,10.227887374104785,1,0,0,60.773922744486654,0,0
144.37387338914436,10,1.9619561827218732,1,0,0,36.84552238480428,0,0
21.761075269577653,16,3.0555067566258662,1,0,0,65.65836746450016,6,0
302.07476487361885,9,2.3765276011841623,1,0,0,24.125842338410344,3,0
30.63916995329859,18,5.457243420652501,1,0,0,68.17403853564126,4,0
37.494159544009875,14,7.82663489536044,1,0,0,201.92660151751664,2,0
71.8329740534978,16,6.893172894141109,1,1,0,53.10720979050235,2,0
420.85006397076904,17,1.647011180253638,1,0,0,273.68176788101783,2,0
239.8477233991737,22,2.932774907852951,1,0,0,146.90299441065426,3,0
124.83520572016172,21,2.372367930348841,1,0,0,127.37080882406161,6,0
74.57442061612696,21,0.2840571863985505,2,0,0,70.77729725896873,5,0
113.54446299310997,19,2.314780191276495,1,0,0,81.37629200722715,1,0
51.58449934959204,7,1.2614289308870545,1,0,0,74.6525774536755,4,0
79.51761843247296,19,5.545928073683292,1,0,0,7.829202449106742,1,0
267.45480451230804,7,4.583981899339802,1,0,0,260.99591369384666,5,0
49.709128682042845,10,0.09990231345540396,2,0,0,56.96263281205626,0,0
246.34428037050645,11,4.595911455653347,2,0,0,115.95394346765251,4,0
46.70740717559194,20,9.474781814142437,1,1,0,182.82897522921527,0,0
159.77146029887086,21,1.4985923337208922,1,0,0,71.9647345950978,5,0
23.430071865392225,6,0.29870978105468327,1,0,0,68.76696190528955,2,0
141.1505729328255,18,1.9932640065163365,1,0,0,92.92385510766256,7,0
217.81801868325087,10,4.008861593321223,1,0,0,47.91071945148379,2,0
80.51883827270233,17,4.24265698620334,1,0,1,217.7185465506408,0,0
30.556965738936153,19,4.282547563711791,1,0,0,61.741717841395726,3,0
70.24898029059324,11,11.001409479526245,1,0,0,51.290303601919376,2,0
389.33127928341196,4,325.655856522907,3,1,1,245.78726383285462,9,1
234.5900754308657,22,2.472415495515314,2,1,0,33.53789950874202,3,0
40.23866093429787,16,0.3290285661674703,1,0,0,51.34787507318062,1,0
39.04258395553536,11,5.732383096796601,1,0,0,55.41220190132237,7,0
38.04198507887458,15,2.451817006270628,1,0,0,106.35606529460856,1,0
48.75404203396755,10,4.765518929020978,1,0,0,35.897348896872145,3,0
52.02891916763508,18,0.14744808898992254,1,0,0,99.21813019399393,1,0
338.7546470867342,16,6.249424676602501,1,1,0,87.83389039285832,2,0
58.40143646898901,14,1.5897844947185327,1,0,0,23.658584073754486,3,0
56.90375681943771,22,1.456097114567851,1,0,0,24.271327380747042,3,0
14.966406658569808,11,2.5907872286327125,1,0,0,59.411382731975436,5,0
166.13334376287793,9,2.574300710528706,1,0,0,59.288397265027896,6,0
138.20820207440633,13,3.426372772970847,1,0,0,33.65177480909497,2,0
126.81449462308018,17,7.637954341898343,1,0,0,143.71246913405676,4,0
307.6554544682852,20,5.343283886623139,1,0,0,109.01989211078781,1,0
51.33856651615516,15,0.2309876167353225,1,0,0,77.55971913059399,5,0
11.179727821067129,12,5.033250216884527,2,0,0,62.4395018801237,0,0
48.97991307215003,20,0.7673815036935729,2,0,0,31.037404353159168,2,0
546.9449239014501,11,1.9598244002696183,1,0,0,81.15741892610501,1,0
90.47860886572876,14,1.9236992829225437,2,0,0,89.48629570689836,6,0
217.98296723702938,0,108.65482638334792,2,1,1,90.27362287167438,17,1
90.32149812820423,18,5.785555228411615,2,0,0,25.587477743263513,2,0
38.42927417851288,10,14.985065932532667,1,0,0,52.596309456033154,1,0
159.3621692841067,19,0.5982834844634165,1,0,0,43.22633514764944,3,0
402.1721673203191,7,2.95001004627873,1,0,0,44.92532726656193,3,0
233.33191564184415,8,4.137001251285584,2,0,0,76.06512451020876,4,0
295.1211799736696,12,12.996438234947071,1,0,1,39.0089762021523,4,0
55.89339403922225,19,5.724511431859744,1,0,0,65.39117376948528,1,0
177.45695443493975,14,2.6938446115118526,1,0,0,23.753148429499543,4,0
27.27063818137667,11,1.8146465565342897,1,0,0,61.01227077129573,9,0
464.98965598034493,15,2.380544062597939,2,0,0,77.1271925585348,1,0
129.49365484780887,18,0.4142108549513896,2,0,0,64.88899698021714,3,0
34.96172666515368,13,0.050870700110434666,2,0,0,48.09326663301207,1,0
47.9355389519907,13,10.434749105994817,1,0,0,305.57217461230624,4,0
38.30216941462414,12,11.930143900952592,1,0,0,50.958717165468414,0,0
141.26017641714796,9,1.0835435133643363,1,0,0,124.32782959570999,2,0
135.71404818576877,16,1.6704493861745509,1,0,0,116.94931120960169,7,0
82.18100064552668,12,4.446145335169873,1,0,0,90.3531540732551,4,0
105.12926454160798,20,3.946269024285443,2,0,0,36.61628028653292,1,0
115.26933714129079,16,4.952987242527264,2,0,0,160.2459803826819,3,0
96.13348169646366,15,0.16215046210560494,1,0,0,147.49886106467218,5,0
131.0212725825743,18,5.438417294123351,1,0,0,46.70314516521807,2,0
3.5209564094377916,14,8.395612074178736,1,0,0,344.40141624316425,3,0
119.01717830726709,7,0.4968700307581972,1,1,0,65.57088242901293,4,0
76.67537632368956,19,0.12610224180510232,1,0,0,189.95584399744644,2,0
267.61157524085957,19,7.067155377556446,1,0,0,64.92962564270812,4,0
281.5332485466186,22,0.2815323874968079,1,0,0,65.71128040312782,4,0
61.1908350580472,9,1.1625553749114945,1,0,1,49.85256399683537,1,0
44.32696723720848,13,3.004423912411685,1,0,0,37.56854643670957,3,0
40.81779785810918,21,5.4738319471328465,2,0,0,18.68704243083855,7,0
42.16138122920244,6,2.392315578994311,1,0,0,66.66721010022268,3,0
151.51573734551314,13,3.6520273536801406,1,1,0,100.58707912453497,3,0
211.28365032933593,12,1.1316717930119944,1,1,0,24.912249407356324,5,0
112.53214499610027,16,7.156628686939302,2,0,0,127.61776308084994,3,0
318.5268196707482,8,15.14213326046104,1,0,1,134.3196714733696,2,0
29.249958098274828,17,1.2907603778053578,1,0,0,200.870121382578,3,0
98.77503603743915,22,14.82118502333767,1,0,0,78.05378428175683,5,0
200.32517113329664,6,5.096538668122733,1,0,0,59.73515703988552,3,0
128.82483561880358,15,2.5602500216900532,1,0,0,11.931150535588687,2,0
104.45753600560015,7,3.4744948207298236,1,0,0,184.97903077469434,1,0
185.8789744343203,8,13.508451072038438,1,0,0,72.49482551519417,5,0
40.30863547717921,13,3.776217054881537,1,0,0,33.70010006475532,2,0
18.551742153650643,22,11.7228102586195,2,0,0,207.76388915904678,0,0
37.43162659072843,19,4.409385321570872,1,0,0,115.06338889562132,5,0
47.67666899314014,12,7.4275239634966965,1,0,0,55.705589831213075,2,0
77.91664395983426,13,2.7461682898703206,2,0,0,109.03236805353745,3,0
155.59629452872178,18,2.393667096019373,1,0,0,76.81728064671692,2,0
286.97096497303585,18,11.226828057672618,1,0,0,149.82353656544532,0,0
91.94794951799538,10,0.2921268200918089,1,0,0,65.8615153971567,2,0
39.80889838652148,9,3.3201856303803745,1,1,0,74.71263616563574,3,0
181.0576828511671,20,0.6784874330406205,2,0,0,285.22507614563585,4,0
26.323192785698176,20,1.3833427075909885,2,1,0,60.921611819262466,3,0
13.01252369057042,6,0.11342110454216701,1,0,0,98.64272100125594,2,0
104.9753022628542,15,9.711114268454619,1,0,0,81.54405949099313,3,0
32.49642368870483,11,14.462949980115079,1,0,0,66.61661742689836,3,0
57.08038137373059,11,5.202791349541107,1,0,0,64.71250467707065,3,0
323.06600591726254,12,1.5529537743520279,2,0,0,159.17460666294866,2,0
61.12373776531342,11,1.7528308472230048,1,0,0,14.40720862885568,4,0
161.62832941624703,12,13.758230031848118,1,0,0,172.72472953120126,3,0
233.4597063050609,19,1.8053900219447323,1,0,0,148.02389479040062,2,0
124.51903606690577,18,2.4971192930506163,1,1,0,542.5602458884995,3,0
265.88163888987503,17,1.7424255481800686,2,0,0,17.194861136545576,1,0
305.155443870408,12,7.75308057448007,1,0,0,65.19701152553543,4,0
10.061800741828373,17,6.959912953329716,1,0,0,107.09667819269016,2,0
1097.6211190837919,9,1.9187321605376015,2,1,0,72.79609670832667,7,0
7.340657596838117,16,17.547717037973886,1,0,0,52.42327598321785,2,0
601.773985169127,6,3.4831483971574446,1,0,0,55.6628283083157,0,0
59.46411964199425,13,1.2649738822156529,1,0,0,223.5512063203067,3,0
137.53652008290643,22,1.7158806873350279,1,0,0,57.97042786909379,4,0
91.79883588709976,13,10.559225381954121,1,0,0,55.13688798020356,3,0
664.8064268810781,5,356.78680228114393,3,1,1,53.81336850016721,25,1
14.906319649649799,9,10.025617646609257,1,0,0,45.15176782009227,6,0
15.361570480134123,19,3.409768264465108,1,0,0,121.30117656698933,2,0
372.59954908808663,12,1.6857651209773616,1,0,0,80.66833256442264,2,0
93.13109239286294,17,7.108061788421185,1,0,0,48.74606149999406,5,0
226.79057605552555,21,12.079560880362921,1,0,0,86.61999622853418,3,0
50.818169504287894,18,0.5152905632570766,1,0,0,114.25278325188589,4,0
34.635439492401886,9,2.7870626999889114,1,0,0,122.56174130390625,3,0
41.472774505383775,13,0.6470363545708302,1,0,0,77.7362341976275,0,0
211.70663258179317,16,8.552684216254686,1,0,0,78.64524745324277,2,0
340.81474572392875,15,9.905127087958432,1,0,0,85.06909649235494,0,0
1088.9830057429178,14,1.0862617005017985,2,0,0,40.404464223656184,0,0
99.83692990011737,11,10.755905430390005,1,0,0,35.748153800700145,3,0
225.68814875597408,11,9.924235195249539,1,0,0,56.1444037537216,5,0
31.310991437297705,17,1.005344828932206,2,0,0,135.30393037299876,5,0
205.05534445996588,9,0.8604692550158866,2,0,0,45.82896333387024,4,0
270.64862650334874,18,2.2259791263249844,1,0,0,120.1260344504647,4,0
669.2066378588075,8,1.7575950325359018,2,0,0,160.50615812294797,2,0
44.36986200050723,10,1.449099425977508,1,0,0,67.19394521363013,3,0
76.47264047822412,7,4.603837046940821,2,0,0,260.9933529321782,2,0
52.27797890002999,19,6.929477456639162,2,0,0,74.4173296492101,2,0
375.72508077840746,19,14.602182609186025,2,0,0,93.20959106281389,1,0
7.403397248576168,15,0.24742738520773871,1,0,0,26.378263033890992,4,0
327.68747509370996,22,0.7075011790792032,1,0,0,32.698243963361236,3,0
12.713461730535313,9,1.076218644853249,2,0,0,72.53506275540624,3,0
111.51609621253887,13,6.36444042051855,1,0,0,220.77546195984928,3,0
248.62288331257986,15,10.04720671384096,1,1,0,109.17794347647322,2,0
10.731319394250473,12,3.810536942657703,1,0,0,137.4141063507924,3,0
51.07498729464901,19,4.0955342557497945,1,0,0,85.85946413522356,5,0
215.32598856124295,16,1.3217343532081693,1,0,0,240.62125673187185,2,0
92.5900011952603,10,2.120967255380282,1,0,0,120.72627595735781,1,0
24.342491260595317,22,0.6716043126668678,1,0,0,80.61065939177709,3,0
42.3571774598325,18,1.3323981571782806,1,1,0,10.482986507141083,4,0
114.17492793675015,22,3.54677401530377,1,0,0,59.920123242786794,5,0
49.017531160342884,17,0.4216527073804258,1,0,0,87.18464256289786,3,0
57.867219828410505,21,4.544769382892829,1,0,0,35.69517419909273,3,0
1504.5263181662508,1,822.9412057276803,5,1,0,108.90782983300818,13,1
193.25871463234247,15,4.2792319785115565,2,0,0,92.23406951792403,2,0
78.68898750632661,22,3.9643414507658297,1,0,0,139.107243771403,2,0
49.35863988168078,7,3.3632985348869946,1,0,0,110.61184861044845,2,0
36.83634182572724,18,7.840265308495059,1,0,0,150.69787067748993,5,0
100.42472800805551,6,7.297809417093348,1,0,0,49.823651784071345,5,0
132.38971618687577,7,10.998271074575195,1,0,0,76.97118969329611,2,0
62.13973677234793,19,2.4121802459275825,1,1,0,159.58249779940377,1,0
151.9001178949988,18,12.09530860649264,1,0,0,64.0605104212565,0,0
16.96921366024901,11,1.26411087213746,2,0,0,83.95901843373589,1,0
244.27897153280554,20,4.165906154761013,2,0,0,115.5849438476092,5,0
25.93292897344683,6,0.8496208674781685,1,0,1,90.84806427944196,2,0
75.81728842102524,17,4.356587016690138,2,1,0,181.6343545239103,4,0
43.17186899488173,20,6.208643334147333,1,0,0,153.8005827015058,2,0
233.42820280740364,21,7.909138286694964,1,1,0,230.17524776215868,0,0
236.02209488929458,15,15.060346269458693,1,0,0,262.52665299343323,1,0
479.7974070463832,18,1.785024617329065,2,0,0,45.96326936305922,3,0
320.2992361762184,15,0.05565423368615688,2,1,0,41.144061583116766,2,0
13.80447220553939,7,7.885651323345904,2,0,0,45.54736845928678,4,0
163.2086536328872,10,19.32903964280548,1,0,0,90.39287654639354,2,0
542.3316274507007,14,0.07297333252057946,2,1,0,103.91894672973632,3,0
5.206823050932895,19,11.815259888847065,1,0,0,203.62518014958246,2,0
112.6949629529507,19,6.162681863065169,1,0,0,94.60648590916087,2,0
306.10749901736085,16,1.321702609523254,1,1,0,95.0044911694693,1,0
379.23998145362617,9,4.313909318181938,1,0,0,67.23190337060025,2,0
167.85279043931789,9,7.311775928580255,2,0,0,39.451592303445764,5,0
18.500112871975322,7,0.28071246077184514,1,1,0,84.56945731962762,3,0
150.66145008102038,14,2.162189929915615,2,0,0,14.31782031153413,3,0
217.27128212844045,11,8.703790648027121,1,0,0,168.48174595258757,2,0
58.57834104216159,18,0.6931910910256912,1,0,0,29.51055370984858,3,0
134.37597280567783,19,6.637376373903928,1,0,0,115.37474039841577,2,0
10.915259445783725,12,6.0445090212770936,2,0,0,39.68663230348708,3,0
22.229770992271266,10,3.3487109173655676,1,0,0,79.30494763396462,2,0
123.239485193359,8,8.652696353271569,2,0,0,94.46403588683404,7,0
166.2542050467572,12,1.1639627865644937,1,0,0,142.09693754955407,0,0
48.699894117313455,22,2.2006066157386517,1,0,0,46.50639867689399,4,0
34.35005633861725,17,0.6009756327711689,1,0,0,21.26985955397994,2,0
182.97554580938873,8,7.5087929280581776,2,1,0,118.00877313224747,2,0
109.75134727353732,14,2.359268606425857,2,1,0,115.47673170002072,3,0
227.29699061926772,9,0.5607081784583385,1,0,0,108.39579859530673,6,0
485.41989472862457,6,3.3325302802280925,1,0,0,182.22603086325387,5,0
289.2287025055536,18,5.446440612954897,2,0,0,43.13137347771552,4,0
178.04780216237683,19,5.322567074202365,1,0,0,33.229435905125875,1,0
158.18858148442675,19,12.155040814241367,1,0,0,64.63898989140615,2,0
43.39731314951597,19,0.7399731750575607,1,0,0,241.82375437242246,2,0
434.4786410815573,8,7.658186138759808,1,0,0,120.40274945998588,4,0
26.86438116055884,11,0.46900268630886194,1,0,0,35.12321470399108,0,0
160.75111274386887,22,6.769656913881297,1,1,0,96.36322037577096,1,0
84.68195153468916,8,2.0323108206781066,1,0,0,63.40539861920616,0,0
42.234440888518684,14,3.379460053553664,1,0,0,20.15013585381137,3,0
22.21841771690153,22,1.7936334821500624,1,0,0,65.35051461302704,3,0
147.21869046566104,9,3.417994641271733,1,0,0,31.05747739970464,4,0
202.6956456768511,6,3.3622589962604756,1,0,0,90.26408688565007,1,0
133.0022698204602,17,7.889519899499274,2,0,0,30.02573304468843,1,0
17.68992165048346,11,3.9964565010143422,2,0,0,115.69231538102738,3,0
19.61711087725664,16,6.043668172080883,2,0,0,65.31170453767206,1,0
376.66898648580525,10,6.4678069000722305,1,0,0,28.282637878166476,2,0
310.7368314860086,20,5.322749236699745,1,0,0,91.17436005832555,4,0
42.602116510164905,8,14.472709190788144,2,0,0,849.2391705015787,5,0
212.395715359375,9,1.492159983486224,1,0,0,74.72589540762293,2,0
99.65589564905895,14,2.613601957244882,1,0,0,49.831461116221,4,0
202.86197514512168,10,10.20077218882907,1,0,0,42.310445560825464,5,0
133.01539187761907,15,0.1039798565414091,1,0,0,19.755615821220385,3,0
20.68710271344082,19,1.7189445287061547,2,0,0,107.31869083392327,3,0
25.270506220654827,16,1.879199384920434,1,0,0,69.97028316666065,4,0
215.1974473128503,21,0.30225885165816985,1,0,0,93.80890523948203,7,0
135.82368776214798,21,2.7159307450550036,1,0,0,111.58521201466925,2,0
23.146071731799207,15,22.8820723158047,1,0,0,61.7117993964796,3,0
78.13782437874684,22,2.0431820584427385,1,0,0,36.933943198843345,2,0
450.1229041359753,22,13.585463622950302,1,0,0,195.67986320714266,6,0
537.6672985047144,10,13.487111319683295,1,0,0,148.7858893039483,0,0
88.55086245449378,8,5.91432284211285,1,0,0,115.82529512847087,1,0
57.6414853484382,8,0.34703232225171854,2,0,0,119.4560537688789,7,0
68.39886634815014,17,0.8861612996602362,1,0,0,76.75425571299769,7,0
116.36721047484414,7,1.626514504208905,1,0,0,44.78977834801151,4,0
27.270713167020297,22,0.04952865038650458,2,0,0,75.5145880574138,1,0
152.6029346887727,18,4.80847429867841,1,0,0,112.18235032855777,5,0
185.87623415223595,9,2.5129982560002433,1,0,0,53.235102531617414,5,0
46.92647412102038,14,0.05974042843058998,1,0,0,69.86699126593513,3,0
14.017926284747476,17,5.18102994594636,2,0,0,101.717189681186,3,0
133.6143907268868,8,1.2766840018172045,1,0,0,10.141669845635661,2,0
67.95866869772887,15,6.37762065179181,1,0,0,287.98918076190535,0,0
102.13216769590208,6,8.023548987729024,1,0,1,126.72146363334295,4,0
197.7660178241645,21,3.306226560514192,1,0,0,88.80178802532188,3,0
91.84537594725091,15,0.7586595792210477,2,0,0,83.53237604134459,3,0
57.09982747385978,21,10.642092313441765,2,0,0,101.37402734758875,4,0
1130.448424288734,16,0.6584595166239622,1,0,0,28.08057231539436,4,0
160.8653511869366,12,3.3298987109808493,1,0,0,70.64915692587611,3,0
22.83414197043353,12,1.4775555227513304,1,0,0,32.97146561848675,2,0
50.718969680958914,9,4.798317917454697,1,1,0,128.41802525981706,2,0
460.2900798436985,20,1.4701245387965731,1,1,0,115.62549497914556,3,0
117.2478664008624,10,6.442943225058092,1,0,0,30.236977807875732,5,0
8.245731170317493,9,2.8777906161033706,1,0,0,133.68414285280593,4,0
180.02677813878805,11,5.294118455373863,1,0,0,81.88417154105201,2,0
4.918540207464081,17,1.9735593952385861,2,1,0,222.9807311522751,4,0
58.40272114319949,14,1.0245252392345614,1,0,0,149.84574947018552,4,0
18.72342249842736,10,1.6672063449203938,2,0,0,79.1942309431376,2,0
108.53873350729549,11,4.01891875887277,1,1,0,51.0356133557577,4,0
22.041186245247296,10,1.670734214791243,1,0,0,92.14449037329804,4,0
102.94207135597054,19,2.1087992511910416,1,0,0,93.04802324564494,0,0
237.31047440787475,14,5.9985866922064615,1,0,0,202.5553989323575,4,0
670.801328878015,19,1.1708516692579989,1,0,0,143.4369682867289,2,0
59.507660830963665,10,2.5823867541997982,2,0,0,121.94794026678817,2,0
73.58994989361443,13,2.184731279291298,1,0,0,248.3555822732183,1,0
56.556083610115216,19,6.865433148147323,1,0,0,217.63852873562868,6,0
188.8620683119037,12,9.59766703506254,1,0,0,46.39573051381184,2,0
95.89291944881448,9,1.315579194819412,1,0,0,63.46599400011863,4,0
104.51618199672413,7,7.0042719719643065,1,1,0,106.55060407612432,4,0
372.4805936140011,13,1.6726420773051056,1,0,0,336.8754261503841,2,0
179.98213288931962,20,12.375955986548483,1,0,0,242.0214146985953,2,0
170.80848106598435,7,14.620366457730572,1,0,0,34.72674391403125,4,0
55.210357867840045,18,10.228860915490927,1,0,0,266.9203471286031,5,0
36.455500722955115,21,4.716800726721217,1,0,0,147.49508232072742,4,0
101.26161530422121,21,13.79783893936394,1,0,0,32.05115940396169,2,0
66.98841419469002,17,8.468276632221126,1,0,0,75.87925511814802,2,0
115.13249726941172,15,0.8133029083164429,1,0,0,51.076296120826214,2,0
23.67733901206285,8,0.8284877954659753,1,0,0,17.51406241103058,1,0
656.5908776779079,14,0.02274020041991254,1,0,0,18.528894395273472,2,0
19.78952535638831,9,6.33616941277049,1,0,0,345.7988148318572,4,0
33.15069307835722,9,7.711681544373471,2,0,0,45.756805010196445,1,0
28.473844139130428,11,10.79089383283209,1,0,0,101.9870647721544,5,0
89.18382409024936,20,1.4183501089130492,1,0,0,32.38633890709717,2,0
64.93277064110579,13,7.670214054785233,1,0,0,248.8702300366417,1,0
124.93844460384273,21,1.9315135508644155,1,0,0,38.22749852039793,3,0
46.92532226622791,21,0.9920968540314674,1,0,0,64.04891436459495,1,0
33.71626975112462,21,2.6546225260081795,1,1,0,333.3920187213528,3,0
101.17282308245248,19,0.10648597237771376,2,0,0,63.28538031459118,2,0
51.21602707863616,7,5.736966476463369,2,0,0,14.367937367850041,6,0
66.65526586823897,16,2.535771977832915,1,0,0,104.29557613390882,0,0
33.46070828445956,20,3.7687761232341805,2,0,0,106.699516653152,3,0
28.874738624987764,9,3.3320778358075724,1,0,0,142.93983454662677,2,0
127.88935392460937,15,0.04768766778527615,2,0,0,98.84811729493046,1,0
309.11837011099465,21,1.7514585125733995,2,0,0,195.4576062824353,5,0
75.61432445062732,19,11.981945210186609,2,0,0,119.46830134342422,4,0
181.7320435363874,15,5.873163385336194,1,0,0,70.09154555712377,4,0
551.3934159964564,19,2.6860380224410547,1,0,0,195.09941835242626,2,0
295.2077626031059,11,4.507880800106902,1,0,0,63.06027977561144,1,0
548.7433279436776,8,6.259019150421389,1,0,0,151.89427469341925,1,0
23.378643964924777,9,1.209259462312315,1,0,0,146.7187945052387,3,0
127.78769018668741,21,2.400108203135446,1,0,0,58.399223237694606,2,0
166.3620936818419,7,2.837460955512725,1,0,0,240.65453269481924,4,0
103.50849530363159,14,1.4212740636055705,2,0,0,524.1540795563568,1,0
50.69956967622678,13,15.386782119835447,1,0,0,86.13285954671723,2,0
86.37578004793158,10,12.954288112190966,1,0,0,133.04212989705837,4,0
44.72736290572048,14,6.993780933293055,1,0,0,15.462563136748376,3,0
110.26902048484064,17,6.662933478614679,2,0,0,232.6337318312171,2,0
16.156587344857005,9,1.8167368248117857,1,0,0,115.78451276638474,2,0
